project_key,project_name,key,title,type,status,status_category,assignee_id,assignee_name,estimate,estimate_unit,start_date,due_date,parent_key,depends_on,created_at,updated_at,resolved_at,labels
ERPFIN,Aurora ERP: Finance & Controlling,ERPFIN-1,CO-PA: fit-gap and process design,epic,Done,done,u-lucas.wilson,Lucas Wilson,,points,2025-11-30,2026-03-13,,,2025-10-20T17:54:20Z,2026-03-15T00:00:00Z,2026-03-15T00:00:00Z,co-pa;wave1;explore
ERPFIN,Aurora ERP: Finance & Controlling,ERPFIN-2,FI-AR: fit-gap and process design,epic,Closed,done,,,,points,2025-12-10,2026-02-21,,,2025-10-23T18:30:40Z,2026-02-23T00:00:00Z,2026-02-23T00:00:00Z,fi-ar;wave1;explore
ERPFIN,Aurora ERP: Finance & Controlling,ERPFIN-3,FI-AP: fit-gap and process design,epic,Done,done,,,,points,2025-12-05,2026-03-07,,,2025-10-30T20:10:09Z,2026-03-09T00:00:00Z,2026-03-09T00:00:00Z,fi-ap;wave1;explore
ERPFIN,Aurora ERP: Finance & Controlling,ERPFIN-4,FI-GL: fit-gap and process design,epic,In Review,in_progress,u-joao.kim,João Kim,,points,2025-12-08,2026-02-27,,,2025-10-31T07:44:20Z,2026-08-12T00:00:00Z,,fi-gl;wave1;explore
ERPFIN,Aurora ERP: Finance & Controlling,ERPFIN-5,CO-PC: fit-gap and process design,epic,In Progress,in_progress,u-nikhil.almeida,Nikhil Almeida,,points,2025-11-28,2026-02-25,,,2025-11-02T10:37:25Z,2026-08-16T00:00:00Z,,co-pc;wave1;explore
ERPFIN,Aurora ERP: Finance & Controlling,ERPFIN-6,Fit-gap workshop: cost center standard hierarchy,task,Closed,done,u-gustavo.martins,Gustavo Martins,13,points,,2025-12-14,ERPFIN-5,,2025-11-03T09:22:09Z,2025-12-21T22:35:27Z,2025-12-21T10:01:09Z,co-pc;wave1;explore
ERPFIN,Aurora ERP: Finance & Controlling,ERPFIN-7,FI-AA: fit-gap and process design,epic,Closed,done,,,,points,2025-12-02,2026-03-09,,,2025-11-03T10:43:57Z,2026-03-11T00:00:00Z,2026-03-11T00:00:00Z,fi-aa;wave1;explore
ERPFIN,Aurora ERP: Finance & Controlling,ERPFIN-8,Fit-gap workshop: CCA classes for Canadian tax,task,Done,done,u-joao.kim,João Kim,5,points,,2025-12-25,ERPFIN-7,,2025-11-04T14:14:03Z,2025-12-26T14:07:03Z,2025-12-25T15:36:50Z,fi-aa;wave1;explore
ERPFIN,Aurora ERP: Finance & Controlling,ERPFIN-9,Fit-gap workshop: activity types and rates,task,Done,done,u-kevin.almeida,Kevin Almeida,1,points,2025-12-01,,ERPFIN-5,ERPFIN-102,2025-11-04T20:42:04Z,2025-12-20T17:15:58Z,2025-12-19T07:09:41Z,co-pc;wave1;explore
ERPFIN,Aurora ERP: Finance & Controlling,ERPFIN-10,Fit-gap workshop: vendor Business Partner roles,task,Done,done,u-isabela.iyer,Isabela Iyer,3,points,2025-12-05,2025-12-17,ERPFIN-3,,2025-11-09T12:02:43Z,2025-12-17T15:53:35Z,2025-12-15T18:53:48Z,fi-ap;wave1;explore
ERPFIN,Aurora ERP: Finance & Controlling,ERPFIN-11,Process design document: profitability characteristics,story,Closed,done,u-gustavo.martins,Gustavo Martins,2,points,2025-12-05,2025-12-24,ERPFIN-1,ERPFIN-14,2025-11-09T17:31:28Z,2026-01-05T10:46:10Z,2026-01-03T20:12:51Z,co-pa;wave1;explore
ERPFIN,Aurora ERP: Finance & Controlling,ERPFIN-12,TR: fit-gap and process design,epic,Closed,done,u-lucas.wilson,Lucas Wilson,,points,2025-12-01,2026-02-27,,,2025-11-10T10:17:46Z,2026-03-01T00:00:00Z,2026-03-01T00:00:00Z,tr;wave1;explore
ERPFIN,Aurora ERP: Finance & Controlling,ERPFIN-13,Fit-gap workshop: company code 2000 (Vetra US),task,Closed,done,u-kevin.almeida,Kevin Almeida,3,points,2025-12-10,2025-12-25,ERPFIN-4,,2025-11-14T05:25:14Z,2025-12-24T18:52:08Z,2025-12-23T19:23:07Z,fi-gl;wave1;explore
ERPFIN,Aurora ERP: Finance & Controlling,ERPFIN-14,Fit-gap workshop: profitability characteristics,task,Done,done,u-gustavo.martins,Gustavo Martins,8,points,,2025-12-14,ERPFIN-1,,2025-11-16T15:23:09Z,2025-12-16T08:05:20Z,2025-12-16T02:58:33Z,co-pa;wave1;explore
ERPFIN,Aurora ERP: Finance & Controlling,ERPFIN-15,Fit-gap workshop: bank account management,task,Closed,done,u-lucas.wilson,Lucas Wilson,2,points,2025-12-08,2025-12-22,ERPFIN-12,ERPFIN-570,2025-11-16T17:06:16Z,2025-12-29T10:27:10Z,2025-12-28T02:20:56Z,tr;wave1;explore
ERPFIN,Aurora ERP: Finance & Controlling,ERPFIN-16,Fit-gap workshop: house banks RBC and TD,task,Done,done,u-nadia.gagnon,Nadia Gagnon,13,points,,,ERPFIN-12,,2025-11-16T17:54:12Z,2025-12-26T01:25:15Z,2025-12-25T22:11:08Z,tr;wave1;explore
ERPFIN,Aurora ERP: Finance & Controlling,ERPFIN-17,Fit-gap workshop: customer Business Partner roles,task,Closed,done,u-ana.chen,Ana Chen,13,points,2025-12-10,2025-12-21,ERPFIN-2,,2025-11-19T15:25:09Z,2025-12-23T03:41:51Z,2025-12-21T18:52:16Z,fi-ar;wave1;explore
ERPFIN,Aurora ERP: Finance & Controlling,ERPFIN-18,Process design document: chart of accounts VETRA,story,Done,done,u-mariana.martins,Mariana Martins,3,points,,2025-12-29,ERPFIN-4,ERPFIN-38,2025-11-20T10:21:55Z,2025-12-29T20:50:34Z,2025-12-29T12:13:15Z,fi-gl;wave1;explore
ERPFIN,Aurora ERP: Finance & Controlling,ERPFIN-19,Fit-gap workshop: payment terms and cash discount,task,Closed,done,u-gustavo.nguyen,Gustavo Nguyen,3,points,,2025-12-27,ERPFIN-3,,2025-11-20T15:35:01Z,2025-12-29T03:00:32Z,2025-12-28T13:48:56Z,fi-ap;wave1;explore
ERPFIN,Aurora ERP: Finance & Controlling,ERPFIN-20,Fit-gap workshop: GST/HST tax codes,task,Closed,done,u-nikhil.almeida,Nikhil Almeida,8,points,,,ERPFIN-4,,2025-11-22T20:43:17Z,2026-01-06T01:43:02Z,2026-01-04T20:01:03Z,fi-gl;wave1;explore
ERPFIN,Aurora ERP: Finance & Controlling,ERPFIN-21,Fit-gap workshop: cash position and liquidity forecast,task,Closed,done,u-gustavo.martins,Gustavo Martins,3,points,2025-12-15,2026-01-03,ERPFIN-12,,2025-11-22T23:39:39Z,2026-01-06T20:18:49Z,2026-01-05T02:18:32Z,tr;wave1;explore
ERPFIN,Aurora ERP: Finance & Controlling,ERPFIN-22,Process design document: asset classes and depreciation keys,story,Done,done,u-lucas.wilson,Lucas Wilson,2,points,,2025-12-25,ERPFIN-7,ERPFIN-39,2025-11-23T20:40:08Z,2025-12-28T05:23:21Z,2025-12-26T10:47:14Z,fi-aa;wave1;explore
ERPFIN,Aurora ERP: Finance & Controlling,ERPFIN-23,Fit-gap workshop: automatic payment program F110,task,Closed,done,u-gustavo.martins,Gustavo Martins,8,points,,2025-12-30,ERPFIN-3,,2025-11-25T11:42:20Z,2025-12-29T23:03:23Z,2025-12-29T06:06:10Z,fi-ap;wave1;explore
ERPFIN,Aurora ERP: Finance & Controlling,ERPFIN-24,Fit-gap workshop: company code 1000 (Vetra Canada),task,Done,done,u-gustavo.martins,Gustavo Martins,8,points,2025-12-08,,ERPFIN-4,,2025-11-25T19:20:27Z,2026-01-01T04:06:47Z,2025-12-30T09:23:01Z,fi-gl;wave1;explore
ERPFIN,Aurora ERP: Finance & Controlling,ERPFIN-25,Process design document: company code 1000 (Vetra Canada),story,In Review,in_progress,u-ana.chen,Ana Chen,3,points,,2025-12-30,ERPFIN-4,ERPFIN-24,2025-11-26T01:33:03Z,2026-08-22T16:37:37Z,,fi-gl;wave1;explore
ERPFIN,Aurora ERP: Finance & Controlling,ERPFIN-26,Fit-gap workshop: account-based CO-PA activation,task,Closed,done,u-gustavo.martins,Gustavo Martins,2,points,,2025-12-26,ERPFIN-1,,2025-11-26T20:11:35Z,2026-01-06T06:58:30Z,2026-01-06T05:51:09Z,co-pa;wave1;explore
ERPFIN,Aurora ERP: Finance & Controlling,ERPFIN-27,Fit-gap workshop: profit center structure,task,Done,done,u-gustavo.martins,Gustavo Martins,3,points,,2026-01-03,ERPFIN-1,,2025-11-27T01:28:57Z,2026-01-09T18:32:52Z,2026-01-07T19:36:27Z,co-pa;wave1;explore
ERPFIN,Aurora ERP: Finance & Controlling,ERPFIN-28,Process design document: dunning procedure,story,Closed,done,u-gustavo.martins,Gustavo Martins,5,points,,2026-01-04,ERPFIN-2,ERPFIN-43,2025-11-27T09:46:13Z,2026-01-14T11:09:44Z,2026-01-13T23:19:56Z,fi-ar;wave1;explore
ERPFIN,Aurora ERP: Finance & Controlling,ERPFIN-29,Process design document: profit center structure,story,Done,done,,,2,points,2025-12-24,2026-01-14,ERPFIN-1,ERPFIN-27;ERPFIN-245,2025-11-27T19:39:52Z,2026-01-18T18:54:09Z,2026-01-17T06:27:17Z,co-pa;wave1;explore
ERPFIN,Aurora ERP: Finance & Controlling,ERPFIN-30,Fit-gap workshop: bank communication management,task,Done,done,u-gustavo.martins,Gustavo Martins,5,points,,2026-01-10,ERPFIN-12,,2025-11-28T00:25:27Z,2026-01-15T12:46:04Z,2026-01-13T14:05:58Z,tr;wave1;explore
ERPFIN,Aurora ERP: Finance & Controlling,ERPFIN-31,Process design document: bank account management,story,Backlog,todo,,,13,points,,,ERPFIN-12,ERPFIN-15,2025-11-28T02:19:07Z,2026-07-03T07:20:18Z,,tr;wave1;explore
ERPFIN,Aurora ERP: Finance & Controlling,ERPFIN-32,Fit-gap workshop: lockbox and CAMT.053 statement import,task,Closed,done,u-isabela.weber,Isabela Weber,2,points,,2026-01-04,ERPFIN-2,,2025-11-28T07:02:41Z,2026-01-02T14:03:10Z,2026-01-02T06:59:25Z,fi-ar;wave1;explore
ERPFIN,Aurora ERP: Finance & Controlling,ERPFIN-33,Process design document: activity types and rates,story,Closed,done,u-isabela.weber,Isabela Weber,3,points,,2025-12-29,ERPFIN-5,ERPFIN-9,2025-11-28T07:16:48Z,2025-12-27T22:43:25Z,2025-12-26T20:14:51Z,co-pc;wave1;explore
ERPFIN,Aurora ERP: Finance & Controlling,ERPFIN-34,Fit-gap workshop: document splitting,task,Done,done,u-ana.chen,Ana Chen,5,points,,2026-01-04,ERPFIN-4,,2025-11-28T08:36:55Z,2026-01-06T13:38:56Z,2026-01-05T17:34:04Z,fi-gl;wave1;explore
ERPFIN,Aurora ERP: Finance & Controlling,ERPFIN-35,Fit-gap workshop: costing variant PPC1,task,Done,done,u-nikhil.almeida,Nikhil Almeida,5,points,,,ERPFIN-5,,2025-11-29T05:00:00Z,2025-12-25T09:26:56Z,2025-12-23T12:39:26Z,co-pc;wave1;explore
ERPFIN,Aurora ERP: Finance & Controlling,ERPFIN-36,Process design document: automatic payment program F110,story,Done,done,u-mariana.martins,Mariana Martins,3,points,,,ERPFIN-3,ERPFIN-23;ERPFIN-440,2025-11-29T08:13:43Z,2026-01-19T13:44:34Z,2026-01-19T05:43:17Z,fi-ap;wave1;explore
ERPFIN,Aurora ERP: Finance & Controlling,ERPFIN-37,Fit-gap workshop: plan/actual reporting,task,Closed,done,u-gustavo.martins,Gustavo Martins,8,points,,,ERPFIN-1,,2025-11-29T21:00:24Z,2026-01-28T08:02:24Z,2026-01-26T15:27:18Z,co-pa;wave1;explore
ERPFIN,Aurora ERP: Finance & Controlling,ERPFIN-38,Fit-gap workshop: chart of accounts VETRA,task,Done,done,u-samuel.martins,Samuel Martins,2,points,2025-12-08,2025-12-23,ERPFIN-4,,2025-11-30T11:25:08Z,2025-12-21T08:12:20Z,2025-12-19T23:31:43Z,fi-gl;wave1;explore
ERPFIN,Aurora ERP: Finance & Controlling,ERPFIN-39,Fit-gap workshop: asset classes and depreciation keys,task,Done,done,u-gustavo.nguyen,Gustavo Nguyen,5,points,,2025-12-19,ERPFIN-7,,2025-12-01T13:51:35Z,2025-12-26T00:52:56Z,2025-12-24T02:29:53Z,fi-aa;wave1;explore
ERPFIN,Aurora ERP: Finance & Controlling,ERPFIN-40,Process design document: customer Business Partner roles,story,Closed,done,u-gustavo.nguyen,Gustavo Nguyen,3,points,,2025-12-27,ERPFIN-2,ERPFIN-17,2025-12-02T09:04:08Z,2026-01-02T09:49:17Z,2025-12-31T11:04:11Z,fi-ar;wave1;explore
ERPFIN,Aurora ERP: Finance & Controlling,ERPFIN-41,Process design document: GST/HST tax codes,story,Closed,done,u-gustavo.nguyen,Gustavo Nguyen,3,points,,,ERPFIN-4,ERPFIN-20,2025-12-02T12:33:05Z,2026-01-20T23:56:03Z,2026-01-19T07:45:34Z,fi-gl;wave1;explore
ERPFIN,Aurora ERP: Finance & Controlling,ERPFIN-42,Fit-gap workshop: asset under construction settlement,task,Closed,done,u-gustavo.nguyen,Gustavo Nguyen,5,points,,2026-01-04,ERPFIN-7,,2025-12-03T07:57:23Z,2025-12-31T09:57:12Z,2025-12-30T10:13:27Z,fi-aa;wave1;explore
ERPFIN,Aurora ERP: Finance & Controlling,ERPFIN-43,Fit-gap workshop: dunning procedure,task,Done,done,u-samuel.martins,Samuel Martins,13,points,2025-12-10,2025-12-25,ERPFIN-2,,2025-12-04T16:54:58Z,2025-12-25T01:06:21Z,2025-12-24T08:19:57Z,fi-ar;wave1;explore
ERPFIN,Aurora ERP: Finance & Controlling,ERPFIN-44,Process design document: house banks RBC and TD,story,Closed,done,u-joao.kim,João Kim,13,points,2025-12-05,,ERPFIN-12,ERPFIN-16,2025-12-05T07:45:11Z,2026-01-04T01:21:00Z,2026-01-03T21:06:42Z,tr;wave1;explore
ERPFIN,Aurora ERP: Finance & Controlling,ERPFIN-45,Fit-gap workshop: fiscal year variant and posting periods,task,Done,done,u-gustavo.martins,Gustavo Martins,5,points,,2026-01-13,ERPFIN-4,,2025-12-07T02:56:58Z,2026-01-17T10:52:00Z,2026-01-16T12:49:55Z,fi-gl;wave1;explore
ERPFIN,Aurora ERP: Finance & Controlling,ERPFIN-46,Process design document: invoice verification tolerances,story,Closed,done,u-gustavo.martins,Gustavo Martins,3,points,,,ERPFIN-3,ERPFIN-47,2025-12-07T09:02:50Z,2026-02-01T22:00:06Z,2026-01-31T22:43:55Z,fi-ap;wave1;explore
ERPFIN,Aurora ERP: Finance & Controlling,ERPFIN-47,Fit-gap workshop: invoice verification tolerances,task,Done,done,u-samuel.martins,Samuel Martins,5,points,,2026-01-16,ERPFIN-3,,2025-12-07T11:07:18Z,2026-01-27T18:58:06Z,2026-01-27T05:44:55Z,fi-ap;wave1;explore
ERPFIN,Aurora ERP: Finance & Controlling,ERPFIN-48,Fit-gap workshop: internal orders for capex,task,Closed,done,u-nadia.gagnon,Nadia Gagnon,2,points,,,ERPFIN-1,,2025-12-08T01:49:53Z,2026-01-20T17:43:12Z,2026-01-20T14:05:19Z,co-pa;wave1;explore
ERPFIN,Aurora ERP: Finance & Controlling,ERPFIN-49,Process design document: internal orders for capex,story,Done,done,u-isabela.iyer,Isabela Iyer,8,points,,,ERPFIN-1,ERPFIN-48,2025-12-08T06:55:31Z,2026-01-22T15:33:16Z,2026-01-21T21:07:07Z,co-pa;wave1;explore
ERPFIN,Aurora ERP: Finance & Controlling,ERPFIN-50,Fit-gap workshop: variance analysis for production orders,task,Blocked,in_progress,u-joao.kim,João Kim,2,points,2025-12-26,2026-01-17,ERPFIN-5,,2025-12-08T09:08:38Z,2026-08-15T11:15:36Z,,co-pc;wave1;explore
ERPFIN,Aurora ERP: Finance & Controlling,ERPFIN-51,Fit-gap workshop: material ledger actual costing,task,Ready,todo,,,8,points,,2026-01-02,ERPFIN-5,,2025-12-08T12:54:31Z,2026-06-27T12:24:31Z,,co-pc;wave1;explore
ERPFIN,Aurora ERP: Finance & Controlling,ERPFIN-52,Process design document: CCA classes for Canadian tax,story,Done,done,u-gustavo.martins,Gustavo Martins,13,points,,2026-01-06,ERPFIN-7,ERPFIN-8,2025-12-09T15:10:30Z,2026-01-03T16:52:45Z,2026-01-03T04:36:03Z,fi-aa;wave1;explore
ERPFIN,Aurora ERP: Finance & Controlling,ERPFIN-53,Fit-gap workshop: cash application rules,task,Closed,done,u-gustavo.martins,Gustavo Martins,3,points,,,ERPFIN-2,,2025-12-09T17:04:23Z,2026-01-16T01:59:52Z,2026-01-15T21:32:12Z,fi-ar;wave1;explore
ERPFIN,Aurora ERP: Finance & Controlling,ERPFIN-54,"Process design document: parallel ledgers (IFRS, local GAAP)",story,Closed,done,u-gustavo.martins,Gustavo Martins,5,points,,2026-01-24,ERPFIN-4,ERPFIN-60,2025-12-10T05:26:13Z,2026-01-29T18:10:11Z,2026-01-27T21:16:23Z,fi-gl;wave1;explore
ERPFIN,Aurora ERP: Finance & Controlling,ERPFIN-55,Process design document: material ledger actual costing,story,Done,done,u-daniel.souza,Daniel Souza,3,points,2025-12-24,,ERPFIN-5,ERPFIN-51,2025-12-10T07:15:31Z,2026-01-12T09:44:09Z,2026-01-11T11:26:50Z,co-pc;wave1;explore
ERPFIN,Aurora ERP: Finance & Controlling,ERPFIN-56,Fit-gap workshop: WIP calculation and settlement,task,Done,done,u-gustavo.martins,Gustavo Martins,1,points,,2026-01-06,ERPFIN-5,,2025-12-12T04:47:39Z,2026-01-16T06:06:27Z,2026-01-14T22:02:16Z,co-pc;wave1;explore
ERPFIN,Aurora ERP: Finance & Controlling,ERPFIN-57,Fit-gap workshop: customer statements,task,Closed,done,u-gustavo.nguyen,Gustavo Nguyen,5,points,,2026-01-20,ERPFIN-2,,2025-12-12T17:19:50Z,2026-02-02T12:56:13Z,2026-01-31T14:18:35Z,fi-ar;wave1;explore
ERPFIN,Aurora ERP: Finance & Controlling,ERPFIN-58,Process design document: costing variant PPC1,story,Done,done,u-nikhil.almeida,Nikhil Almeida,3,points,2025-12-16,2026-01-02,ERPFIN-5,ERPFIN-35,2025-12-13T19:06:47Z,2026-01-08T22:11:09Z,2026-01-07T22:15:10Z,co-pc;wave1;explore
ERPFIN,Aurora ERP: Finance & Controlling,ERPFIN-59,Fit-gap workshop: depreciation run AFAB,task,Closed,done,u-mariana.martins,Mariana Martins,1,points,,,ERPFIN-7,,2025-12-14T01:26:00Z,2026-01-24T21:38:35Z,2026-01-23T05:26:48Z,fi-aa;wave1;explore
ERPFIN,Aurora ERP: Finance & Controlling,ERPFIN-60,"Fit-gap workshop: parallel ledgers (IFRS, local GAAP)",task,Closed,done,u-nikhil.almeida,Nikhil Almeida,,points,,2026-01-17,ERPFIN-4,,2025-12-14T09:02:25Z,2026-01-14T03:07:09Z,2026-01-14T00:15:34Z,fi-gl;wave1;explore
ERPFIN,Aurora ERP: Finance & Controlling,ERPFIN-61,Fit-gap workshop: intercompany elimination,task,To Do,todo,,,5,points,,,ERPFIN-4,,2025-12-14T21:16:46Z,2026-07-22T19:50:31Z,,fi-gl;wave1;explore
ERPFIN,Aurora ERP: Finance & Controlling,ERPFIN-62,Process design document: WIP calculation and settlement,story,Closed,done,u-isabela.weber,Isabela Weber,3,points,2025-12-31,,ERPFIN-5,ERPFIN-56,2025-12-14T22:29:37Z,2026-01-27T16:14:05Z,2026-01-26T11:18:52Z,co-pc;wave1;explore
ERPFIN,Aurora ERP: Finance & Controlling,ERPFIN-63,Process design document: asset transfer from legacy JDE,story,Closed,done,u-gustavo.nguyen,Gustavo Nguyen,5,points,,2026-01-26,ERPFIN-7,ERPFIN-71,2025-12-15T10:15:26Z,2026-01-30T12:12:42Z,2026-01-29T04:36:07Z,fi-aa;wave1;explore
ERPFIN,Aurora ERP: Finance & Controlling,ERPFIN-64,Fit-gap workshop: impairment posting,task,Done,done,u-ana.chen,Ana Chen,2,points,2026-01-09,2026-01-27,ERPFIN-7,,2025-12-15T23:56:42Z,2026-01-27T02:20:33Z,2026-01-25T12:55:39Z,fi-aa;wave1;explore
ERPFIN,Aurora ERP: Finance & Controlling,ERPFIN-65,Process design document: document splitting,story,Closed,done,u-gustavo.martins,Gustavo Martins,5,points,,,ERPFIN-4,ERPFIN-34;ERPFIN-155,2025-12-16T09:14:03Z,2026-01-14T12:57:28Z,2026-01-14T06:57:43Z,fi-gl;wave1;explore
ERPFIN,Aurora ERP: Finance & Controlling,ERPFIN-66,Fit-gap workshop: ISO 20022 pain.001 payment file,task,Closed,done,u-gustavo.nguyen,Gustavo Nguyen,3,points,,2026-01-11,ERPFIN-3,,2025-12-16T15:50:39Z,2026-01-19T04:22:54Z,2026-01-18T21:25:53Z,fi-ap;wave1;explore
ERPFIN,Aurora ERP: Finance & Controlling,ERPFIN-67,Process design document: variance analysis for production orders,story,Done,done,u-gustavo.martins,Gustavo Martins,1,points,2026-01-04,2026-01-27,ERPFIN-5,ERPFIN-50,2025-12-17T20:06:11Z,2026-02-01T10:57:12Z,2026-02-01T01:19:06Z,co-pc;wave1;explore
ERPFIN,Aurora ERP: Finance & Controlling,ERPFIN-68,Fit-gap workshop: house banks RBC and TD for plant 1100 Guelph,task,Closed,done,u-ana.chen,Ana Chen,5,points,,,ERPFIN-12,,2025-12-17T20:53:10Z,2026-02-05T12:15:49Z,2026-02-04T21:27:31Z,tr;wave1;explore
ERPFIN,Aurora ERP: Finance & Controlling,ERPFIN-69,Fit-gap workshop: down payment process,task,Ready,todo,,,13,points,2026-01-06,2026-01-29,ERPFIN-3,ERPFIN-772,2025-12-17T21:04:33Z,2026-08-11T17:55:18Z,,fi-ap;wave1;explore
ERPFIN,Aurora ERP: Finance & Controlling,ERPFIN-70,Process design document: overhead costing sheet,story,Done,done,u-lucas.wilson,Lucas Wilson,5,points,,,ERPFIN-5,ERPFIN-81,2025-12-19T03:54:59Z,2026-02-09T08:53:01Z,2026-02-08T15:17:11Z,co-pc;wave1;explore
ERPFIN,Aurora ERP: Finance & Controlling,ERPFIN-71,Fit-gap workshop: asset transfer from legacy JDE,task,Closed,done,u-gustavo.martins,Gustavo Martins,3,points,,2026-01-13,ERPFIN-7,,2025-12-19T22:13:24Z,2026-01-10T16:55:17Z,2026-01-10T03:31:07Z,fi-aa;wave1;explore
ERPFIN,Aurora ERP: Finance & Controlling,ERPFIN-72,Fit-gap workshop: QST tax procedure for Quebec,task,Done,done,u-gustavo.martins,Gustavo Martins,1,points,,2026-01-10,ERPFIN-4,,2025-12-21T14:44:25Z,2026-01-18T06:00:21Z,2026-01-16T08:07:15Z,fi-gl;wave1;explore
ERPFIN,Aurora ERP: Finance & Controlling,ERPFIN-73,Fit-gap workshop: credit management (FSCM) limits,task,Done,done,u-nikhil.almeida,Nikhil Almeida,3,points,,2026-01-05,ERPFIN-2,,2025-12-21T14:53:36Z,2026-01-11T20:58:41Z,2026-01-10T03:09:11Z,fi-ar;wave1;explore
ERPFIN,Aurora ERP: Finance & Controlling,ERPFIN-74,Fit-gap workshop: chart of accounts VETRA for plant 1100 Guelph,task,Closed,done,u-kevin.almeida,Kevin Almeida,5,points,,2026-02-04,ERPFIN-4,,2025-12-22T15:10:07Z,2026-02-15T14:30:04Z,2026-02-15T07:31:02Z,fi-gl;wave1;explore
ERPFIN,Aurora ERP: Finance & Controlling,ERPFIN-75,Fit-gap workshop: period-end closing cockpit,task,Closed,done,u-mariana.martins,Mariana Martins,1,points,,2026-01-20,ERPFIN-4,,2025-12-22T22:07:33Z,2026-01-28T01:45:29Z,2026-01-26T14:19:11Z,fi-gl;wave1;explore
ERPFIN,Aurora ERP: Finance & Controlling,ERPFIN-76,Process design document: plan/actual reporting,story,Done,done,u-gustavo.martins,Gustavo Martins,2,points,,2026-02-03,ERPFIN-1,ERPFIN-37;ERPFIN-617,2025-12-23T14:00:02Z,2026-02-04T19:54:07Z,2026-02-02T21:19:08Z,co-pa;wave1;explore
ERPFIN,Aurora ERP: Finance & Controlling,ERPFIN-77,Fit-gap workshop: profitability characteristics for plant 1100 Guelph,task,Backlog,todo,u-mariana.martins,Mariana Martins,2,points,2026-01-19,2026-02-06,ERPFIN-1,,2025-12-24T02:02:26Z,2026-08-02T07:59:30Z,,co-pa;wave1;explore
ERPFIN,Aurora ERP: Finance & Controlling,ERPFIN-78,Fit-gap workshop: recurring entries and accruals,task,Closed,done,u-nadia.gagnon,Nadia Gagnon,3,points,2026-01-09,2026-01-26,ERPFIN-4,ERPFIN-17,2025-12-24T08:52:24Z,2026-01-24T00:11:53Z,2026-01-23T18:22:58Z,fi-gl;wave1;explore
ERPFIN,Aurora ERP: Finance & Controlling,ERPFIN-79,Process design document: ISO 20022 pain.001 payment file,story,Done,done,u-gustavo.martins,Gustavo Martins,3,points,2025-12-31,2026-01-14,ERPFIN-3,ERPFIN-66,2025-12-25T14:27:52Z,2026-01-24T10:01:37Z,2026-01-22T19:01:45Z,fi-ap;wave1;explore
ERPFIN,Aurora ERP: Finance & Controlling,ERPFIN-80,Fit-gap workshop: bank account management for plant 1100 Guelph,task,Ready,todo,u-nikhil.almeida,Nikhil Almeida,3,points,,2026-02-13,ERPFIN-12,,2025-12-27T03:58:22Z,2026-06-25T11:09:53Z,,tr;wave1;explore
ERPFIN,Aurora ERP: Finance & Controlling,ERPFIN-81,Fit-gap workshop: overhead costing sheet,task,Closed,done,u-gustavo.martins,Gustavo Martins,2,points,,2026-01-24,ERPFIN-5,,2025-12-27T08:41:28Z,2026-02-01T19:43:22Z,2026-01-31T09:32:19Z,co-pc;wave1;explore
ERPFIN,Aurora ERP: Finance & Controlling,ERPFIN-82,Fit-gap workshop: three-way match blocking,task,Done,done,u-isabela.iyer,Isabela Iyer,5,points,,2026-01-24,ERPFIN-3,,2025-12-28T08:53:07Z,2026-01-28T02:50:42Z,2026-01-27T03:25:48Z,fi-ap;wave1;explore
ERPFIN,Aurora ERP: Finance & Controlling,ERPFIN-83,Process design document: customer statements,story,Closed,done,u-gustavo.martins,Gustavo Martins,8,points,,2026-01-28,ERPFIN-2,ERPFIN-57,2025-12-28T17:41:15Z,2026-01-28T04:55:30Z,2026-01-28T02:36:58Z,fi-ar;wave1;explore
ERPFIN,Aurora ERP: Finance & Controlling,ERPFIN-84,Process design document: chart of accounts VETRA for plant 1100 Guelph,story,Done,done,u-samuel.martins,Samuel Martins,5,points,2026-01-26,2026-02-11,ERPFIN-4,ERPFIN-74,2025-12-29T04:25:21Z,2026-02-11T08:43:35Z,2026-02-10T17:03:55Z,fi-gl;wave1;explore
ERPFIN,Aurora ERP: Finance & Controlling,ERPFIN-85,Process design document: fiscal year variant and posting periods,story,Closed,done,u-gustavo.martins,Gustavo Martins,2,points,,,ERPFIN-4,ERPFIN-45,2025-12-31T01:54:15Z,2026-01-18T17:37:29Z,2026-01-18T12:52:58Z,fi-gl;wave1;explore
ERPFIN,Aurora ERP: Finance & Controlling,ERPFIN-86,Process design document: cash application rules,story,Done,done,u-gustavo.martins,Gustavo Martins,8,points,,2026-01-22,ERPFIN-2,ERPFIN-53,2026-01-01T02:25:42Z,2026-01-19T22:26:55Z,2026-01-19T15:31:47Z,fi-ar;wave1;explore
ERPFIN,Aurora ERP: Finance & Controlling,ERPFIN-87,Fit-gap workshop: costing variant PPC1 for plant 1100 Guelph,task,Done,done,u-samuel.martins,Samuel Martins,3,points,,2026-02-11,ERPFIN-5,,2026-01-02T07:34:56Z,2026-02-10T03:36:22Z,2026-02-08T06:10:59Z,co-pc;wave1;explore
ERPFIN,Aurora ERP: Finance & Controlling,ERPFIN-88,Fit-gap workshop: in-house cash for intercompany,task,Closed,done,u-isabela.iyer,Isabela Iyer,5,points,2026-01-04,2026-01-22,ERPFIN-12,,2026-01-03T10:55:17Z,2026-01-28T06:45:42Z,2026-01-27T12:04:16Z,tr;wave1;explore
ERPFIN,Aurora ERP: Finance & Controlling,ERPFIN-89,Fit-gap workshop: GST/HST tax codes for plant 1100 Guelph,task,Ready,todo,u-isabela.iyer,Isabela Iyer,8,points,,2026-02-21,ERPFIN-4,,2026-01-03T21:44:57Z,2026-08-17T21:29:54Z,,fi-gl;wave1;explore
ERPFIN,Aurora ERP: Finance & Controlling,ERPFIN-90,Fit-gap workshop: material ledger actual costing for plant 1100 Guelph,task,Done,done,u-gustavo.martins,Gustavo Martins,13,points,2026-02-01,,ERPFIN-5,,2026-01-04T08:25:33Z,2026-02-16T20:26:35Z,2026-02-15T19:43:41Z,co-pc;wave1;explore
ERPFIN,Aurora ERP: Finance & Controlling,ERPFIN-91,Fit-gap workshop: bad debt provisioning,task,Closed,done,u-joao.kim,João Kim,5,points,,2026-01-25,ERPFIN-2,,2026-01-04T08:50:20Z,2026-01-29T20:04:50Z,2026-01-28T06:58:40Z,fi-ar;wave1;explore
ERPFIN,Aurora ERP: Finance & Controlling,ERPFIN-92,Fit-gap workshop: cost center standard hierarchy for plant 1100 Guelph,task,Closed,done,u-gustavo.martins,Gustavo Martins,3,points,,2026-01-31,ERPFIN-5,,2026-01-04T20:39:50Z,2026-02-04T00:53:19Z,2026-02-02T23:01:53Z,co-pc;wave1;explore
ERPFIN,Aurora ERP: Finance & Controlling,ERPFIN-93,Process design document: cost center standard hierarchy for plant 1100 Guelph,story,Closed,done,u-mariana.martins,Mariana Martins,13,points,,,ERPFIN-5,ERPFIN-92,2026-01-05T02:38:27Z,2026-02-09T11:26:59Z,2026-02-07T15:28:02Z,co-pc;wave1;explore
ERPFIN,Aurora ERP: Finance & Controlling,ERPFIN-94,Process design document: costing variant PPC1 for plant 1100 Guelph,story,Closed,done,u-gustavo.martins,Gustavo Martins,3,points,,,ERPFIN-5,ERPFIN-87,2026-01-05T10:30:20Z,2026-02-27T19:42:34Z,2026-02-25T23:56:45Z,co-pc;wave1;explore
ERPFIN,Aurora ERP: Finance & Controlling,ERPFIN-95,FI-AA: developments (WRICEF),epic,Closed,done,u-nadia.gagnon,Nadia Gagnon,,points,2026-02-23,2026-08-11,,,2026-01-05T11:00:43Z,2026-08-13T00:00:00Z,2026-08-13T00:00:00Z,fi-aa;wave1;wricef
ERPFIN,Aurora ERP: Finance & Controlling,ERPFIN-96,Fit-gap workshop: vendor Business Partner roles for plant 1100 Guelph,task,Done,done,u-kevin.almeida,Kevin Almeida,3,points,,2026-02-10,ERPFIN-3,,2026-01-06T10:22:48Z,2026-02-09T20:28:33Z,2026-02-07T20:35:38Z,fi-ap;wave1;explore
ERPFIN,Aurora ERP: Finance & Controlling,ERPFIN-97,Fit-gap workshop: activity types and rates for plant 1100 Guelph,task,Done,done,u-gustavo.martins,Gustavo Martins,1,points,,2026-02-05,ERPFIN-5,,2026-01-06T13:29:51Z,2026-02-14T15:46:34Z,2026-02-14T10:12:49Z,co-pc;wave1;explore
ERPFIN,Aurora ERP: Finance & Controlling,ERPFIN-98,Process design document: withholding tax (T4A/NR4),story,Done,done,u-gustavo.martins,Gustavo Martins,13,points,2026-01-24,2026-02-13,,ERPFIN-101,2026-01-06T20:34:42Z,2026-02-11T19:25:23Z,2026-02-11T09:38:33Z,fi-ap;wave1;explore
ERPFIN,Aurora ERP: Finance & Controlling,ERPFIN-99,Fit-gap workshop: company code 2000 (Vetra US) for plant 1100 Guelph,task,Done,done,u-kevin.almeida,Kevin Almeida,8,points,2026-01-24,2026-02-10,ERPFIN-4,,2026-01-07T07:49:18Z,2026-02-18T06:29:34Z,2026-02-16T21:19:12Z,fi-gl;wave1;explore
ERPFIN,Aurora ERP: Finance & Controlling,ERPFIN-100,Fit-gap workshop: top-down distribution,task,Done,done,u-gustavo.martins,Gustavo Martins,8,points,,2026-01-30,ERPFIN-1,,2026-01-07T13:17:59Z,2026-02-07T13:45:31Z,2026-02-05T19:46:55Z,co-pa;wave1;explore
ERPFIN,Aurora ERP: Finance & Controlling,ERPFIN-101,Fit-gap workshop: withholding tax (T4A/NR4),task,Done,done,u-isabela.weber,Isabela Weber,8,points,2026-01-15,,ERPFIN-3,,2026-01-07T19:32:09Z,2026-02-07T17:47:04Z,2026-02-06T14:17:29Z,fi-ap;wave1;explore
ERPFIN,Aurora ERP: Finance & Controlling,ERPFIN-102,Fit-gap workshop: credit management (FSCM) limits for plant 1100 Guelph,task,Closed,done,u-mariana.martins,Mariana Martins,5,points,,2026-02-16,ERPFIN-2,,2026-01-08T00:02:14Z,2026-02-19T00:17:43Z,2026-02-18T09:22:12Z,fi-ar;wave1;explore
ERPFIN,Aurora ERP: Finance & Controlling,ERPFIN-103,FI-AP: configuration and unit test,epic,Closed,done,u-joao.kim,João Kim,,points,2026-02-13,2026-08-07,,,2026-01-08T09:11:47Z,2026-08-09T00:00:00Z,2026-08-09T00:00:00Z,fi-ap;wave1;realize
ERPFIN,Aurora ERP: Finance & Controlling,ERPFIN-104,Fit-gap workshop: payment terms and cash discount for plant 1100 Guelph,task,Closed,done,u-samuel.martins,Samuel Martins,5,points,2026-01-29,2026-02-16,ERPFIN-3,,2026-01-08T14:18:05Z,2026-02-18T01:03:14Z,2026-02-16T09:19:59Z,fi-ap;wave1;explore
ERPFIN,Aurora ERP: Finance & Controlling,ERPFIN-105,Fit-gap workshop: customer Business Partner roles for plant 1100 Guelph,task,Done,done,u-kevin.almeida,Kevin Almeida,13,points,,2026-01-29,ERPFIN-2,,2026-01-09T13:54:02Z,2026-02-08T21:22:04Z,2026-02-07T09:30:48Z,fi-ar;wave1;explore
ERPFIN,Aurora ERP: Finance & Controlling,ERPFIN-106,Process design document: in-house cash for intercompany,story,Closed,done,u-nikhil.almeida,Nikhil Almeida,3,points,,2026-02-03,ERPFIN-12,ERPFIN-88,2026-01-10T02:06:43Z,2026-02-13T18:45:45Z,2026-02-13T01:39:33Z,tr;wave1;explore
ERPFIN,Aurora ERP: Finance & Controlling,ERPFIN-107,Process design document: credit management (FSCM) limits for plant 1100 Guelph,story,Done,done,u-daniel.souza,Daniel Souza,5,points,2026-02-07,2026-02-21,ERPFIN-2,ERPFIN-102,2026-01-10T11:22:21Z,2026-03-01T18:35:03Z,2026-02-28T16:08:20Z,fi-ar;wave1;explore
ERPFIN,Aurora ERP: Finance & Controlling,ERPFIN-108,Fit-gap workshop: foreign currency valuation,task,Done,done,u-mariana.martins,Mariana Martins,8,points,,2026-02-02,ERPFIN-4,,2026-01-11T05:34:05Z,2026-02-01T06:07:59Z,2026-01-31T16:45:14Z,fi-gl;wave1;explore
ERPFIN,Aurora ERP: Finance & Controlling,ERPFIN-109,Process design document: depreciation run AFAB,story,Done,done,u-gustavo.martins,Gustavo Martins,8,points,,2026-01-31,ERPFIN-7,ERPFIN-59,2026-01-11T10:40:59Z,2026-02-11T10:05:35Z,2026-02-09T15:08:37Z,fi-aa;wave1;explore
ERPFIN,Aurora ERP: Finance & Controlling,ERPFIN-110,FI-GL: configuration and unit test,epic,Done,done,u-gustavo.nguyen,Gustavo Nguyen,,points,2026-02-16,2026-08-14,,,2026-01-11T13:56:11Z,2026-08-16T00:00:00Z,2026-08-16T00:00:00Z,fi-gl;wave1;realize
ERPFIN,Aurora ERP: Finance & Controlling,ERPFIN-111,TR: developments (WRICEF),epic,Done,done,u-daniel.souza,Daniel Souza,,points,2026-02-15,2026-08-24,,,2026-01-11T20:10:37Z,2026-08-26T00:00:00Z,2026-08-26T00:00:00Z,tr;wave1;wricef
ERPFIN,Aurora ERP: Finance & Controlling,ERPFIN-112,Process design document: top-down distribution,story,Closed,done,,,13,points,,2026-02-11,ERPFIN-1,ERPFIN-100,2026-01-11T21:36:01Z,2026-02-19T00:25:57Z,2026-02-17T06:11:25Z,co-pa;wave1;explore
ERPFIN,Aurora ERP: Finance & Controlling,ERPFIN-113,Process design document: foreign currency valuation,story,Done,done,u-ana.chen,Ana Chen,8,points,2026-01-19,2026-02-04,ERPFIN-4,ERPFIN-108,2026-01-13T06:03:22Z,2026-02-10T00:31:48Z,2026-02-09T08:07:57Z,fi-gl;wave1;explore
ERPFIN,Aurora ERP: Finance & Controlling,ERPFIN-114,Process design document: lockbox and CAMT.053 statement import for plant 1100 Guelph,story,Backlog,todo,u-isabela.weber,Isabela Weber,13,points,,,ERPFIN-2,ERPFIN-136,2026-01-14T02:48:59Z,2026-07-29T11:21:51Z,,fi-ar;wave1;explore
ERPFIN,Aurora ERP: Finance & Controlling,ERPFIN-115,CO-PA: developments (WRICEF),epic,Blocked,in_progress,u-nikhil.almeida,Nikhil Almeida,,points,2026-02-20,2026-08-17,,,2026-01-14T19:15:40Z,2026-08-04T00:00:00Z,,co-pa;wave1;wricef
ERPFIN,Aurora ERP: Finance & Controlling,ERPFIN-116,Fit-gap workshop: company code 1000 (Vetra Canada) for plant 1100 Guelph,task,Closed,done,u-ana.chen,Ana Chen,5,points,,,ERPFIN-4,,2026-01-16T10:03:39Z,2026-02-08T18:59:21Z,2026-02-07T19:43:54Z,fi-gl;wave1;explore
ERPFIN,Aurora ERP: Finance & Controlling,ERPFIN-117,Process design document: bank account management for plant 1100 Guelph,story,Closed,done,u-ana.chen,Ana Chen,3,points,,2026-02-18,ERPFIN-12,ERPFIN-80,2026-01-16T20:21:46Z,2026-02-25T19:01:08Z,2026-02-24T23:50:46Z,tr;wave1;explore
ERPFIN,Aurora ERP: Finance & Controlling,ERPFIN-118,Process design document: company code 1000 (Vetra Canada) for plant 1100 Guelph,story,Closed,done,u-isabela.weber,Isabela Weber,1,points,,2026-02-14,ERPFIN-4,ERPFIN-116,2026-01-17T01:27:16Z,2026-02-14T14:29:19Z,2026-02-14T12:31:18Z,fi-gl;wave1;explore
ERPFIN,Aurora ERP: Finance & Controlling,ERPFIN-119,Fit-gap workshop: profit center structure for plant 1100 Guelph,task,Closed,done,u-lucas.wilson,Lucas Wilson,2,points,,,ERPFIN-1,,2026-01-17T01:53:46Z,2026-02-23T21:08:56Z,2026-02-23T12:32:17Z,co-pa;wave1;explore
ERPFIN,Aurora ERP: Finance & Controlling,ERPFIN-120,Fit-gap workshop: account-based CO-PA activation for plant 1100 Guelph,task,Done,done,u-samuel.martins,Samuel Martins,3,points,,2026-02-24,ERPFIN-1,,2026-01-17T02:25:11Z,2026-03-06T19:43:35Z,2026-03-05T09:55:22Z,co-pa;wave1;explore
ERPFIN,Aurora ERP: Finance & Controlling,ERPFIN-121,Process design document: account-based CO-PA activation for plant 1100 Guelph,story,Closed,done,u-gustavo.martins,Gustavo Martins,1,points,,2026-02-28,ERPFIN-1,ERPFIN-120,2026-01-17T10:28:53Z,2026-03-07T00:17:25Z,2026-03-06T01:07:46Z,co-pa;wave1;explore
ERPFIN,Aurora ERP: Finance & Controlling,ERPFIN-122,Fit-gap workshop: dunning procedure for plant 1100 Guelph,task,Closed,done,u-ana.chen,Ana Chen,3,points,2026-01-20,2026-02-05,ERPFIN-2,,2026-01-17T12:51:05Z,2026-02-10T01:51:50Z,2026-02-09T15:51:59Z,fi-ar;wave1;explore
ERPFIN,Aurora ERP: Finance & Controlling,ERPFIN-123,Process design document: dunning procedure for plant 1100 Guelph,story,Closed,done,u-isabela.weber,Isabela Weber,13,points,2026-01-26,2026-02-14,ERPFIN-2,ERPFIN-122,2026-01-18T00:53:57Z,2026-02-17T10:47:43Z,2026-02-16T23:51:01Z,fi-ar;wave1;explore
ERPFIN,Aurora ERP: Finance & Controlling,ERPFIN-124,Process design document: QST tax procedure for Quebec for plant 1100 Guelph,story,Done,done,u-gustavo.martins,Gustavo Martins,3,points,,2026-02-27,ERPFIN-4,ERPFIN-171,2026-01-18T06:56:04Z,2026-02-28T15:17:56Z,2026-02-27T13:53:25Z,fi-gl;wave1;explore
ERPFIN,Aurora ERP: Finance & Controlling,ERPFIN-125,Fit-gap workshop: automatic payment program F110 for plant 1100 Guelph,task,Closed,done,u-gustavo.martins,Gustavo Martins,3,points,,2026-02-21,ERPFIN-3,,2026-01-18T19:12:18Z,2026-02-19T19:40:49Z,2026-02-18T03:12:01Z,fi-ap;wave1;explore
ERPFIN,Aurora ERP: Finance & Controlling,ERPFIN-126,FI-GL: developments (WRICEF),epic,Blocked,in_progress,u-lucas.wilson,Lucas Wilson,,points,2026-02-25,2026-08-27,,,2026-01-18T19:40:30Z,2026-08-10T00:00:00Z,,fi-gl;wave1;wricef
ERPFIN,Aurora ERP: Finance & Controlling,ERPFIN-127,Fit-gap workshop: asset classes and depreciation keys for plant 1100 Guelph,task,Closed,done,u-gustavo.martins,Gustavo Martins,2,points,,2026-02-10,ERPFIN-7,,2026-01-18T21:06:22Z,2026-02-08T19:43:28Z,2026-02-08T13:48:33Z,fi-aa;wave1;explore
ERPFIN,Aurora ERP: Finance & Controlling,ERPFIN-128,Fit-gap workshop: cash application rules for plant 1100 Guelph,task,Done,done,u-gustavo.martins,Gustavo Martins,8,points,2026-02-04,2026-02-21,ERPFIN-2,,2026-01-19T00:29:01Z,2026-02-24T17:01:53Z,2026-02-24T16:27:19Z,fi-ar;wave1;explore
ERPFIN,Aurora ERP: Finance & Controlling,ERPFIN-129,Fit-gap workshop: cash position and liquidity forecast for plant 1100 Guelph,task,Done,done,u-isabela.iyer,Isabela Iyer,5,points,,2026-02-22,ERPFIN-12,,2026-01-20T00:36:53Z,2026-02-20T17:31:28Z,2026-02-20T00:29:31Z,tr;wave1;explore
ERPFIN,Aurora ERP: Finance & Controlling,ERPFIN-130,Process design document: asset under construction settlement for plant 1100 Guelph,story,Done,done,u-samuel.martins,Samuel Martins,3,points,,2026-03-05,ERPFIN-7,ERPFIN-144,2026-01-20T17:34:25Z,2026-03-02T18:17:30Z,2026-03-01T17:22:01Z,fi-aa;wave1;explore
ERPFIN,Aurora ERP: Finance & Controlling,ERPFIN-131,CO-PC: configuration and unit test,epic,Closed,done,u-isabela.weber,Isabela Weber,,points,2026-02-19,2026-08-13,,,2026-01-21T21:35:09Z,2026-08-15T00:00:00Z,2026-08-15T00:00:00Z,co-pc;wave1;realize
ERPFIN,Aurora ERP: Finance & Controlling,ERPFIN-132,FI-AA: configuration and unit test,epic,Closed,done,u-samuel.martins,Samuel Martins,,points,2026-02-16,2026-08-13,,,2026-01-22T11:05:20Z,2026-08-15T00:00:00Z,2026-08-15T00:00:00Z,fi-aa;wave1;realize
ERPFIN,Aurora ERP: Finance & Controlling,ERPFIN-133,CO-PA: configuration and unit test,epic,Done,done,u-joao.kim,João Kim,,points,2026-02-23,2026-08-08,,,2026-01-22T11:27:04Z,2026-08-10T00:00:00Z,2026-08-10T00:00:00Z,co-pa;wave1;realize
ERPFIN,Aurora ERP: Finance & Controlling,ERPFIN-134,CO-PC: developments (WRICEF),epic,Closed,done,u-isabela.weber,Isabela Weber,,points,2026-02-19,2026-08-13,,,2026-01-22T17:38:40Z,2026-08-15T00:00:00Z,2026-08-15T00:00:00Z,co-pc;wave1;wricef
ERPFIN,Aurora ERP: Finance & Controlling,ERPFIN-135,FI-AP: developments (WRICEF),epic,Closed,done,,,,points,2026-02-22,2026-08-08,,,2026-01-22T20:06:18Z,2026-08-10T00:00:00Z,2026-08-10T00:00:00Z,fi-ap;wave1;wricef
ERPFIN,Aurora ERP: Finance & Controlling,ERPFIN-136,Fit-gap workshop: lockbox and CAMT.053 statement import for plant 1100 Guelph,task,Done,done,u-daniel.souza,Daniel Souza,3,points,2026-01-23,2026-02-13,ERPFIN-2,,2026-01-23T06:54:57Z,2026-02-16T11:06:58Z,2026-02-14T12:20:07Z,fi-ar;wave1;explore
ERPFIN,Aurora ERP: Finance & Controlling,ERPFIN-137,Functional spec: automatic payment program F110,task,Closed,done,u-daniel.souza,Daniel Souza,2,points,,2026-04-01,ERPFIN-103,,2026-01-23T11:11:41Z,2026-03-30T23:37:56Z,2026-03-29T16:25:43Z,fi-ap;wave1;realize
ERPFIN,Aurora ERP: Finance & Controlling,ERPFIN-138,Configure vendor Business Partner roles,story,Closed,done,u-gustavo.martins,Gustavo Martins,5,points,,2026-03-16,ERPFIN-103,ERPFIN-169,2026-01-23T12:03:12Z,2026-03-24T19:07:09Z,2026-03-23T12:26:33Z,fi-ap;wave1;realize;config
ERPFIN,Aurora ERP: Finance & Controlling,ERPFIN-139,Process design document: vendor Business Partner roles for plant 1100 Guelph,story,Closed,done,u-samuel.martins,Samuel Martins,5,points,,2026-02-16,ERPFIN-3,ERPFIN-96,2026-01-23T15:50:13Z,2026-02-28T00:05:10Z,2026-02-26T00:55:54Z,fi-ap;wave1;explore
ERPFIN,Aurora ERP: Finance & Controlling,ERPFIN-140,Process design document: profit center structure for plant 1100 Guelph,story,Done,done,u-gustavo.martins,Gustavo Martins,13,points,,2026-03-07,ERPFIN-1,ERPFIN-119,2026-01-24T08:38:50Z,2026-03-05T08:59:44Z,2026-03-04T10:26:49Z,co-pa;wave1;explore
ERPFIN,Aurora ERP: Finance & Controlling,ERPFIN-141,TR: configuration and unit test,epic,Closed,done,u-gustavo.nguyen,Gustavo Nguyen,,points,2026-02-11,2026-08-14,,,2026-01-24T09:32:59Z,2026-08-16T00:00:00Z,2026-08-16T00:00:00Z,tr;wave1;realize
ERPFIN,Aurora ERP: Finance & Controlling,ERPFIN-142,Fit-gap workshop: WIP calculation and settlement for plant 1100 Guelph,task,Done,done,u-isabela.iyer,Isabela Iyer,5,points,,,ERPFIN-5,,2026-01-24T10:50:29Z,2026-03-04T19:35:20Z,2026-03-03T12:14:47Z,co-pc;wave1;explore
ERPFIN,Aurora ERP: Finance & Controlling,ERPFIN-143,Functional spec Report: variance analysis for production orders,task,Done,done,u-kevin.almeida,Kevin Almeida,5,points,,2026-03-22,ERPFIN-134,,2026-01-24T20:46:17Z,2026-04-01T11:04:49Z,2026-03-31T18:18:09Z,co-pc;wave1;wricef
ERPFIN,Aurora ERP: Finance & Controlling,ERPFIN-144,Fit-gap workshop: asset under construction settlement for plant 1100 Guelph,task,Closed,done,u-joao.kim,João Kim,5,points,,2026-02-25,ERPFIN-7,,2026-01-24T21:49:27Z,2026-03-02T07:24:25Z,2026-03-01T08:25:57Z,fi-aa;wave1;explore
ERPFIN,Aurora ERP: Finance & Controlling,ERPFIN-145,Configure house banks RBC and TD,story,Backlog,todo,,,8,points,2026-02-11,2026-03-09,ERPFIN-141,,2026-01-25T00:48:54Z,2026-06-25T17:07:10Z,,tr;wave1;realize;config
ERPFIN,Aurora ERP: Finance & Controlling,ERPFIN-146,Functional spec: bank account management,task,Closed,done,u-nadia.gagnon,Nadia Gagnon,3,points,2026-02-11,2026-03-26,ERPFIN-141,,2026-01-25T02:48:20Z,2026-03-24T10:36:26Z,2026-03-24T09:51:41Z,tr;wave1;realize
ERPFIN,Aurora ERP: Finance & Controlling,ERPFIN-147,Fit-gap workshop: three-way match blocking for plant 1100 Guelph,task,Done,done,u-gustavo.martins,Gustavo Martins,5,points,2026-02-21,,ERPFIN-3,,2026-01-25T05:17:56Z,2026-03-03T04:18:13Z,2026-03-02T08:22:13Z,fi-ap;wave1;explore
ERPFIN,Aurora ERP: Finance & Controlling,ERPFIN-148,Configure CCA classes for Canadian tax,story,Done,done,u-joao.kim,João Kim,8,points,2026-02-18,,ERPFIN-132,,2026-01-25T10:33:40Z,2026-04-03T17:56:12Z,2026-04-02T10:05:46Z,fi-aa;wave1;realize;config
ERPFIN,Aurora ERP: Finance & Controlling,ERPFIN-149,Fit-gap workshop: document splitting for plant 1100 Guelph,task,Closed,done,u-gustavo.martins,Gustavo Martins,5,points,,2026-02-13,,,2026-01-25T11:32:04Z,2026-02-20T08:17:00Z,2026-02-18T16:17:36Z,fi-gl;wave1;explore
ERPFIN,Aurora ERP: Finance & Controlling,ERPFIN-150,Functional spec Form: cash position and liquidity forecast for plant 1100 Guelph,task,Closed,done,u-gustavo.martins,Gustavo Martins,5,points,2026-02-15,2026-03-20,ERPFIN-111,,2026-01-26T16:58:24Z,2026-04-01T09:42:59Z,2026-03-31T10:49:33Z,tr;wave1;wricef
ERPFIN,Aurora ERP: Finance & Controlling,ERPFIN-151,FI-AR: configuration and unit test,epic,In Progress,in_progress,,,,points,2026-02-11,,,,2026-01-26T18:16:37Z,2026-08-05T00:00:00Z,,fi-ar;wave1;realize
ERPFIN,Aurora ERP: Finance & Controlling,ERPFIN-152,Process design document: cash position and liquidity forecast for plant 1100 Guelph,story,Done,done,u-gustavo.martins,Gustavo Martins,3,points,,,ERPFIN-12,ERPFIN-129,2026-01-27T04:31:51Z,2026-02-28T11:11:25Z,2026-02-26T18:00:01Z,tr;wave1;explore
ERPFIN,Aurora ERP: Finance & Controlling,ERPFIN-153,Configure company code 1000 (Vetra Canada),story,Done,done,u-lucas.wilson,Lucas Wilson,5,points,,2026-03-28,ERPFIN-110,,2026-01-27T05:09:17Z,2026-04-01T16:41:59Z,2026-04-01T11:17:10Z,fi-gl;wave1;realize;config
ERPFIN,Aurora ERP: Finance & Controlling,ERPFIN-154,Fit-gap workshop: CCA classes for Canadian tax for plant 1100 Guelph,task,Closed,done,u-isabela.iyer,Isabela Iyer,13,points,,2026-02-17,ERPFIN-7,ERPFIN-8,2026-01-27T12:30:57Z,2026-02-15T21:43:25Z,2026-02-14T12:38:41Z,fi-aa;wave1;explore
ERPFIN,Aurora ERP: Finance & Controlling,ERPFIN-155,Decision log and sign-off: FI-AR design (Order-to-Cash),task,Closed,done,u-gustavo.martins,Gustavo Martins,3,points,2026-02-14,2026-02-21,ERPFIN-2,,2026-01-27T15:09:43Z,2026-02-25T03:58:23Z,2026-02-24T19:12:05Z,fi-ar;wave1;explore
ERPFIN,Aurora ERP: Finance & Controlling,ERPFIN-156,Configure chart of accounts VETRA,story,Done,done,u-joao.kim,João Kim,8,points,,2026-03-23,ERPFIN-110,,2026-01-27T16:00:49Z,2026-03-31T19:11:22Z,2026-03-30T23:44:13Z,fi-gl;wave1;realize;config
ERPFIN,Aurora ERP: Finance & Controlling,ERPFIN-157,Functional spec: costing variant PPC1,task,Closed,done,u-gustavo.martins,Gustavo Martins,8,points,,,ERPFIN-131,,2026-01-27T17:51:59Z,2026-04-13T02:23:12Z,2026-04-11T23:58:04Z,co-pc;wave1;realize
ERPFIN,Aurora ERP: Finance & Controlling,ERPFIN-158,FI-AR: developments (WRICEF),epic,Closed,done,u-isabela.iyer,Isabela Iyer,,points,2026-02-25,2026-08-10,,,2026-01-27T18:06:19Z,2026-08-12T00:00:00Z,2026-08-12T00:00:00Z,fi-ar;wave1;wricef
ERPFIN,Aurora ERP: Finance & Controlling,ERPFIN-159,Fit-gap workshop: asset transfer from legacy JDE for plant 1100 Guelph,task,Done,done,u-gustavo.martins,Gustavo Martins,8,points,,2026-03-06,ERPFIN-7,,2026-01-28T03:36:41Z,2026-03-07T09:00:37Z,2026-03-05T11:26:27Z,fi-aa;wave1;explore
ERPFIN,Aurora ERP: Finance & Controlling,ERPFIN-160,Technical spec Report: variance analysis for production orders,task,Done,done,,,1,points,,,ERPFIN-134,ERPFIN-143,2026-01-28T12:24:14Z,2026-03-29T12:00:08Z,2026-03-28T13:49:29Z,co-pc;wave1;wricef
ERPFIN,Aurora ERP: Finance & Controlling,ERPFIN-161,Configure asset classes and depreciation keys,story,Closed,done,u-gustavo.nguyen,Gustavo Nguyen,13,points,,,ERPFIN-132,ERPFIN-214,2026-01-28T14:34:27Z,2026-03-22T14:26:29Z,2026-03-21T14:27:37Z,fi-aa;wave1;realize;config
ERPFIN,Aurora ERP: Finance & Controlling,ERPFIN-162,Unit test: house banks RBC and TD,task,Done,done,u-gustavo.martins,Gustavo Martins,5,points,,,ERPFIN-141,ERPFIN-145,2026-01-28T21:33:06Z,2026-04-13T17:48:10Z,2026-04-11T18:14:53Z,tr;wave1;realize
ERPFIN,Aurora ERP: Finance & Controlling,ERPFIN-163,Functional spec Conversion: payment terms and cash discount for plant 1100 Guelph,task,Closed,done,u-gustavo.martins,Gustavo Martins,5,points,2026-02-22,2026-03-23,ERPFIN-135,,2026-01-29T11:59:44Z,2026-04-02T14:11:14Z,2026-04-02T06:51:49Z,fi-ap;wave1;wricef
ERPFIN,Aurora ERP: Finance & Controlling,ERPFIN-164,"Fit-gap workshop: parallel ledgers (IFRS, local GAAP) for plant 1100 Guelph",task,Done,done,u-gustavo.nguyen,Gustavo Nguyen,3,points,,2026-02-27,ERPFIN-4,,2026-01-29T12:04:10Z,2026-02-28T21:41:59Z,2026-02-27T10:03:17Z,fi-gl;wave1;explore
ERPFIN,Aurora ERP: Finance & Controlling,ERPFIN-165,Fit-gap workshop: bank communication management for plant 1100 Guelph,task,Done,done,u-gustavo.martins,Gustavo Martins,3,points,,,ERPFIN-12,,2026-01-30T08:53:21Z,2026-03-07T18:18:23Z,2026-03-06T10:44:12Z,tr;wave1;explore
ERPFIN,Aurora ERP: Finance & Controlling,ERPFIN-166,Fit-gap workshop: customer statements for plant 1100 Guelph,task,Done,done,u-kevin.almeida,Kevin Almeida,3,points,2026-02-10,2026-02-21,ERPFIN-2,,2026-02-01T04:52:54Z,2026-02-20T12:21:26Z,2026-02-19T12:52:45Z,fi-ar;wave1;explore
ERPFIN,Aurora ERP: Finance & Controlling,ERPFIN-167,Technical spec Form: cash position and liquidity forecast for plant 1100 Guelph,task,In Progress,in_progress,u-kevin.almeida,Kevin Almeida,5,points,,2026-04-05,ERPFIN-111,ERPFIN-150;ERPFIN-128,2026-02-01T06:50:51Z,2026-08-16T09:38:20Z,,tr;wave1;wricef
ERPFIN,Aurora ERP: Finance & Controlling,ERPFIN-168,Process design document: material ledger actual costing for plant 1100 Guelph,story,Closed,done,u-gustavo.martins,Gustavo Martins,3,points,,2026-02-25,ERPFIN-5,ERPFIN-90;ERPFIN-778,2026-02-01T14:03:46Z,2026-02-22T12:28:43Z,2026-02-21T19:28:26Z,co-pc;wave1;explore
ERPFIN,Aurora ERP: Finance & Controlling,ERPFIN-169,Functional spec: vendor Business Partner roles,task,Done,done,,,3,points,,2026-03-11,ERPFIN-103,,2026-02-01T14:53:28Z,2026-03-15T06:49:23Z,2026-03-14T18:27:04Z,fi-ap;wave1;realize
ERPFIN,Aurora ERP: Finance & Controlling,ERPFIN-170,Fit-gap workshop: ISO 20022 pain.001 payment file for plant 1100 Guelph,task,In Progress,in_progress,u-gustavo.martins,Gustavo Martins,2,points,,,ERPFIN-3,,2026-02-01T18:15:49Z,2026-08-19T10:19:48Z,,fi-ap;wave1;explore
ERPFIN,Aurora ERP: Finance & Controlling,ERPFIN-171,Fit-gap workshop: QST tax procedure for Quebec for plant 1100 Guelph,task,Closed,done,u-daniel.souza,Daniel Souza,,points,,2026-02-19,ERPFIN-4,,2026-02-02T12:12:04Z,2026-02-18T17:51:03Z,2026-02-17T23:53:08Z,fi-gl;wave1;explore
ERPFIN,Aurora ERP: Finance & Controlling,ERPFIN-172,Fit-gap workshop: fiscal year variant and posting periods for plant 1100 Guelph,task,Closed,done,u-gustavo.martins,Gustavo Martins,13,points,2026-02-07,2026-02-25,ERPFIN-4,,2026-02-03T02:06:10Z,2026-03-05T12:59:58Z,2026-03-04T10:45:47Z,fi-gl;wave1;explore
ERPFIN,Aurora ERP: Finance & Controlling,ERPFIN-173,Technical spec Conversion: payment terms and cash discount for plant 1100 Guelph,task,Done,done,u-gustavo.martins,Gustavo Martins,1,points,,,ERPFIN-135,ERPFIN-163,2026-02-03T02:23:49Z,2026-04-12T16:16:21Z,2026-04-11T22:51:21Z,fi-ap;wave1;wricef
ERPFIN,Aurora ERP: Finance & Controlling,ERPFIN-174,Configure bank account management,story,Closed,done,u-gustavo.martins,Gustavo Martins,8,points,,2026-03-30,ERPFIN-141,ERPFIN-146,2026-02-03T07:55:34Z,2026-03-26T12:58:37Z,2026-03-26T08:28:48Z,tr;wave1;realize;config
ERPFIN,Aurora ERP: Finance & Controlling,ERPFIN-175,Functional spec Enhancement: fiscal year variant and posting periods,task,Done,done,u-gustavo.martins,Gustavo Martins,3,points,2026-02-25,2026-03-22,ERPFIN-126,,2026-02-03T19:03:31Z,2026-03-29T13:27:00Z,2026-03-28T12:12:58Z,fi-gl;wave1;wricef
ERPFIN,Aurora ERP: Finance & Controlling,ERPFIN-176,Technical spec Form: depreciation run AFAB,task,Closed,done,u-lucas.wilson,Lucas Wilson,5,points,2026-02-24,2026-04-10,ERPFIN-95,ERPFIN-206,2026-02-03T22:26:39Z,2026-04-06T22:31:18Z,2026-04-06T11:51:58Z,fi-aa;wave1;wricef
ERPFIN,Aurora ERP: Finance & Controlling,ERPFIN-177,Process design document: CCA classes for Canadian tax for plant 1100 Guelph,story,Closed,done,u-gustavo.martins,Gustavo Martins,3,points,2026-02-04,2026-03-01,ERPFIN-7,ERPFIN-154,2026-02-04T13:16:33Z,2026-03-12T17:15:48Z,2026-03-10T20:05:16Z,fi-aa;wave1;explore
ERPFIN,Aurora ERP: Finance & Controlling,ERPFIN-178,Configure costing variant PPC1,story,Done,done,u-gustavo.martins,Gustavo Martins,3,points,,2026-04-19,ERPFIN-131,ERPFIN-157,2026-02-04T19:07:38Z,2026-04-27T12:51:04Z,2026-04-26T17:11:42Z,co-pc;wave1;realize;config
ERPFIN,Aurora ERP: Finance & Controlling,ERPFIN-179,Technical spec Enhancement: fiscal year variant and posting periods,task,Closed,done,u-gustavo.martins,Gustavo Martins,5,points,,2026-04-15,ERPFIN-126,ERPFIN-175,2026-02-05T13:33:16Z,2026-04-24T19:41:09Z,2026-04-24T14:12:41Z,fi-gl;wave1;wricef
ERPFIN,Aurora ERP: Finance & Controlling,ERPFIN-180,Functional spec Enhancement: customer statements for plant 1100 Guelph,task,Done,done,u-gustavo.martins,Gustavo Martins,13,points,,2026-03-23,ERPFIN-158,,2026-02-05T13:34:51Z,2026-03-23T07:57:56Z,2026-03-23T05:50:38Z,fi-ar;wave1;wricef
ERPFIN,Aurora ERP: Finance & Controlling,ERPFIN-181,Fit-gap workshop: internal orders for capex for plant 1100 Guelph,task,Closed,done,u-isabela.iyer,Isabela Iyer,2,points,,2026-03-10,ERPFIN-1,,2026-02-06T01:53:48Z,2026-03-22T02:38:29Z,2026-03-21T08:34:06Z,co-pa;wave1;explore
ERPFIN,Aurora ERP: Finance & Controlling,ERPFIN-182,Configure company code 2000 (Vetra US),story,Done,done,u-gustavo.martins,Gustavo Martins,,points,,,ERPFIN-110,,2026-02-06T07:00:35Z,2026-04-15T09:12:58Z,2026-04-15T09:08:12Z,fi-gl;wave1;realize;config
ERPFIN,Aurora ERP: Finance & Controlling,ERPFIN-183,Configure customer Business Partner roles,story,Done,done,u-isabela.weber,Isabela Weber,5,points,2026-02-11,,ERPFIN-151,,2026-02-06T14:15:25Z,2026-03-29T19:07:36Z,2026-03-28T09:17:19Z,fi-ar;wave1;realize;config
ERPFIN,Aurora ERP: Finance & Controlling,ERPFIN-184,Fit-gap workshop: period-end closing cockpit for plant 1100 Guelph,task,Done,done,u-samuel.martins,Samuel Martins,3,points,,2026-02-27,ERPFIN-4,,2026-02-06T18:48:04Z,2026-03-05T03:47:41Z,2026-03-03T20:09:26Z,fi-gl;wave1;explore
ERPFIN,Aurora ERP: Finance & Controlling,ERPFIN-185,Fit-gap workshop: intercompany elimination for plant 1100 Guelph,task,Closed,done,u-daniel.souza,Daniel Souza,13,points,,2026-02-27,ERPFIN-4,,2026-02-06T19:09:50Z,2026-03-10T18:01:51Z,2026-03-09T13:24:24Z,fi-gl;wave1;explore
ERPFIN,Aurora ERP: Finance & Controlling,ERPFIN-186,Functional spec Conversion: plan/actual reporting for plant 1100 Guelph,task,Closed,done,u-isabela.iyer,Isabela Iyer,8,points,2026-03-05,,ERPFIN-115,,2026-02-07T00:14:57Z,2026-04-18T08:05:22Z,2026-04-16T17:57:46Z,co-pa;wave1;wricef
ERPFIN,Aurora ERP: Finance & Controlling,ERPFIN-187,Technical spec Enhancement: profitability characteristics for plant 1100 Guelph,task,Closed,done,,,2,points,,,ERPFIN-115,ERPFIN-198,2026-02-07T00:43:10Z,2026-04-02T09:01:33Z,2026-04-02T08:31:27Z,co-pa;wave1;wricef
ERPFIN,Aurora ERP: Finance & Controlling,ERPFIN-188,Decision log and sign-off: FI-GL design (Procure-to-Pay),task,Closed,done,u-nadia.gagnon,Nadia Gagnon,2,points,,2026-02-27,ERPFIN-4,,2026-02-07T14:54:49Z,2026-02-23T16:09:21Z,2026-02-22T09:00:05Z,fi-gl;wave1;explore
ERPFIN,Aurora ERP: Finance & Controlling,ERPFIN-189,Configure cash position and liquidity forecast,story,Done,done,u-isabela.iyer,Isabela Iyer,2,points,,2026-04-29,ERPFIN-141,ERPFIN-237,2026-02-07T22:37:58Z,2026-04-30T20:47:35Z,2026-04-30T05:33:55Z,tr;wave1;realize;config
ERPFIN,Aurora ERP: Finance & Controlling,ERPFIN-190,Configure profitability characteristics,story,Done,done,u-nadia.gagnon,Nadia Gagnon,2,points,,,ERPFIN-133,ERPFIN-204,2026-02-08T11:51:16Z,2026-03-19T16:38:05Z,2026-03-18T06:59:44Z,co-pa;wave1;realize;config
ERPFIN,Aurora ERP: Finance & Controlling,ERPFIN-191,Configure dunning procedure,story,Closed,done,u-isabela.weber,Isabela Weber,1,points,,2026-04-02,ERPFIN-151,,2026-02-08T23:37:57Z,2026-04-09T06:55:59Z,2026-04-07T21:17:32Z,fi-ar;wave1;realize;config
ERPFIN,Aurora ERP: Finance & Controlling,ERPFIN-192,Fit-gap workshop: variance analysis for production orders for plant 1100 Guelph,task,Closed,done,u-gustavo.martins,Gustavo Martins,3,points,,2026-02-25,ERPFIN-5,,2026-02-09T12:42:57Z,2026-03-08T09:57:45Z,2026-03-07T19:31:30Z,co-pc;wave1;explore
ERPFIN,Aurora ERP: Finance & Controlling,ERPFIN-193,Unit test: cost center standard hierarchy,task,Closed,done,u-joao.kim,João Kim,5,points,,,ERPFIN-131,ERPFIN-205,2026-02-09T23:47:02Z,2026-04-21T23:36:12Z,2026-04-21T04:20:07Z,co-pc;wave1;realize
ERPFIN,Aurora ERP: Finance & Controlling,ERPFIN-194,Decision log and sign-off: TR design (Hire-to-Retire),task,Done,done,u-daniel.souza,Daniel Souza,8,points,,,ERPFIN-12,,2026-02-10T04:23:35Z,2026-03-10T14:46:24Z,2026-03-09T20:24:47Z,tr;wave1;explore
ERPFIN,Aurora ERP: Finance & Controlling,ERPFIN-195,Decision log and sign-off: FI-AP design (Record-to-Report),task,Done,done,u-isabela.weber,Isabela Weber,1,points,,2026-03-07,ERPFIN-3,,2026-02-10T20:40:54Z,2026-03-15T14:43:18Z,2026-03-13T19:05:21Z,fi-ap;wave1;explore
ERPFIN,Aurora ERP: Finance & Controlling,ERPFIN-196,Configure account-based CO-PA activation,story,Closed,done,u-gustavo.martins,Gustavo Martins,2,points,,2026-04-07,ERPFIN-133,,2026-02-11T01:10:51Z,2026-04-16T20:57:27Z,2026-04-15T17:29:07Z,co-pa;wave1;realize;config
ERPFIN,Aurora ERP: Finance & Controlling,ERPFIN-197,Configure payment terms and cash discount,story,Done,done,,,2,points,,2026-03-26,ERPFIN-103,,2026-02-11T03:15:51Z,2026-03-25T18:44:03Z,2026-03-24T04:35:22Z,fi-ap;wave1;realize;config
ERPFIN,Aurora ERP: Finance & Controlling,ERPFIN-198,Functional spec Enhancement: profitability characteristics for plant 1100 Guelph,task,Closed,done,u-mariana.martins,Mariana Martins,3,points,,2026-03-13,ERPFIN-115,,2026-02-11T20:25:03Z,2026-03-20T15:08:31Z,2026-03-19T04:04:51Z,co-pa;wave1;wricef
ERPFIN,Aurora ERP: Finance & Controlling,ERPFIN-199,Configure automatic payment program F110,story,Closed,done,u-gustavo.nguyen,Gustavo Nguyen,1,points,,2026-04-05,ERPFIN-103,ERPFIN-137,2026-02-13T02:58:39Z,2026-04-10T22:14:31Z,2026-04-10T20:46:04Z,fi-ap;wave1;realize;config
ERPFIN,Aurora ERP: Finance & Controlling,ERPFIN-200,Decision log and sign-off: FI-AA design (Acquire-to-Retire),task,Closed,done,u-gustavo.martins,Gustavo Martins,8,points,,2026-03-09,ERPFIN-7,,2026-02-13T09:17:44Z,2026-03-08T19:53:23Z,2026-03-07T17:45:12Z,fi-aa;wave1;explore
ERPFIN,Aurora ERP: Finance & Controlling,ERPFIN-201,Functional spec: GST/HST tax codes,task,Done,done,u-mariana.martins,Mariana Martins,3,points,,2026-04-09,ERPFIN-110,,2026-02-13T11:50:42Z,2026-04-11T11:01:08Z,2026-04-09T17:07:58Z,fi-gl;wave1;realize
ERPFIN,Aurora ERP: Finance & Controlling,ERPFIN-202,Process design document: three-way match blocking for plant 1100 Guelph,story,Done,done,u-samuel.martins,Samuel Martins,8,points,2026-03-05,2026-03-07,ERPFIN-3,ERPFIN-147,2026-02-13T12:35:04Z,2026-03-05T17:45:55Z,2026-03-05T10:40:34Z,fi-ap;wave1;explore
ERPFIN,Aurora ERP: Finance & Controlling,ERPFIN-203,Process design document: invoice verification tolerances for plant 1100 Guelph,story,Done,done,u-mariana.martins,Mariana Martins,3,points,,2026-03-07,ERPFIN-3,ERPFIN-211,2026-02-14T08:25:31Z,2026-03-10T02:56:23Z,2026-03-09T08:40:27Z,fi-ap;wave1;explore
ERPFIN,Aurora ERP: Finance & Controlling,ERPFIN-204,Functional spec: profitability characteristics,task,Closed,done,u-lucas.wilson,Lucas Wilson,5,points,,2026-03-15,ERPFIN-133,,2026-02-14T08:28:05Z,2026-03-19T20:10:47Z,2026-03-19T01:53:30Z,co-pa;wave1;realize
ERPFIN,Aurora ERP: Finance & Controlling,ERPFIN-205,Configure cost center standard hierarchy,story,Done,done,u-daniel.souza,Daniel Souza,5,points,,2026-03-15,ERPFIN-131,,2026-02-14T10:10:29Z,2026-03-22T13:01:43Z,2026-03-21T01:04:05Z,co-pc;wave1;realize;config
ERPFIN,Aurora ERP: Finance & Controlling,ERPFIN-206,Functional spec Form: depreciation run AFAB,task,Done,done,u-ana.chen,Ana Chen,8,points,,2026-03-17,ERPFIN-95,,2026-02-14T13:42:00Z,2026-03-23T06:04:14Z,2026-03-21T19:09:10Z,fi-aa;wave1;wricef
ERPFIN,Aurora ERP: Finance & Controlling,ERPFIN-207,Build Report: variance analysis for production orders,story,Done,done,u-gustavo.martins,Gustavo Martins,1,points,2026-03-15,2026-04-18,ERPFIN-134,ERPFIN-160;ERPFIN-233,2026-02-15T01:23:56Z,2026-04-28T13:10:47Z,2026-04-27T02:46:34Z,co-pc;wave1;wricef
ERPFIN,Aurora ERP: Finance & Controlling,ERPFIN-208,Unit test: company code 1000 (Vetra Canada),task,Done,done,u-lucas.wilson,Lucas Wilson,8,points,2026-03-16,2026-04-16,ERPFIN-110,ERPFIN-153,2026-02-15T01:51:51Z,2026-04-18T06:51:30Z,2026-04-17T11:54:23Z,fi-gl;wave1;realize
ERPFIN,Aurora ERP: Finance & Controlling,ERPFIN-209,Decision log and sign-off: CO-PA design (Hire-to-Retire),task,Closed,done,u-gustavo.martins,Gustavo Martins,1,points,2026-02-28,2026-03-13,ERPFIN-1,,2026-02-15T03:39:12Z,2026-03-13T10:22:58Z,2026-03-12T13:24:33Z,co-pa;wave1;explore
ERPFIN,Aurora ERP: Finance & Controlling,ERPFIN-210,Decision log and sign-off: CO-PC design (Plan-to-Produce),task,Done,done,u-kevin.almeida,Kevin Almeida,3,points,,2026-02-25,ERPFIN-5,,2026-02-15T10:52:02Z,2026-03-08T04:31:38Z,2026-03-06T20:16:56Z,co-pc;wave1;explore
ERPFIN,Aurora ERP: Finance & Controlling,ERPFIN-211,Fit-gap workshop: invoice verification tolerances for plant 1100 Guelph,task,Closed,done,u-isabela.iyer,Isabela Iyer,3,points,2026-02-14,2026-03-07,ERPFIN-3,,2026-02-15T11:49:12Z,2026-03-17T06:04:49Z,2026-03-16T14:51:26Z,fi-ap;wave1;explore
ERPFIN,Aurora ERP: Finance & Controlling,ERPFIN-212,Functional spec: QST tax procedure for Quebec,task,Closed,done,u-gustavo.martins,Gustavo Martins,8,points,2026-03-10,2026-04-19,ERPFIN-110,,2026-02-15T14:29:50Z,2026-04-26T17:55:58Z,2026-04-24T22:06:55Z,fi-gl;wave1;realize
ERPFIN,Aurora ERP: Finance & Controlling,ERPFIN-213,Configure asset under construction settlement,story,Closed,done,u-kevin.almeida,Kevin Almeida,8,points,,,ERPFIN-132,,2026-02-16T11:35:57Z,2026-04-19T07:49:32Z,2026-04-17T22:15:10Z,fi-aa;wave1;realize;config
ERPFIN,Aurora ERP: Finance & Controlling,ERPFIN-214,Functional spec: asset classes and depreciation keys,task,Done,done,u-gustavo.martins,Gustavo Martins,5,points,,,ERPFIN-132,,2026-02-16T20:57:09Z,2026-03-14T08:29:51Z,2026-03-13T18:06:44Z,fi-aa;wave1;realize
ERPFIN,Aurora ERP: Finance & Controlling,ERPFIN-215,Functional spec Report: overhead costing sheet,task,Done,done,u-gustavo.martins,Gustavo Martins,8,points,,,ERPFIN-134,,2026-02-16T22:40:41Z,2026-04-19T12:37:46Z,2026-04-18T15:02:15Z,co-pc;wave1;wricef
ERPFIN,Aurora ERP: Finance & Controlling,ERPFIN-216,Configure lockbox and CAMT.053 statement import,story,Done,done,u-kevin.almeida,Kevin Almeida,3,points,2026-03-02,2026-04-17,ERPFIN-151,,2026-02-17T12:25:30Z,2026-04-22T07:40:30Z,2026-04-22T07:19:30Z,fi-ar;wave1;realize;config
ERPFIN,Aurora ERP: Finance & Controlling,ERPFIN-217,Unit test: chart of accounts VETRA,task,In Review,in_progress,u-samuel.martins,Samuel Martins,3,points,,2026-04-13,ERPFIN-110,ERPFIN-156,2026-02-18T01:10:32Z,2026-08-23T10:26:35Z,,fi-gl;wave1;realize
ERPFIN,Aurora ERP: Finance & Controlling,ERPFIN-218,Configure ISO 20022 pain.001 payment file,story,Closed,done,u-gustavo.martins,Gustavo Martins,3,points,,2026-04-16,ERPFIN-103,,2026-02-18T17:14:34Z,2026-04-20T09:21:22Z,2026-04-18T20:44:27Z,fi-ap;wave1;realize;config
ERPFIN,Aurora ERP: Finance & Controlling,ERPFIN-219,Unit test: dunning procedure,task,Done,done,u-gustavo.nguyen,Gustavo Nguyen,2,points,,2026-04-20,ERPFIN-151,ERPFIN-191,2026-02-18T19:10:48Z,2026-04-17T11:21:46Z,2026-04-15T18:11:58Z,fi-ar;wave1;realize
ERPFIN,Aurora ERP: Finance & Controlling,ERPFIN-220,Functional spec Report: cash position and liquidity forecast,task,Closed,done,u-lucas.wilson,Lucas Wilson,3,points,,2026-04-04,ERPFIN-111,ERPFIN-948,2026-02-18T21:08:34Z,2026-04-14T03:56:43Z,2026-04-12T07:17:44Z,tr;wave1;wricef
ERPFIN,Aurora ERP: Finance & Controlling,ERPFIN-221,Technical spec Enhancement: customer statements for plant 1100 Guelph,task,Closed,done,u-gustavo.nguyen,Gustavo Nguyen,5,points,,2026-04-01,ERPFIN-158,ERPFIN-180,2026-02-19T03:54:18Z,2026-03-31T13:33:24Z,2026-03-30T01:49:54Z,fi-ar;wave1;wricef
ERPFIN,Aurora ERP: Finance & Controlling,ERPFIN-222,Functional spec: internal orders for capex,task,Done,done,u-gustavo.martins,Gustavo Martins,5,points,,2026-05-01,ERPFIN-133,,2026-02-19T04:37:55Z,2026-05-08T12:25:21Z,2026-05-08T06:37:29Z,co-pa;wave1;realize
ERPFIN,Aurora ERP: Finance & Controlling,ERPFIN-223,Fit-gap workshop: depreciation run AFAB for plant 1100 Guelph,task,Closed,done,u-gustavo.martins,Gustavo Martins,5,points,2026-02-20,2026-03-09,ERPFIN-7,,2026-02-19T07:03:10Z,2026-03-06T17:59:58Z,2026-03-04T21:09:29Z,fi-aa;wave1;explore
ERPFIN,Aurora ERP: Finance & Controlling,ERPFIN-224,Functional spec: profit center structure,task,Closed,done,u-gustavo.martins,Gustavo Martins,2,points,2026-03-09,,ERPFIN-133,,2026-02-19T17:09:51Z,2026-04-16T20:12:52Z,2026-04-16T15:43:19Z,co-pa;wave1;realize
ERPFIN,Aurora ERP: Finance & Controlling,ERPFIN-225,Unit test: asset classes and depreciation keys,task,Backlog,todo,,,5,points,,,ERPFIN-132,ERPFIN-161,2026-02-20T11:35:00Z,2026-08-06T07:47:45Z,,fi-aa;wave1;realize
ERPFIN,Aurora ERP: Finance & Controlling,ERPFIN-226,Fit-gap workshop: plan/actual reporting for plant 1100 Guelph,task,Done,done,u-gustavo.martins,Gustavo Martins,5,points,,2026-03-13,ERPFIN-1,,2026-02-20T12:12:04Z,2026-03-22T11:21:30Z,2026-03-20T12:57:04Z,co-pa;wave1;explore
ERPFIN,Aurora ERP: Finance & Controlling,ERPFIN-227,Functional spec Form: activity types and rates for plant 1100 Guelph,task,Done,done,,,3,points,2026-03-21,,ERPFIN-134,,2026-02-20T12:17:30Z,2026-04-20T10:10:36Z,2026-04-19T00:47:13Z,co-pc;wave1;wricef
ERPFIN,Aurora ERP: Finance & Controlling,ERPFIN-228,Functional spec Report: withholding tax (T4A/NR4),task,Closed,done,u-daniel.souza,Daniel Souza,13,points,,2026-04-15,ERPFIN-135,,2026-02-21T04:54:33Z,2026-04-16T11:18:18Z,2026-04-16T05:11:53Z,fi-ap;wave1;wricef
ERPFIN,Aurora ERP: Finance & Controlling,ERPFIN-229,Build Enhancement: customer statements for plant 1100 Guelph,story,Done,done,u-gustavo.nguyen,Gustavo Nguyen,3,points,2026-03-13,,ERPFIN-158,ERPFIN-221;ERPFIN-322,2026-02-21T13:46:24Z,2026-04-20T17:16:32Z,2026-04-19T01:11:37Z,fi-ar;wave1;wricef
ERPFIN,Aurora ERP: Finance & Controlling,ERPFIN-230,Unit test: payment terms and cash discount,task,Done,done,u-isabela.iyer,Isabela Iyer,5,points,,2026-04-23,ERPFIN-103,ERPFIN-197,2026-02-22T05:47:30Z,2026-04-25T00:30:17Z,2026-04-24T21:33:21Z,fi-ap;wave1;realize
ERPFIN,Aurora ERP: Finance & Controlling,ERPFIN-231,Unit test: vendor Business Partner roles,task,Done,done,u-joao.kim,João Kim,5,points,,,ERPFIN-103,ERPFIN-138,2026-02-22T12:52:27Z,2026-04-10T13:38:43Z,2026-04-10T03:05:02Z,fi-ap;wave1;realize
ERPFIN,Aurora ERP: Finance & Controlling,ERPFIN-232,Process design document: intercompany elimination for plant 1100 Guelph,story,Blocked,in_progress,u-gustavo.martins,Gustavo Martins,2,points,,2026-02-27,ERPFIN-4,ERPFIN-185,2026-02-22T13:23:29Z,2026-08-12T10:48:31Z,,fi-gl;wave1;explore
ERPFIN,Aurora ERP: Finance & Controlling,ERPFIN-233,Configure activity types and rates,story,Closed,done,u-nikhil.almeida,Nikhil Almeida,5,points,,,ERPFIN-131,,2026-02-22T21:28:56Z,2026-04-01T02:25:08Z,2026-03-31T23:52:33Z,co-pc;wave1;realize;config
ERPFIN,Aurora ERP: Finance & Controlling,ERPFIN-234,Functional spec: credit management (FSCM) limits,task,Done,done,u-lucas.wilson,Lucas Wilson,2,points,,,ERPFIN-151,,2026-02-23T09:48:17Z,2026-04-26T20:59:52Z,2026-04-25T10:19:13Z,fi-ar;wave1;realize
ERPFIN,Aurora ERP: Finance & Controlling,ERPFIN-235,Functional spec Enhancement: lockbox and CAMT.053 statement import for plant 1100 Guelph,task,Closed,done,u-nikhil.almeida,Nikhil Almeida,8,points,,2026-04-23,ERPFIN-158,,2026-02-23T15:57:19Z,2026-05-04T09:40:03Z,2026-05-04T08:20:23Z,fi-ar;wave1;wricef
ERPFIN,Aurora ERP: Finance & Controlling,ERPFIN-236,Configure document splitting,story,Done,done,u-gustavo.martins,Gustavo Martins,5,points,,2026-04-16,ERPFIN-110,,2026-02-24T01:59:18Z,2026-04-14T06:09:41Z,2026-04-13T04:03:25Z,fi-gl;wave1;realize;config
ERPFIN,Aurora ERP: Finance & Controlling,ERPFIN-237,Functional spec: cash position and liquidity forecast,task,Done,done,u-samuel.martins,Samuel Martins,3,points,2026-02-28,2026-04-11,ERPFIN-141,,2026-02-24T20:27:52Z,2026-04-19T22:05:32Z,2026-04-19T11:13:25Z,tr;wave1;realize
ERPFIN,Aurora ERP: Finance & Controlling,ERPFIN-238,Configure QST tax procedure for Quebec,story,Closed,done,u-kevin.almeida,Kevin Almeida,5,points,2026-03-20,2026-04-24,ERPFIN-110,ERPFIN-212,2026-02-25T01:55:06Z,2026-05-06T20:52:32Z,2026-05-05T01:23:51Z,fi-gl;wave1;realize;config
ERPFIN,Aurora ERP: Finance & Controlling,ERPFIN-239,Unit test: profitability characteristics,task,To Do,todo,u-daniel.souza,Daniel Souza,3,points,,2026-04-22,ERPFIN-133,ERPFIN-190,2026-02-25T11:10:47Z,2026-06-28T21:17:00Z,,co-pa;wave1;realize
ERPFIN,Aurora ERP: Finance & Controlling,ERPFIN-240,Unit test: lockbox and CAMT.053 statement import,task,Blocked,in_progress,u-gustavo.martins,Gustavo Martins,1,points,2026-03-26,2026-05-03,ERPFIN-151,ERPFIN-216,2026-02-25T19:22:36Z,2026-08-15T14:21:49Z,,fi-ar;wave1;realize
ERPFIN,Aurora ERP: Finance & Controlling,ERPFIN-241,Authorization role for chart of accounts VETRA,task,Closed,done,u-gustavo.martins,Gustavo Martins,5,points,,2026-04-21,ERPFIN-110,ERPFIN-156,2026-02-26T07:16:59Z,2026-05-02T14:57:51Z,2026-05-01T18:22:18Z,fi-gl;wave1;realize;security
ERPFIN,Aurora ERP: Finance & Controlling,ERPFIN-242,Functional spec Form: vendor Business Partner roles for plant 1100 Guelph,task,Done,done,u-gustavo.nguyen,Gustavo Nguyen,3,points,,2026-04-07,ERPFIN-135,ERPFIN-100,2026-02-26T15:16:54Z,2026-04-12T03:52:56Z,2026-04-11T02:41:30Z,fi-ap;wave1;wricef
ERPFIN,Aurora ERP: Finance & Controlling,ERPFIN-243,Unit test: company code 2000 (Vetra US),task,Closed,done,u-nikhil.almeida,Nikhil Almeida,2,points,,2026-04-22,ERPFIN-110,ERPFIN-182,2026-02-26T18:38:36Z,2026-05-02T09:21:16Z,2026-05-01T08:07:40Z,fi-gl;wave1;realize
ERPFIN,Aurora ERP: Finance & Controlling,ERPFIN-244,Configure profit center structure,story,Closed,done,u-isabela.weber,Isabela Weber,3,points,,2026-04-17,ERPFIN-133,ERPFIN-224,2026-02-27T23:29:27Z,2026-04-13T08:48:28Z,2026-04-12T13:22:29Z,co-pa;wave1;realize;config
ERPFIN,Aurora ERP: Finance & Controlling,ERPFIN-245,Configure cash application rules,story,Closed,done,u-lucas.wilson,Lucas Wilson,5,points,2026-03-28,2026-05-15,ERPFIN-151,ERPFIN-257,2026-02-28T01:13:28Z,2026-05-18T21:17:34Z,2026-05-17T13:10:28Z,fi-ar;wave1;realize;config
ERPFIN,Aurora ERP: Finance & Controlling,ERPFIN-246,Functional spec Interface: document splitting,task,Closed,done,,,5,points,,2026-04-19,ERPFIN-126,,2026-02-28T02:59:42Z,2026-04-29T07:17:42Z,2026-04-28T00:57:19Z,fi-gl;wave1;wricef
ERPFIN,Aurora ERP: Finance & Controlling,ERPFIN-247,Unit test: customer Business Partner roles,task,Closed,done,u-kevin.almeida,Kevin Almeida,13,points,,2026-04-11,ERPFIN-151,ERPFIN-183,2026-02-28T06:12:55Z,2026-04-08T16:12:33Z,2026-04-08T15:29:06Z,fi-ar;wave1;realize
ERPFIN,Aurora ERP: Finance & Controlling,ERPFIN-248,Functional spec Form: lockbox and CAMT.053 statement import,task,Done,done,u-gustavo.martins,Gustavo Martins,5,points,,2026-04-10,ERPFIN-158,ERPFIN-421,2026-03-01T00:32:30Z,2026-04-11T15:02:43Z,2026-04-10T11:24:42Z,fi-ar;wave1;wricef
ERPFIN,Aurora ERP: Finance & Controlling,ERPFIN-249,Configure GST/HST tax codes,story,Closed,done,u-gustavo.nguyen,Gustavo Nguyen,5,points,,,ERPFIN-110,ERPFIN-201,2026-03-01T14:33:52Z,2026-04-24T20:19:23Z,2026-04-23T23:33:38Z,fi-gl;wave1;realize;config
ERPFIN,Aurora ERP: Finance & Controlling,ERPFIN-250,Technical spec Report: withholding tax (T4A/NR4),task,Closed,done,u-gustavo.martins,Gustavo Martins,2,points,,2026-05-09,ERPFIN-135,ERPFIN-228,2026-03-02T05:45:48Z,2026-05-16T03:57:03Z,2026-05-14T18:33:30Z,fi-ap;wave1;wricef
ERPFIN,Aurora ERP: Finance & Controlling,ERPFIN-251,Configure invoice verification tolerances,story,Done,done,u-lucas.wilson,Lucas Wilson,13,points,2026-03-24,2026-05-01,ERPFIN-103,,2026-03-02T10:05:47Z,2026-05-12T05:53:51Z,2026-05-12T03:11:02Z,fi-ap;wave1;realize;config
ERPFIN,Aurora ERP: Finance & Controlling,ERPFIN-252,Functional spec Workflow: cash position and liquidity forecast,task,Closed,done,u-ana.chen,Ana Chen,2,points,,2026-04-24,ERPFIN-111,,2026-03-03T09:03:47Z,2026-05-02T18:51:28Z,2026-05-01T06:20:58Z,tr;wave1;wricef
ERPFIN,Aurora ERP: Finance & Controlling,ERPFIN-253,Configure material ledger actual costing,story,Closed,done,u-mariana.martins,Mariana Martins,5,points,,2026-04-22,ERPFIN-131,ERPFIN-270,2026-03-03T10:21:43Z,2026-04-22T23:56:56Z,2026-04-21T15:11:47Z,co-pc;wave1;realize;config
ERPFIN,Aurora ERP: Finance & Controlling,ERPFIN-254,Authorization role for CCA classes for Canadian tax,task,Done,done,u-gustavo.martins,Gustavo Martins,8,points,,2026-05-07,ERPFIN-132,ERPFIN-148,2026-03-04T11:40:09Z,2026-05-08T12:46:32Z,2026-05-07T20:29:43Z,fi-aa;wave1;realize;security
ERPFIN,Aurora ERP: Finance & Controlling,ERPFIN-255,Functional spec Workflow: asset transfer from legacy JDE,task,Closed,done,u-daniel.souza,Daniel Souza,8,points,,,ERPFIN-95,,2026-03-05T00:59:43Z,2026-04-30T21:32:09Z,2026-04-30T01:46:30Z,fi-aa;wave1;wricef
ERPFIN,Aurora ERP: Finance & Controlling,ERPFIN-256,Process design document: plan/actual reporting for plant 1100 Guelph,story,Closed,done,u-mariana.martins,Mariana Martins,8,points,,2026-03-13,ERPFIN-1,ERPFIN-226,2026-03-05T07:17:49Z,2026-03-12T07:21:31Z,2026-03-10T15:09:01Z,co-pa;wave1;explore
ERPFIN,Aurora ERP: Finance & Controlling,ERPFIN-257,Functional spec: cash application rules,task,Done,done,u-gustavo.martins,Gustavo Martins,1,points,,2026-04-29,ERPFIN-151,,2026-03-05T10:19:29Z,2026-05-10T13:34:29Z,2026-05-10T09:04:44Z,fi-ar;wave1;realize
ERPFIN,Aurora ERP: Finance & Controlling,ERPFIN-258,Technical spec Form: activity types and rates for plant 1100 Guelph,task,Done,done,u-mariana.martins,Mariana Martins,1,points,2026-04-02,2026-05-14,ERPFIN-134,ERPFIN-227,2026-03-05T23:17:42Z,2026-05-18T10:52:55Z,2026-05-18T09:12:18Z,co-pc;wave1;wricef
ERPFIN,Aurora ERP: Finance & Controlling,ERPFIN-259,Unit test: activity types and rates,task,Done,done,,,2,points,,2026-04-27,ERPFIN-131,ERPFIN-233,2026-03-06T00:06:05Z,2026-04-22T22:28:56Z,2026-04-22T10:01:03Z,co-pc;wave1;realize
ERPFIN,Aurora ERP: Finance & Controlling,ERPFIN-260,Build Form: cash position and liquidity forecast for plant 1100 Guelph,story,Done,done,u-isabela.weber,Isabela Weber,1,points,,,ERPFIN-111,ERPFIN-167;ERPFIN-189,2026-03-06T12:32:07Z,2026-04-25T23:35:43Z,2026-04-24T13:21:25Z,tr;wave1;wricef
ERPFIN,Aurora ERP: Finance & Controlling,ERPFIN-261,Unit test Enhancement: profitability characteristics for plant 1100 Guelph,task,Closed,done,u-mariana.martins,Mariana Martins,8,points,,2026-05-15,ERPFIN-115,ERPFIN-281,2026-03-06T20:05:46Z,2026-05-16T03:41:29Z,2026-05-14T18:44:24Z,co-pa;wave1;wricef
ERPFIN,Aurora ERP: Finance & Controlling,ERPFIN-262,Build Form: depreciation run AFAB,story,Done,done,u-gustavo.martins,Gustavo Martins,8,points,,,ERPFIN-95,ERPFIN-176;ERPFIN-465,2026-03-06T22:17:56Z,2026-04-21T17:14:46Z,2026-04-19T19:16:51Z,fi-aa;wave1;wricef
ERPFIN,Aurora ERP: Finance & Controlling,ERPFIN-263,Configure asset transfer from legacy JDE,story,Done,done,u-nadia.gagnon,Nadia Gagnon,5,points,,2026-05-01,ERPFIN-132,,2026-03-07T08:30:55Z,2026-04-30T03:44:33Z,2026-04-29T02:03:07Z,fi-aa;wave1;realize;config
ERPFIN,Aurora ERP: Finance & Controlling,ERPFIN-264,Unit test: bank account management,task,Closed,done,u-joao.kim,João Kim,5,points,,,ERPFIN-141,ERPFIN-174,2026-03-08T02:04:33Z,2026-05-10T04:18:38Z,2026-05-09T04:38:49Z,tr;wave1;realize
ERPFIN,Aurora ERP: Finance & Controlling,ERPFIN-265,Technical spec Report: overhead costing sheet,task,Done,done,u-gustavo.martins,Gustavo Martins,,points,,2026-04-18,ERPFIN-134,ERPFIN-215,2026-03-08T06:30:02Z,2026-04-30T22:55:34Z,2026-04-29T05:12:21Z,co-pc;wave1;wricef
ERPFIN,Aurora ERP: Finance & Controlling,ERPFIN-266,Configure credit management (FSCM) limits,story,Done,done,u-samuel.martins,Samuel Martins,1,points,,2026-04-25,ERPFIN-151,ERPFIN-234,2026-03-08T09:04:46Z,2026-05-01T04:50:44Z,2026-05-01T01:50:47Z,fi-ar;wave1;realize;config
ERPFIN,Aurora ERP: Finance & Controlling,ERPFIN-267,Functional spec Report: company code 2000 (Vetra US),task,Done,done,u-isabela.iyer,Isabela Iyer,5,points,,2026-04-30,ERPFIN-126,,2026-03-08T12:54:06Z,2026-05-04T22:56:26Z,2026-05-03T00:09:41Z,fi-gl;wave1;wricef
ERPFIN,Aurora ERP: Finance & Controlling,ERPFIN-268,Technical spec Report: cash position and liquidity forecast,task,In Progress,in_progress,u-isabela.iyer,Isabela Iyer,3,points,,2026-04-22,ERPFIN-111,ERPFIN-220,2026-03-09T01:43:27Z,2026-08-22T16:54:00Z,,tr;wave1;wricef
ERPFIN,Aurora ERP: Finance & Controlling,ERPFIN-269,Unit test: automatic payment program F110,task,Ready,todo,,,2,points,2026-03-24,,ERPFIN-103,ERPFIN-199;ERPFIN-530,2026-03-09T06:05:42Z,2026-07-14T14:25:31Z,,fi-ap;wave1;realize
ERPFIN,Aurora ERP: Finance & Controlling,ERPFIN-270,Functional spec: material ledger actual costing,task,Closed,done,u-joao.kim,João Kim,2,points,,2026-04-16,ERPFIN-131,,2026-03-09T09:20:08Z,2026-04-23T21:45:35Z,2026-04-23T20:32:56Z,co-pc;wave1;realize
ERPFIN,Aurora ERP: Finance & Controlling,ERPFIN-271,"Configure parallel ledgers (IFRS, local GAAP)",story,Blocked,in_progress,u-gustavo.martins,Gustavo Martins,5,points,2026-04-06,,ERPFIN-110,,2026-03-09T21:24:24Z,2026-08-20T10:00:39Z,,fi-gl;wave1;realize;config
ERPFIN,Aurora ERP: Finance & Controlling,ERPFIN-272,Functional spec: fiscal year variant and posting periods,task,Done,done,,,1,points,,,ERPFIN-110,,2026-03-10T01:44:44Z,2026-05-09T09:01:13Z,2026-05-08T07:31:38Z,fi-gl;wave1;realize
ERPFIN,Aurora ERP: Finance & Controlling,ERPFIN-273,Technical spec Workflow: asset transfer from legacy JDE,task,Done,done,u-daniel.souza,Daniel Souza,5,points,2026-03-29,2026-05-07,ERPFIN-95,ERPFIN-255,2026-03-10T02:07:28Z,2026-05-19T05:15:42Z,2026-05-17T23:38:02Z,fi-aa;wave1;wricef
ERPFIN,Aurora ERP: Finance & Controlling,ERPFIN-274,Technical spec Conversion: plan/actual reporting for plant 1100 Guelph,task,Closed,done,u-gustavo.martins,Gustavo Martins,1,points,2026-03-19,2026-04-29,ERPFIN-115,ERPFIN-186;ERPFIN-287,2026-03-10T13:42:25Z,2026-05-04T23:16:05Z,2026-05-03T01:40:28Z,co-pa;wave1;wricef
ERPFIN,Aurora ERP: Finance & Controlling,ERPFIN-275,Configure three-way match blocking,story,Done,done,u-daniel.souza,Daniel Souza,2,points,,2026-05-21,ERPFIN-103,,2026-03-10T19:30:27Z,2026-05-19T23:19:19Z,2026-05-19T16:10:39Z,fi-ap;wave1;realize;config
ERPFIN,Aurora ERP: Finance & Controlling,ERPFIN-276,Build Conversion: payment terms and cash discount for plant 1100 Guelph,story,Done,done,u-nadia.gagnon,Nadia Gagnon,8,points,2026-03-17,2026-04-24,ERPFIN-135,ERPFIN-173;ERPFIN-359,2026-03-11T04:52:16Z,2026-05-05T17:15:06Z,2026-05-05T07:49:21Z,fi-ap;wave1;wricef
ERPFIN,Aurora ERP: Finance & Controlling,ERPFIN-277,Unit test: costing variant PPC1,task,Closed,done,u-lucas.wilson,Lucas Wilson,1,points,2026-04-07,,ERPFIN-131,ERPFIN-178,2026-03-11T09:01:35Z,2026-05-17T11:57:32Z,2026-05-16T18:49:38Z,co-pc;wave1;realize
ERPFIN,Aurora ERP: Finance & Controlling,ERPFIN-278,Unit test: CCA classes for Canadian tax,task,Done,done,u-gustavo.nguyen,Gustavo Nguyen,2,points,,2026-04-30,ERPFIN-132,ERPFIN-148,2026-03-11T11:48:34Z,2026-05-02T09:21:02Z,2026-05-01T15:33:22Z,fi-aa;wave1;realize
ERPFIN,Aurora ERP: Finance & Controlling,ERPFIN-279,Technical spec Enhancement: lockbox and CAMT.053 statement import for plant 1100 Guelph,task,Closed,done,u-kevin.almeida,Kevin Almeida,8,points,,2026-05-06,ERPFIN-158,ERPFIN-235,2026-03-12T15:53:11Z,2026-05-11T07:03:05Z,2026-05-10T21:53:21Z,fi-ar;wave1;wricef
ERPFIN,Aurora ERP: Finance & Controlling,ERPFIN-280,Build Enhancement: fiscal year variant and posting periods,story,Done,done,u-lucas.wilson,Lucas Wilson,2,points,2026-03-17,2026-04-30,ERPFIN-126,ERPFIN-179;ERPFIN-577,2026-03-14T04:08:57Z,2026-04-29T11:37:01Z,2026-04-29T05:57:09Z,fi-gl;wave1;wricef
ERPFIN,Aurora ERP: Finance & Controlling,ERPFIN-281,Build Enhancement: profitability characteristics for plant 1100 Guelph,story,Done,done,u-gustavo.martins,Gustavo Martins,5,points,,,ERPFIN-115,ERPFIN-187;ERPFIN-409,2026-03-15T00:51:20Z,2026-04-21T20:32:31Z,2026-04-21T16:15:46Z,co-pa;wave1;wricef
ERPFIN,Aurora ERP: Finance & Controlling,ERPFIN-282,Technical spec Enhancement: payment terms and cash discount,task,Closed,done,u-gustavo.martins,Gustavo Martins,2,points,,2026-05-19,ERPFIN-135,ERPFIN-307,2026-03-15T11:34:27Z,2026-05-28T09:19:47Z,2026-05-28T05:29:29Z,fi-ap;wave1;wricef
ERPFIN,Aurora ERP: Finance & Controlling,ERPFIN-283,Unit test: account-based CO-PA activation,task,Closed,done,,,3,points,2026-03-23,2026-05-03,ERPFIN-133,ERPFIN-196,2026-03-15T14:51:35Z,2026-05-13T17:27:50Z,2026-05-12T14:01:21Z,co-pa;wave1;realize
ERPFIN,Aurora ERP: Finance & Controlling,ERPFIN-284,Configure fiscal year variant and posting periods,story,Done,done,u-gustavo.martins,Gustavo Martins,3,points,,2026-05-05,ERPFIN-110,ERPFIN-272,2026-03-15T15:05:39Z,2026-05-02T19:38:17Z,2026-04-30T21:15:02Z,fi-gl;wave1;realize;config
ERPFIN,Aurora ERP: Finance & Controlling,ERPFIN-285,Unit test: ISO 20022 pain.001 payment file,task,Done,done,u-nikhil.almeida,Nikhil Almeida,5,points,,2026-05-15,ERPFIN-103,ERPFIN-218,2026-03-15T15:27:46Z,2026-05-12T22:10:25Z,2026-05-11T07:34:22Z,fi-ap;wave1;realize
ERPFIN,Aurora ERP: Finance & Controlling,ERPFIN-286,Technical spec Interface: document splitting,task,Closed,done,u-joao.kim,João Kim,5,points,,2026-05-06,ERPFIN-126,ERPFIN-246,2026-03-16T01:49:02Z,2026-05-06T11:29:39Z,2026-05-04T12:25:42Z,fi-gl;wave1;wricef
ERPFIN,Aurora ERP: Finance & Controlling,ERPFIN-287,Technical spec Form: vendor Business Partner roles for plant 1100 Guelph,task,Closed,done,,,13,points,2026-03-15,2026-04-13,ERPFIN-135,ERPFIN-242,2026-03-16T03:31:51Z,2026-04-16T22:02:19Z,2026-04-16T05:22:19Z,fi-ap;wave1;wricef
ERPFIN,Aurora ERP: Finance & Controlling,ERPFIN-288,Build Form: lockbox and CAMT.053 statement import,story,Closed,done,u-gustavo.martins,Gustavo Martins,8,points,,2026-05-09,ERPFIN-158,ERPFIN-293;ERPFIN-183,2026-03-17T18:29:26Z,2026-05-16T16:40:55Z,2026-05-16T04:33:34Z,fi-ar;wave1;wricef
ERPFIN,Aurora ERP: Finance & Controlling,ERPFIN-289,Unit test: GST/HST tax codes,task,Blocked,in_progress,,,2,points,2026-04-08,2026-05-12,ERPFIN-110,ERPFIN-249,2026-03-18T03:05:51Z,2026-08-21T12:30:04Z,,fi-gl;wave1;realize
ERPFIN,Aurora ERP: Finance & Controlling,ERPFIN-290,Build Report: overhead costing sheet,story,Done,done,u-mariana.martins,Mariana Martins,2,points,,2026-05-12,ERPFIN-134,ERPFIN-265;ERPFIN-178,2026-03-18T07:58:59Z,2026-05-15T02:19:21Z,2026-05-14T14:34:29Z,co-pc;wave1;wricef
ERPFIN,Aurora ERP: Finance & Controlling,ERPFIN-291,Functional spec: bank communication management,task,Done,done,u-nadia.gagnon,Nadia Gagnon,3,points,2026-03-24,2026-05-04,ERPFIN-141,,2026-03-18T12:17:42Z,2026-05-10T10:16:38Z,2026-05-09T21:03:00Z,tr;wave1;realize
ERPFIN,Aurora ERP: Finance & Controlling,ERPFIN-292,Unit test Report: variance analysis for production orders,task,Closed,done,u-gustavo.martins,Gustavo Martins,5,points,,2026-05-12,ERPFIN-134,ERPFIN-207,2026-03-18T18:14:55Z,2026-05-09T23:40:15Z,2026-05-09T03:02:39Z,co-pc;wave1;wricef
ERPFIN,Aurora ERP: Finance & Controlling,ERPFIN-293,Technical spec Form: lockbox and CAMT.053 statement import,task,Done,done,u-gustavo.martins,Gustavo Martins,13,points,,2026-04-19,ERPFIN-158,ERPFIN-248,2026-03-20T06:09:37Z,2026-04-19T19:20:36Z,2026-04-19T18:37:43Z,fi-ar;wave1;wricef
ERPFIN,Aurora ERP: Finance & Controlling,ERPFIN-294,Build Conversion: plan/actual reporting for plant 1100 Guelph,story,Closed,done,u-ana.chen,Ana Chen,3,points,2026-04-07,2026-05-12,ERPFIN-115,ERPFIN-274;ERPFIN-196,2026-03-20T10:05:27Z,2026-05-19T20:27:31Z,2026-05-18T09:21:04Z,co-pa;wave1;wricef
ERPFIN,Aurora ERP: Finance & Controlling,ERPFIN-295,Unit test: cash position and liquidity forecast,task,Closed,done,u-gustavo.martins,Gustavo Martins,3,points,,2026-05-18,ERPFIN-141,ERPFIN-189,2026-03-20T11:01:05Z,2026-05-30T08:28:39Z,2026-05-29T15:24:51Z,tr;wave1;realize
ERPFIN,Aurora ERP: Finance & Controlling,ERPFIN-296,Unit test Enhancement: customer statements for plant 1100 Guelph,task,Done,done,u-joao.kim,João Kim,2,points,,,ERPFIN-158,ERPFIN-229,2026-03-21T04:57:16Z,2026-05-15T15:31:24Z,2026-05-15T10:40:39Z,fi-ar;wave1;wricef
ERPFIN,Aurora ERP: Finance & Controlling,ERPFIN-297,Unit test: document splitting,task,Closed,done,u-daniel.souza,Daniel Souza,5,points,,2026-05-05,ERPFIN-110,ERPFIN-236,2026-03-21T09:15:27Z,2026-05-11T14:42:13Z,2026-05-10T11:53:38Z,fi-gl;wave1;realize
ERPFIN,Aurora ERP: Finance & Controlling,ERPFIN-298,Unit test: asset transfer from legacy JDE,task,Closed,done,u-nikhil.almeida,Nikhil Almeida,5,points,,2026-06-03,ERPFIN-132,ERPFIN-263,2026-03-22T06:34:35Z,2026-06-06T07:18:45Z,2026-06-05T15:41:27Z,fi-aa;wave1;realize
ERPFIN,Aurora ERP: Finance & Controlling,ERPFIN-299,Functional spec Conversion: top-down distribution,task,Closed,done,u-daniel.souza,Daniel Souza,2,points,2026-04-05,2026-05-14,ERPFIN-115,,2026-03-22T15:47:43Z,2026-05-11T22:46:49Z,2026-05-10T03:28:43Z,co-pa;wave1;wricef
ERPFIN,Aurora ERP: Finance & Controlling,ERPFIN-300,Configure intercompany elimination,story,Closed,done,u-ana.chen,Ana Chen,13,points,2026-04-14,2026-05-25,ERPFIN-110,,2026-03-23T12:00:54Z,2026-05-25T01:25:36Z,2026-05-24T14:31:57Z,fi-gl;wave1;realize;config
ERPFIN,Aurora ERP: Finance & Controlling,ERPFIN-301,Build Report: cash position and liquidity forecast,story,Done,done,u-gustavo.martins,Gustavo Martins,1,points,,,ERPFIN-111,ERPFIN-268;ERPFIN-174,2026-03-23T16:43:39Z,2026-05-01T18:07:04Z,2026-04-30T16:35:18Z,tr;wave1;wricef
ERPFIN,Aurora ERP: Finance & Controlling,ERPFIN-302,Technical spec Report: company code 2000 (Vetra US),task,To Do,todo,,,3,points,,2026-05-20,ERPFIN-126,ERPFIN-267,2026-03-24T20:21:13Z,2026-05-12T07:35:00Z,,fi-gl;wave1;wricef
ERPFIN,Aurora ERP: Finance & Controlling,ERPFIN-303,Configure WIP calculation and settlement,story,Done,done,u-gustavo.nguyen,Gustavo Nguyen,5,points,,,ERPFIN-131,ERPFIN-350,2026-03-25T16:24:09Z,2026-05-13T11:12:10Z,2026-05-12T03:49:35Z,co-pc;wave1;realize;config
ERPFIN,Aurora ERP: Finance & Controlling,ERPFIN-304,Unit test: profit center structure,task,Closed,done,u-ana.chen,Ana Chen,2,points,,2026-05-20,ERPFIN-133,ERPFIN-244,2026-03-25T21:14:32Z,2026-05-28T22:29:35Z,2026-05-28T00:41:00Z,co-pa;wave1;realize
ERPFIN,Aurora ERP: Finance & Controlling,ERPFIN-305,Build Workflow: asset transfer from legacy JDE,story,To Do,todo,,,3,points,,2026-05-27,ERPFIN-95,ERPFIN-273;ERPFIN-579,2026-03-26T15:22:35Z,2026-06-29T11:00:19Z,,fi-aa;wave1;wricef
ERPFIN,Aurora ERP: Finance & Controlling,ERPFIN-306,Technical spec Enhancement: bank account management for plant 1100 Guelph,task,Done,done,u-gustavo.martins,Gustavo Martins,3,points,,,ERPFIN-111,ERPFIN-340;ERPFIN-136,2026-03-26T15:28:36Z,2026-06-22T02:48:59Z,2026-06-20T08:54:46Z,tr;wave1;wricef
ERPFIN,Aurora ERP: Finance & Controlling,ERPFIN-307,Functional spec Enhancement: payment terms and cash discount,task,Closed,done,u-isabela.iyer,Isabela Iyer,2,points,,2026-05-09,ERPFIN-135,,2026-03-27T09:05:46Z,2026-05-08T09:18:12Z,2026-05-07T17:46:40Z,fi-ap;wave1;wricef
ERPFIN,Aurora ERP: Finance & Controlling,ERPFIN-308,Unit test Form: cash position and liquidity forecast for plant 1100 Guelph,task,Done,done,u-joao.kim,João Kim,5,points,2026-04-04,2026-05-11,ERPFIN-111,ERPFIN-260,2026-03-27T13:44:21Z,2026-05-08T15:52:05Z,2026-05-06T19:47:10Z,tr;wave1;wricef
ERPFIN,Aurora ERP: Finance & Controlling,ERPFIN-309,Unit test Conversion: payment terms and cash discount for plant 1100 Guelph,task,In Progress,in_progress,u-gustavo.martins,Gustavo Martins,3,points,,2026-05-12,ERPFIN-135,ERPFIN-276,2026-03-28T05:44:32Z,2026-08-20T19:09:32Z,,fi-ap;wave1;wricef
ERPFIN,Aurora ERP: Finance & Controlling,ERPFIN-310,Technical spec Workflow: vendor Business Partner roles,task,Done,done,u-kevin.almeida,Kevin Almeida,8,points,2026-04-24,,,ERPFIN-331,2026-03-28T13:00:51Z,2026-06-12T23:45:29Z,2026-06-11T04:41:53Z,fi-ap;wave1;wricef
ERPFIN,Aurora ERP: Finance & Controlling,ERPFIN-311,Functional spec Form: bad debt provisioning,task,Done,done,u-lucas.wilson,Lucas Wilson,3,points,,2026-05-14,ERPFIN-158,,2026-03-28T23:05:55Z,2026-05-20T08:36:25Z,2026-05-20T05:42:40Z,fi-ar;wave1;wricef
ERPFIN,Aurora ERP: Finance & Controlling,ERPFIN-312,Configure internal orders for capex,story,Done,done,u-gustavo.martins,Gustavo Martins,,points,2026-04-01,,ERPFIN-133,ERPFIN-222,2026-03-29T01:13:27Z,2026-04-28T10:19:23Z,2026-04-27T10:30:57Z,co-pa;wave1;realize;config
ERPFIN,Aurora ERP: Finance & Controlling,ERPFIN-313,Unit test Enhancement: fiscal year variant and posting periods,task,In Progress,in_progress,u-daniel.souza,Daniel Souza,2,points,2026-04-12,2026-05-22,ERPFIN-126,ERPFIN-280,2026-03-29T05:50:40Z,2026-08-22T08:41:31Z,,fi-gl;wave1;wricef
ERPFIN,Aurora ERP: Finance & Controlling,ERPFIN-314,Unit test: credit management (FSCM) limits,task,Closed,done,u-gustavo.martins,Gustavo Martins,8,points,,,ERPFIN-151,ERPFIN-266,2026-03-29T08:21:45Z,2026-05-28T10:06:41Z,2026-05-26T22:20:27Z,fi-ar;wave1;realize
ERPFIN,Aurora ERP: Finance & Controlling,ERPFIN-315,Configure plan/actual reporting,story,Closed,done,u-gustavo.martins,Gustavo Martins,5,points,,2026-05-20,ERPFIN-133,,2026-03-29T10:59:26Z,2026-05-27T09:29:32Z,2026-05-27T00:30:42Z,co-pa;wave1;realize;config
ERPFIN,Aurora ERP: Finance & Controlling,ERPFIN-316,Configure period-end closing cockpit,story,Done,done,u-nadia.gagnon,Nadia Gagnon,5,points,,,ERPFIN-110,,2026-03-29T11:17:41Z,2026-06-01T21:39:39Z,2026-05-31T19:57:55Z,fi-gl;wave1;realize;config
ERPFIN,Aurora ERP: Finance & Controlling,ERPFIN-317,Build Enhancement: lockbox and CAMT.053 statement import for plant 1100 Guelph,story,Done,done,u-samuel.martins,Samuel Martins,1,points,,,ERPFIN-158,ERPFIN-279;ERPFIN-503,2026-03-29T13:26:28Z,2026-05-24T06:03:48Z,2026-05-23T18:49:57Z,fi-ar;wave1;wricef
ERPFIN,Aurora ERP: Finance & Controlling,ERPFIN-318,Build Form: vendor Business Partner roles for plant 1100 Guelph,story,Closed,done,u-daniel.souza,Daniel Souza,13,points,,2026-05-02,ERPFIN-135,ERPFIN-287;ERPFIN-138,2026-03-29T18:29:35Z,2026-05-14T07:12:07Z,2026-05-12T15:22:49Z,fi-ap;wave1;wricef
ERPFIN,Aurora ERP: Finance & Controlling,ERPFIN-319,Functional spec: withholding tax (T4A/NR4),task,Closed,done,u-gustavo.martins,Gustavo Martins,1,points,,,ERPFIN-103,,2026-03-29T22:19:39Z,2026-06-05T10:36:10Z,2026-06-05T05:23:47Z,fi-ap;wave1;realize
ERPFIN,Aurora ERP: Finance & Controlling,ERPFIN-320,Unit test: internal orders for capex,task,Done,done,u-nadia.gagnon,Nadia Gagnon,8,points,,,ERPFIN-133,ERPFIN-312,2026-03-30T22:30:58Z,2026-05-30T03:12:55Z,2026-05-29T19:36:39Z,co-pa;wave1;realize
ERPFIN,Aurora ERP: Finance & Controlling,ERPFIN-321,Build Report: withholding tax (T4A/NR4),story,Done,done,u-isabela.iyer,Isabela Iyer,1,points,2026-04-10,2026-05-20,ERPFIN-135,ERPFIN-250;ERPFIN-218,2026-03-31T06:26:11Z,2026-05-29T12:04:57Z,2026-05-28T13:47:10Z,fi-ap;wave1;wricef
ERPFIN,Aurora ERP: Finance & Controlling,ERPFIN-322,Configure customer statements,story,Ready,todo,,,8,points,2026-04-11,2026-05-27,ERPFIN-151,,2026-03-31T20:23:06Z,2026-08-22T12:53:45Z,,fi-ar;wave1;realize;config
ERPFIN,Aurora ERP: Finance & Controlling,ERPFIN-323,Configure down payment process,story,Done,done,u-lucas.wilson,Lucas Wilson,8,points,,2026-05-31,ERPFIN-103,,2026-03-31T23:35:21Z,2026-06-01T13:23:23Z,2026-05-31T05:21:36Z,fi-ap;wave1;realize;config
ERPFIN,Aurora ERP: Finance & Controlling,ERPFIN-324,Technical spec Workflow: cash position and liquidity forecast,task,Closed,done,u-mariana.martins,Mariana Martins,3,points,,2026-05-21,ERPFIN-111,ERPFIN-252,2026-04-01T10:25:42Z,2026-05-19T04:56:37Z,2026-05-17T18:10:22Z,tr;wave1;wricef
ERPFIN,Aurora ERP: Finance & Controlling,ERPFIN-325,Unit test Interface: document splitting,task,Closed,done,,,3,points,,2026-06-13,ERPFIN-126,ERPFIN-343,2026-04-01T21:54:38Z,2026-06-19T04:40:54Z,2026-06-17T22:52:33Z,fi-gl;wave1;wricef
ERPFIN,Aurora ERP: Finance & Controlling,ERPFIN-326,Unit test Form: depreciation run AFAB,task,Closed,done,u-isabela.iyer,Isabela Iyer,5,points,2026-04-07,2026-05-07,ERPFIN-95,ERPFIN-262,2026-04-01T23:14:47Z,2026-05-05T20:30:02Z,2026-05-04T11:31:06Z,fi-aa;wave1;wricef
ERPFIN,Aurora ERP: Finance & Controlling,ERPFIN-327,Configure bad debt provisioning,story,Done,done,u-gustavo.martins,Gustavo Martins,3,points,,2026-06-02,ERPFIN-151,,2026-04-03T02:21:20Z,2026-06-08T17:10:59Z,2026-06-07T02:58:06Z,fi-ar;wave1;realize;config
ERPFIN,Aurora ERP: Finance & Controlling,ERPFIN-328,Configure depreciation run AFAB,story,Done,done,u-gustavo.martins,Gustavo Martins,2,points,,2026-05-15,ERPFIN-132,,2026-04-03T04:58:39Z,2026-05-21T02:03:09Z,2026-05-21T01:40:11Z,fi-aa;wave1;realize;config
ERPFIN,Aurora ERP: Finance & Controlling,ERPFIN-329,Authorization role for fiscal year variant and posting periods,task,Closed,done,u-gustavo.martins,Gustavo Martins,2,points,,2026-06-10,ERPFIN-110,ERPFIN-284,2026-04-03T05:55:53Z,2026-06-07T11:50:15Z,2026-06-05T22:00:33Z,fi-gl;wave1;realize;security
ERPFIN,Aurora ERP: Finance & Controlling,ERPFIN-330,Configure bank communication management,story,Done,done,u-isabela.weber,Isabela Weber,8,points,,2026-05-09,ERPFIN-141,ERPFIN-291,2026-04-03T06:54:51Z,2026-05-15T08:13:17Z,2026-05-14T14:07:02Z,tr;wave1;realize;config
ERPFIN,Aurora ERP: Finance & Controlling,ERPFIN-331,Functional spec Workflow: vendor Business Partner roles,task,Done,done,u-mariana.martins,Mariana Martins,5,points,,2026-05-24,ERPFIN-135,,2026-04-03T07:24:09Z,2026-05-26T22:10:41Z,2026-05-26T04:17:10Z,fi-ap;wave1;wricef
ERPFIN,Aurora ERP: Finance & Controlling,ERPFIN-332,Functional spec Enhancement: depreciation run AFAB,task,Done,done,u-gustavo.nguyen,Gustavo Nguyen,5,points,2026-04-23,2026-05-29,,,2026-04-03T22:58:56Z,2026-05-30T12:27:01Z,2026-05-29T00:10:01Z,fi-aa;wave1;wricef
ERPFIN,Aurora ERP: Finance & Controlling,ERPFIN-333,Configure variance analysis for production orders,story,Done,done,u-samuel.martins,Samuel Martins,5,points,,,ERPFIN-131,,2026-04-04T14:46:43Z,2026-05-29T21:43:13Z,2026-05-29T06:08:21Z,co-pc;wave1;realize;config
ERPFIN,Aurora ERP: Finance & Controlling,ERPFIN-334,Functional spec Enhancement: bank communication management,task,Closed,done,u-samuel.martins,Samuel Martins,1,points,2026-04-29,2026-06-03,ERPFIN-111,,2026-04-04T16:22:26Z,2026-06-04T00:08:49Z,2026-06-02T14:44:00Z,tr;wave1;wricef
ERPFIN,Aurora ERP: Finance & Controlling,ERPFIN-335,Unit test: asset under construction settlement,task,Done,done,u-ana.chen,Ana Chen,2,points,2026-04-04,,ERPFIN-132,ERPFIN-213,2026-04-05T05:56:52Z,2026-05-13T09:32:52Z,2026-05-12T03:02:47Z,fi-aa;wave1;realize
ERPFIN,Aurora ERP: Finance & Controlling,ERPFIN-336,"Functional spec Conversion: parallel ledgers (IFRS, local GAAP) for plant 1100 Guelph",task,Done,done,u-lucas.wilson,Lucas Wilson,5,points,,2026-06-08,ERPFIN-126,,2026-04-05T22:59:32Z,2026-06-17T22:43:09Z,2026-06-17T11:41:51Z,fi-gl;wave1;wricef
ERPFIN,Aurora ERP: Finance & Controlling,ERPFIN-337,Unit test: QST tax procedure for Quebec,task,Done,done,u-kevin.almeida,Kevin Almeida,5,points,,,ERPFIN-110,ERPFIN-238,2026-04-06T14:23:01Z,2026-05-22T20:50:53Z,2026-05-21T03:39:18Z,fi-gl;wave1;realize
ERPFIN,Aurora ERP: Finance & Controlling,ERPFIN-338,Authorization role for ISO 20022 pain.001 payment file,task,Closed,done,u-nikhil.almeida,Nikhil Almeida,13,points,,2026-05-18,ERPFIN-103,ERPFIN-218,2026-04-06T14:30:36Z,2026-05-21T19:21:33Z,2026-05-21T18:46:30Z,fi-ap;wave1;realize;security
ERPFIN,Aurora ERP: Finance & Controlling,ERPFIN-339,Unit test: invoice verification tolerances,task,Done,done,u-kevin.almeida,Kevin Almeida,13,points,,,ERPFIN-103,ERPFIN-251,2026-04-07T04:15:35Z,2026-06-01T19:34:28Z,2026-06-01T13:26:45Z,fi-ap;wave1;realize
ERPFIN,Aurora ERP: Finance & Controlling,ERPFIN-340,Functional spec Enhancement: bank account management for plant 1100 Guelph,task,Done,done,u-samuel.martins,Samuel Martins,2,points,,,ERPFIN-111,,2026-04-07T15:12:40Z,2026-05-31T12:14:30Z,2026-05-30T21:03:31Z,tr;wave1;wricef
ERPFIN,Aurora ERP: Finance & Controlling,ERPFIN-341,Unit test: three-way match blocking,task,Done,done,u-isabela.iyer,Isabela Iyer,2,points,2026-05-06,2026-06-11,ERPFIN-103,ERPFIN-275,2026-04-08T02:36:25Z,2026-06-10T00:29:43Z,2026-06-09T10:06:01Z,fi-ap;wave1;realize
ERPFIN,Aurora ERP: Finance & Controlling,ERPFIN-342,Configure overhead costing sheet,story,Closed,done,u-lucas.wilson,Lucas Wilson,3,points,,,ERPFIN-131,ERPFIN-363,2026-04-08T16:43:57Z,2026-06-11T22:23:09Z,2026-06-10T14:38:01Z,co-pc;wave1;realize;config
ERPFIN,Aurora ERP: Finance & Controlling,ERPFIN-343,Build Interface: document splitting,story,Done,done,u-gustavo.martins,Gustavo Martins,2,points,2026-04-12,2026-05-18,ERPFIN-126,ERPFIN-286;ERPFIN-153;ERPFIN-651,2026-04-09T01:32:08Z,2026-05-21T19:36:48Z,2026-05-20T14:54:38Z,fi-gl;wave1;wricef
ERPFIN,Aurora ERP: Finance & Controlling,ERPFIN-344,Unit test: depreciation run AFAB,task,Done,done,u-ana.chen,Ana Chen,8,points,2026-05-06,2026-06-19,ERPFIN-132,ERPFIN-328,2026-04-09T09:49:30Z,2026-06-25T02:44:53Z,2026-06-24T20:26:27Z,fi-aa;wave1;realize
ERPFIN,Aurora ERP: Finance & Controlling,ERPFIN-345,Configure recurring entries and accruals,story,Done,done,u-joao.kim,João Kim,3,points,,2026-06-01,ERPFIN-110,,2026-04-09T12:17:16Z,2026-06-06T07:59:42Z,2026-06-05T15:32:52Z,fi-gl;wave1;realize;config
ERPFIN,Aurora ERP: Finance & Controlling,ERPFIN-346,Functional spec Conversion: costing variant PPC1,task,Closed,done,u-isabela.iyer,Isabela Iyer,8,points,2026-04-10,2026-05-22,ERPFIN-134,,2026-04-10T00:24:48Z,2026-05-27T22:36:46Z,2026-05-26T16:26:59Z,co-pc;wave1;wricef
ERPFIN,Aurora ERP: Finance & Controlling,ERPFIN-347,Build Workflow: cash position and liquidity forecast,story,Done,done,u-joao.kim,João Kim,13,points,,2026-05-26,ERPFIN-111,ERPFIN-324;ERPFIN-189,2026-04-10T07:07:02Z,2026-05-28T17:21:28Z,2026-05-28T03:19:45Z,tr;wave1;wricef
ERPFIN,Aurora ERP: Finance & Controlling,ERPFIN-348,Configure withholding tax (T4A/NR4),story,Closed,done,u-isabela.iyer,Isabela Iyer,3,points,,2026-06-10,ERPFIN-103,ERPFIN-319,2026-04-10T15:22:19Z,2026-06-14T04:49:35Z,2026-06-12T10:58:41Z,fi-ap;wave1;realize;config
ERPFIN,Aurora ERP: Finance & Controlling,ERPFIN-349,Authorization role for material ledger actual costing,task,Done,done,u-samuel.martins,Samuel Martins,5,points,,2026-05-28,ERPFIN-131,ERPFIN-253,2026-04-10T16:55:29Z,2026-05-25T15:57:09Z,2026-05-25T08:03:04Z,co-pc;wave1;realize;security
ERPFIN,Aurora ERP: Finance & Controlling,ERPFIN-350,Unit test: WIP calculation and settlement,task,Done,done,u-gustavo.martins,Gustavo Martins,5,points,,2026-06-06,ERPFIN-131,ERPFIN-303,2026-04-10T19:34:42Z,2026-06-10T10:59:34Z,2026-06-09T11:43:42Z,co-pc;wave1;realize
ERPFIN,Aurora ERP: Finance & Controlling,ERPFIN-351,Build Report: company code 2000 (Vetra US),story,Closed,done,u-nikhil.almeida,Nikhil Almeida,8,points,,2026-06-06,ERPFIN-126,ERPFIN-302;ERPFIN-476,2026-04-11T09:41:08Z,2026-06-13T02:20:42Z,2026-06-12T13:43:45Z,fi-gl;wave1;wricef
ERPFIN,Aurora ERP: Finance & Controlling,ERPFIN-352,Unit test Conversion: plan/actual reporting for plant 1100 Guelph,task,Done,done,u-samuel.martins,Samuel Martins,3,points,2026-05-01,2026-06-14,ERPFIN-115,ERPFIN-294,2026-04-11T10:57:39Z,2026-06-20T10:51:31Z,2026-06-20T00:11:59Z,co-pa;wave1;wricef
ERPFIN,Aurora ERP: Finance & Controlling,ERPFIN-353,Unit test: intercompany elimination,task,Done,done,u-gustavo.martins,Gustavo Martins,2,points,,2026-06-16,ERPFIN-110,ERPFIN-300,2026-04-11T17:35:38Z,2026-06-13T03:19:13Z,2026-06-12T08:46:39Z,fi-gl;wave1;realize
ERPFIN,Aurora ERP: Finance & Controlling,ERPFIN-354,Functional spec Interface: customer Business Partner roles for plant 1100 Guelph,task,Done,done,u-ana.chen,Ana Chen,5,points,2026-04-29,2026-06-04,ERPFIN-158,,2026-04-12T05:34:56Z,2026-06-01T02:16:57Z,2026-05-31T12:23:52Z,fi-ar;wave1;wricef
ERPFIN,Aurora ERP: Finance & Controlling,ERPFIN-355,Functional spec: top-down distribution,task,Done,done,u-nadia.gagnon,Nadia Gagnon,3,points,,,ERPFIN-133,,2026-04-12T13:48:19Z,2026-05-26T16:52:56Z,2026-05-24T20:04:01Z,co-pa;wave1;realize
ERPFIN,Aurora ERP: Finance & Controlling,ERPFIN-356,Unit test: material ledger actual costing,task,Done,done,u-lucas.wilson,Lucas Wilson,5,points,,2026-05-29,ERPFIN-131,ERPFIN-253,2026-04-12T17:24:30Z,2026-06-10T00:42:19Z,2026-06-08T09:52:36Z,co-pc;wave1;realize
ERPFIN,Aurora ERP: Finance & Controlling,ERPFIN-357,Functional spec Report: QST tax procedure for Quebec,task,To Do,todo,u-gustavo.martins,Gustavo Martins,5,points,,2026-05-20,ERPFIN-126,,2026-04-13T05:57:17Z,2026-06-01T07:42:55Z,,fi-gl;wave1;wricef
ERPFIN,Aurora ERP: Finance & Controlling,ERPFIN-358,Configure top-down distribution,story,Closed,done,u-joao.kim,João Kim,5,points,,2026-06-02,ERPFIN-133,ERPFIN-355,2026-04-13T09:08:07Z,2026-06-09T23:15:47Z,2026-06-08T14:25:31Z,co-pa;wave1;realize;config
ERPFIN,Aurora ERP: Finance & Controlling,ERPFIN-359,Configure vendor Business Partner roles for plant 1100 Guelph,story,Closed,done,u-kevin.almeida,Kevin Almeida,3,points,,2026-06-27,ERPFIN-103,ERPFIN-361,2026-04-13T12:45:56Z,2026-06-28T12:38:35Z,2026-06-27T03:24:41Z,fi-ap;wave1;realize;config
ERPFIN,Aurora ERP: Finance & Controlling,ERPFIN-360,Build Form: activity types and rates for plant 1100 Guelph,story,Closed,done,,,5,points,,2026-06-03,ERPFIN-134,ERPFIN-258;ERPFIN-205,2026-04-13T13:44:40Z,2026-06-03T20:29:09Z,2026-06-03T18:36:32Z,co-pc;wave1;wricef
ERPFIN,Aurora ERP: Finance & Controlling,ERPFIN-361,Functional spec: vendor Business Partner roles for plant 1100 Guelph,task,Closed,done,u-kevin.almeida,Kevin Almeida,5,points,,2026-06-13,ERPFIN-103,,2026-04-13T22:13:02Z,2026-06-23T05:10:57Z,2026-06-22T07:38:27Z,fi-ap;wave1;realize
ERPFIN,Aurora ERP: Finance & Controlling,ERPFIN-362,Unit test Report: withholding tax (T4A/NR4),task,Closed,done,u-gustavo.martins,Gustavo Martins,2,points,2026-05-02,2026-06-12,ERPFIN-135,ERPFIN-321,2026-04-13T23:32:49Z,2026-06-20T09:52:36Z,2026-06-18T19:10:21Z,fi-ap;wave1;wricef
ERPFIN,Aurora ERP: Finance & Controlling,ERPFIN-363,Functional spec: overhead costing sheet,task,Closed,done,u-gustavo.martins,Gustavo Martins,8,points,,2026-06-01,ERPFIN-131,ERPFIN-186,2026-04-15T06:19:05Z,2026-06-11T21:58:09Z,2026-06-11T01:41:00Z,co-pc;wave1;realize
ERPFIN,Aurora ERP: Finance & Controlling,ERPFIN-364,"Unit test: parallel ledgers (IFRS, local GAAP)",task,Closed,done,u-gustavo.nguyen,Gustavo Nguyen,5,points,,2026-06-02,ERPFIN-110,ERPFIN-271,2026-04-15T12:05:47Z,2026-06-11T15:52:12Z,2026-06-10T00:53:47Z,fi-gl;wave1;realize
ERPFIN,Aurora ERP: Finance & Controlling,ERPFIN-365,Authorization role for profit center structure,task,Closed,done,u-ana.chen,Ana Chen,2,points,2026-04-16,2026-05-24,ERPFIN-133,ERPFIN-244,2026-04-15T14:37:13Z,2026-06-02T15:10:21Z,2026-06-01T03:04:47Z,co-pa;wave1;realize;security
ERPFIN,Aurora ERP: Finance & Controlling,ERPFIN-366,Unit test: cash application rules,task,Done,done,u-gustavo.martins,Gustavo Martins,13,points,,2026-06-11,ERPFIN-151,ERPFIN-245,2026-04-15T19:04:46Z,2026-06-08T12:54:08Z,2026-06-06T14:18:25Z,fi-ar;wave1;realize
ERPFIN,Aurora ERP: Finance & Controlling,ERPFIN-367,Configure impairment posting,story,Done,done,u-lucas.wilson,Lucas Wilson,8,points,,2026-06-10,ERPFIN-132,,2026-04-15T22:24:39Z,2026-06-21T07:02:25Z,2026-06-20T10:13:08Z,fi-aa;wave1;realize;config
ERPFIN,Aurora ERP: Finance & Controlling,ERPFIN-368,Build Enhancement: payment terms and cash discount,story,Done,done,,,1,points,,2026-06-09,ERPFIN-135,ERPFIN-282;ERPFIN-199,2026-04-16T20:02:55Z,2026-06-10T08:54:09Z,2026-06-09T06:45:13Z,fi-ap;wave1;wricef
ERPFIN,Aurora ERP: Finance & Controlling,ERPFIN-369,Configure in-house cash for intercompany,story,Done,done,u-gustavo.martins,Gustavo Martins,1,points,,,ERPFIN-141,,2026-04-17T08:17:14Z,2026-06-04T08:25:22Z,2026-06-04T06:11:42Z,tr;wave1;realize;config
ERPFIN,Aurora ERP: Finance & Controlling,ERPFIN-370,Unit test Report: cash position and liquidity forecast,task,Closed,done,u-gustavo.martins,Gustavo Martins,8,points,,2026-06-04,ERPFIN-111,ERPFIN-301,2026-04-18T04:30:04Z,2026-06-12T09:09:19Z,2026-06-10T21:24:43Z,tr;wave1;wricef
ERPFIN,Aurora ERP: Finance & Controlling,ERPFIN-371,Technical spec Conversion: top-down distribution,task,Closed,done,u-gustavo.martins,Gustavo Martins,3,points,,2026-05-28,ERPFIN-115,ERPFIN-299,2026-04-18T05:45:41Z,2026-05-25T09:37:26Z,2026-05-23T17:30:33Z,co-pa;wave1;wricef
ERPFIN,Aurora ERP: Finance & Controlling,ERPFIN-372,Unit test Form: vendor Business Partner roles for plant 1100 Guelph,task,Done,done,u-nikhil.almeida,Nikhil Almeida,2,points,,,ERPFIN-135,ERPFIN-318,2026-04-18T07:28:39Z,2026-06-06T21:50:20Z,2026-06-05T05:51:15Z,fi-ap;wave1;wricef
ERPFIN,Aurora ERP: Finance & Controlling,ERPFIN-373,Functional spec: foreign currency valuation,task,Done,done,u-gustavo.martins,Gustavo Martins,5,points,,,ERPFIN-110,,2026-04-18T08:47:56Z,2026-06-10T07:06:44Z,2026-06-09T15:56:07Z,fi-gl;wave1;realize
ERPFIN,Aurora ERP: Finance & Controlling,ERPFIN-374,Technical spec Report: QST tax procedure for Quebec,task,Closed,done,u-gustavo.nguyen,Gustavo Nguyen,8,points,2026-05-01,2026-06-15,ERPFIN-126,ERPFIN-357,2026-04-18T11:28:18Z,2026-06-13T10:21:55Z,2026-06-12T00:02:02Z,fi-gl;wave1;wricef
ERPFIN,Aurora ERP: Finance & Controlling,ERPFIN-375,Technical spec Report: automatic payment program F110,task,Done,done,u-gustavo.nguyen,Gustavo Nguyen,5,points,,2026-06-18,ERPFIN-135,ERPFIN-408,2026-04-18T13:10:06Z,2026-06-27T23:53:28Z,2026-06-27T09:48:29Z,fi-ap;wave1;wricef
ERPFIN,Aurora ERP: Finance & Controlling,ERPFIN-376,Unit test: fiscal year variant and posting periods,task,Done,done,u-mariana.martins,Mariana Martins,5,points,,2026-05-27,ERPFIN-110,ERPFIN-284,2026-04-19T02:31:17Z,2026-06-08T03:27:01Z,2026-06-07T08:53:49Z,fi-gl;wave1;realize
ERPFIN,Aurora ERP: Finance & Controlling,ERPFIN-377,Build Form: bad debt provisioning,story,Closed,done,u-isabela.iyer,Isabela Iyer,1,points,,2026-06-20,ERPFIN-158,ERPFIN-390;ERPFIN-503,2026-04-19T18:42:41Z,2026-06-21T23:41:31Z,2026-06-20T02:53:57Z,fi-ar;wave1;wricef
ERPFIN,Aurora ERP: Finance & Controlling,ERPFIN-378,Configure cost center standard hierarchy for plant 1100 Guelph,story,Done,done,u-joao.kim,João Kim,1,points,2026-05-14,2026-06-15,ERPFIN-131,,2026-04-19T20:29:49Z,2026-06-17T14:13:19Z,2026-06-16T02:38:25Z,co-pc;wave1;realize;config
ERPFIN,Aurora ERP: Finance & Controlling,ERPFIN-379,Unit test: bank communication management,task,Closed,done,u-joao.kim,João Kim,3,points,,2026-06-12,ERPFIN-141,ERPFIN-330,2026-04-20T04:43:18Z,2026-06-12T22:21:36Z,2026-06-11T14:45:28Z,tr;wave1;realize
ERPFIN,Aurora ERP: Finance & Controlling,ERPFIN-380,Build Conversion: top-down distribution,story,Done,done,u-gustavo.martins,Gustavo Martins,3,points,,2026-06-13,ERPFIN-115,ERPFIN-371;ERPFIN-190,2026-04-20T04:49:47Z,2026-06-24T11:58:05Z,2026-06-23T17:55:28Z,co-pa;wave1;wricef
ERPFIN,Aurora ERP: Finance & Controlling,ERPFIN-381,Configure chart of accounts VETRA for plant 1100 Guelph,story,Done,done,u-nikhil.almeida,Nikhil Almeida,3,points,2026-05-12,2026-06-17,ERPFIN-110,ERPFIN-400,2026-04-20T05:14:11Z,2026-06-13T07:29:05Z,2026-06-12T17:40:39Z,fi-gl;wave1;realize;config
ERPFIN,Aurora ERP: Finance & Controlling,ERPFIN-382,Functional spec Enhancement: costing variant PPC1,task,Done,done,u-mariana.martins,Mariana Martins,3,points,,,ERPFIN-134,,2026-04-20T09:11:15Z,2026-05-31T06:30:53Z,2026-05-30T13:16:17Z,co-pc;wave1;wricef
ERPFIN,Aurora ERP: Finance & Controlling,ERPFIN-383,Unit test Form: lockbox and CAMT.053 statement import,task,Closed,done,u-isabela.weber,Isabela Weber,5,points,,2026-06-05,ERPFIN-158,ERPFIN-288,2026-04-21T08:23:39Z,2026-06-04T09:09:30Z,2026-06-02T14:21:11Z,fi-ar;wave1;wricef
ERPFIN,Aurora ERP: Finance & Controlling,ERPFIN-384,Functional spec Interface: profitability characteristics for plant 1100 Guelph,task,Done,done,u-lucas.wilson,Lucas Wilson,8,points,,2026-06-05,ERPFIN-115,ERPFIN-714,2026-04-21T19:49:33Z,2026-06-07T00:52:30Z,2026-06-05T04:08:10Z,co-pa;wave1;wricef
ERPFIN,Aurora ERP: Finance & Controlling,ERPFIN-385,Technical spec Enhancement: costing variant PPC1,task,Done,done,u-daniel.souza,Daniel Souza,5,points,,2026-06-18,ERPFIN-134,ERPFIN-382,2026-04-21T23:05:18Z,2026-06-14T20:11:47Z,2026-06-14T12:09:00Z,co-pc;wave1;wricef
ERPFIN,Aurora ERP: Finance & Controlling,ERPFIN-386,Technical spec Conversion: costing variant PPC1,task,Closed,done,u-gustavo.martins,Gustavo Martins,3,points,,2026-05-24,ERPFIN-134,ERPFIN-346,2026-04-22T07:33:24Z,2026-06-03T07:16:16Z,2026-06-02T12:01:08Z,co-pc;wave1;wricef
ERPFIN,Aurora ERP: Finance & Controlling,ERPFIN-387,Unit test Workflow: asset transfer from legacy JDE,task,Done,done,u-isabela.weber,Isabela Weber,2,points,,,ERPFIN-95,ERPFIN-305,2026-04-23T02:30:10Z,2026-06-21T21:18:28Z,2026-06-21T14:24:33Z,fi-aa;wave1;wricef
ERPFIN,Aurora ERP: Finance & Controlling,ERPFIN-388,Unit test: plan/actual reporting,task,Closed,done,u-ana.chen,Ana Chen,8,points,,2026-06-12,ERPFIN-133,ERPFIN-315,2026-04-23T09:41:38Z,2026-06-15T12:29:33Z,2026-06-14T07:28:45Z,co-pa;wave1;realize
ERPFIN,Aurora ERP: Finance & Controlling,ERPFIN-389,Unit test Report: overhead costing sheet,task,In Progress,in_progress,u-kevin.almeida,Kevin Almeida,1,points,,2026-05-26,ERPFIN-134,ERPFIN-290;ERPFIN-265,2026-04-24T06:19:12Z,2026-08-21T20:23:26Z,,co-pc;wave1;wricef
ERPFIN,Aurora ERP: Finance & Controlling,ERPFIN-390,Technical spec Form: bad debt provisioning,task,Closed,done,u-nikhil.almeida,Nikhil Almeida,3,points,2026-04-29,2026-05-28,ERPFIN-158,ERPFIN-311,2026-04-24T06:33:58Z,2026-06-06T10:40:22Z,2026-06-04T18:59:38Z,fi-ar;wave1;wricef
ERPFIN,Aurora ERP: Finance & Controlling,ERPFIN-391,Functional spec Report: automatic payment program F110 for plant 1100 Guelph,task,Closed,done,u-gustavo.nguyen,Gustavo Nguyen,3,points,2026-05-18,2026-06-14,ERPFIN-135,,2026-04-24T21:08:31Z,2026-06-23T07:30:35Z,2026-06-23T00:48:57Z,fi-ap;wave1;wricef
ERPFIN,Aurora ERP: Finance & Controlling,ERPFIN-392,Functional spec Report: credit management (FSCM) limits,task,Done,done,u-gustavo.martins,Gustavo Martins,5,points,,,,,2026-04-24T21:52:16Z,2026-06-27T20:58:18Z,2026-06-27T10:35:40Z,fi-ar;wave1;wricef
ERPFIN,Aurora ERP: Finance & Controlling,ERPFIN-393,Unit test Report: company code 2000 (Vetra US),task,Done,done,u-mariana.martins,Mariana Martins,3,points,2026-05-17,2026-07-06,ERPFIN-126,ERPFIN-351,2026-04-25T03:50:52Z,2026-07-08T16:58:07Z,2026-07-06T20:18:22Z,fi-gl;wave1;wricef
ERPFIN,Aurora ERP: Finance & Controlling,ERPFIN-394,Build Report: QST tax procedure for Quebec,story,Done,done,u-isabela.weber,Isabela Weber,3,points,2026-05-21,2026-06-28,ERPFIN-126,ERPFIN-374;ERPFIN-156,2026-04-25T20:36:25Z,2026-06-27T16:44:11Z,2026-06-27T07:32:21Z,fi-gl;wave1;wricef
ERPFIN,Aurora ERP: Finance & Controlling,ERPFIN-395,Functional spec: account-based CO-PA activation for plant 1100 Guelph,task,Done,done,u-nadia.gagnon,Nadia Gagnon,5,points,2026-05-21,2026-06-21,ERPFIN-133,,2026-04-25T23:39:13Z,2026-07-02T15:09:29Z,2026-06-30T20:41:47Z,co-pa;wave1;realize
ERPFIN,Aurora ERP: Finance & Controlling,ERPFIN-396,Functional spec Conversion: bank account management for plant 1100 Guelph,task,Done,done,u-daniel.souza,Daniel Souza,13,points,,2026-06-30,ERPFIN-111,,2026-04-26T12:05:42Z,2026-07-04T16:53:01Z,2026-07-03T04:49:03Z,tr;wave1;wricef
ERPFIN,Aurora ERP: Finance & Controlling,ERPFIN-397,Configure customer Business Partner roles for plant 1100 Guelph,story,Closed,done,u-daniel.souza,Daniel Souza,2,points,,,ERPFIN-151,ERPFIN-403,2026-04-27T04:09:04Z,2026-06-23T12:51:11Z,2026-06-22T23:16:50Z,fi-ar;wave1;realize;config
ERPFIN,Aurora ERP: Finance & Controlling,ERPFIN-398,Unit test Conversion: top-down distribution,task,Closed,done,u-gustavo.martins,Gustavo Martins,3,points,,2026-07-08,ERPFIN-115,ERPFIN-380,2026-04-27T14:42:13Z,2026-07-06T17:52:38Z,2026-07-05T15:22:13Z,co-pa;wave1;wricef
ERPFIN,Aurora ERP: Finance & Controlling,ERPFIN-399,Build Enhancement: depreciation run AFAB,story,Closed,done,u-gustavo.martins,Gustavo Martins,5,points,2026-05-21,,ERPFIN-95,ERPFIN-428;ERPFIN-435,2026-04-27T15:01:05Z,2026-06-30T19:00:22Z,2026-06-29T01:27:10Z,fi-aa;wave1;wricef
ERPFIN,Aurora ERP: Finance & Controlling,ERPFIN-400,Functional spec: chart of accounts VETRA for plant 1100 Guelph,task,In Progress,in_progress,u-kevin.almeida,Kevin Almeida,2,points,,2026-06-14,ERPFIN-110,,2026-04-28T09:10:13Z,2026-08-16T09:47:14Z,,fi-gl;wave1;realize
ERPFIN,Aurora ERP: Finance & Controlling,ERPFIN-401,"Technical spec Conversion: parallel ledgers (IFRS, local GAAP) for plant 1100 Guelph",task,Done,done,u-mariana.martins,Mariana Martins,2,points,2026-05-26,2026-06-27,ERPFIN-126,ERPFIN-336,2026-04-28T15:30:26Z,2026-07-05T13:40:13Z,2026-07-04T08:46:26Z,fi-gl;wave1;wricef
ERPFIN,Aurora ERP: Finance & Controlling,ERPFIN-402,Configure account-based CO-PA activation for plant 1100 Guelph,story,Done,done,,,5,points,2026-05-28,2026-07-03,ERPFIN-133,ERPFIN-395,2026-04-28T22:14:59Z,2026-07-05T22:52:30Z,2026-07-05T15:12:33Z,co-pa;wave1;realize;config
ERPFIN,Aurora ERP: Finance & Controlling,ERPFIN-403,Functional spec: customer Business Partner roles for plant 1100 Guelph,task,Closed,done,u-daniel.souza,Daniel Souza,2,points,2026-05-05,2026-06-16,ERPFIN-151,,2026-04-29T06:38:59Z,2026-06-14T22:33:19Z,,fi-ar;wave1;realize
ERPFIN,Aurora ERP: Finance & Controlling,ERPFIN-404,Technical spec Interface: customer Business Partner roles for plant 1100 Guelph,task,Closed,done,u-gustavo.martins,Gustavo Martins,,points,2026-05-10,,ERPFIN-158,ERPFIN-354,2026-04-29T08:04:54Z,2026-06-23T21:26:06Z,2026-06-23T06:02:11Z,fi-ar;wave1;wricef
ERPFIN,Aurora ERP: Finance & Controlling,ERPFIN-405,Unit test Form: activity types and rates for plant 1100 Guelph,task,Done,done,u-samuel.martins,Samuel Martins,5,points,,2026-06-22,ERPFIN-134,ERPFIN-360,2026-04-29T08:43:02Z,2026-07-01T19:51:16Z,2026-06-30T11:43:35Z,co-pc;wave1;wricef
ERPFIN,Aurora ERP: Finance & Controlling,ERPFIN-406,Unit test Enhancement: lockbox and CAMT.053 statement import for plant 1100 Guelph,task,To Do,todo,,,2,points,,,ERPFIN-158,ERPFIN-317,2026-04-29T13:51:42Z,2026-07-22T21:27:44Z,,fi-ar;wave1;wricef
ERPFIN,Aurora ERP: Finance & Controlling,ERPFIN-407,Technical spec Enhancement: bank communication management,task,Closed,done,u-gustavo.martins,Gustavo Martins,8,points,2026-05-16,,ERPFIN-111,ERPFIN-334,2026-04-29T14:06:40Z,2026-06-26T06:01:26Z,2026-06-24T06:10:58Z,tr;wave1;wricef
ERPFIN,Aurora ERP: Finance & Controlling,ERPFIN-408,Functional spec Report: automatic payment program F110,task,Done,done,,,5,points,,,ERPFIN-135,,2026-04-29T15:11:52Z,2026-06-16T10:54:58Z,2026-06-15T17:08:35Z,fi-ap;wave1;wricef
ERPFIN,Aurora ERP: Finance & Controlling,ERPFIN-409,Configure profitability characteristics for plant 1100 Guelph,story,Closed,done,u-kevin.almeida,Kevin Almeida,8,points,2026-05-13,2026-06-23,ERPFIN-133,,2026-04-30T07:22:36Z,2026-06-26T18:14:22Z,2026-06-25T16:54:57Z,co-pa;wave1;realize;config
ERPFIN,Aurora ERP: Finance & Controlling,ERPFIN-410,Configure foreign currency valuation,story,Done,done,u-gustavo.martins,Gustavo Martins,5,points,,2026-06-18,ERPFIN-110,ERPFIN-373,2026-04-30T07:34:30Z,2026-06-30T04:30:21Z,2026-06-28T15:34:37Z,fi-gl;wave1;realize;config
ERPFIN,Aurora ERP: Finance & Controlling,ERPFIN-411,Functional spec Workflow: cost center standard hierarchy,task,Done,done,u-gustavo.martins,Gustavo Martins,8,points,,,ERPFIN-134,,2026-04-30T09:12:26Z,2026-07-09T03:27:50Z,2026-07-09T00:44:33Z,co-pc;wave1;wricef
ERPFIN,Aurora ERP: Finance & Controlling,ERPFIN-412,Build Conversion: costing variant PPC1,story,Done,done,u-samuel.martins,Samuel Martins,5,points,,2026-06-16,ERPFIN-134,ERPFIN-386;ERPFIN-501,2026-04-30T17:38:36Z,2026-06-24T05:31:31Z,2026-06-24T00:24:25Z,co-pc;wave1;wricef
ERPFIN,Aurora ERP: Finance & Controlling,ERPFIN-413,Technical spec Interface: profitability characteristics for plant 1100 Guelph,task,Closed,done,u-ana.chen,Ana Chen,5,points,,2026-06-16,ERPFIN-115,ERPFIN-384,2026-05-01T11:48:07Z,2026-06-20T09:13:55Z,2026-06-19T02:02:57Z,co-pa;wave1;wricef
ERPFIN,Aurora ERP: Finance & Controlling,ERPFIN-414,Build Workflow: vendor Business Partner roles,story,Done,done,u-gustavo.martins,Gustavo Martins,100,points,,2026-06-19,ERPFIN-135,ERPFIN-310;ERPFIN-323,2026-05-01T13:02:44Z,2026-06-29T04:18:02Z,2026-06-27T17:36:15Z,fi-ap;wave1;wricef
ERPFIN,Aurora ERP: Finance & Controlling,ERPFIN-415,Configure asset classes and depreciation keys for plant 1100 Guelph,story,Closed,done,u-gustavo.martins,Gustavo Martins,3,points,,2026-06-22,ERPFIN-132,,2026-05-02T00:42:56Z,2026-06-21T05:09:38Z,2026-06-19T07:28:32Z,fi-aa;wave1;realize;config
ERPFIN,Aurora ERP: Finance & Controlling,ERPFIN-416,Configure house banks RBC and TD for plant 1100 Guelph,story,Closed,done,u-samuel.martins,Samuel Martins,8,points,,2026-06-15,ERPFIN-141,,2026-05-02T06:49:21Z,2026-06-13T19:35:50Z,2026-06-13T06:30:40Z,tr;wave1;realize;config
ERPFIN,Aurora ERP: Finance & Controlling,ERPFIN-417,Unit test: overhead costing sheet,task,Done,done,u-nikhil.almeida,Nikhil Almeida,5,points,,2026-07-04,ERPFIN-131,ERPFIN-342,2026-05-02T11:30:35Z,2026-07-06T23:18:05Z,2026-07-04T23:49:17Z,co-pc;wave1;realize
ERPFIN,Aurora ERP: Finance & Controlling,ERPFIN-418,Functional spec Enhancement: internal orders for capex for plant 1100 Guelph,task,Done,done,u-gustavo.martins,Gustavo Martins,5,points,,2026-07-03,ERPFIN-115,,2026-05-02T16:51:25Z,2026-07-13T13:13:45Z,2026-07-12T21:58:23Z,co-pa;wave1;wricef
ERPFIN,Aurora ERP: Finance & Controlling,ERPFIN-419,Functional spec: automatic payment program F110 for plant 1100 Guelph,task,Done,done,u-gustavo.martins,Gustavo Martins,8,points,,2026-07-13,ERPFIN-103,,2026-05-03T03:04:58Z,2026-07-11T02:29:10Z,2026-07-09T13:09:04Z,fi-ap;wave1;realize
ERPFIN,Aurora ERP: Finance & Controlling,ERPFIN-420,Configure payment terms and cash discount for plant 1100 Guelph,story,Done,done,u-ana.chen,Ana Chen,5,points,,2026-07-07,ERPFIN-103,ERPFIN-441,2026-05-04T01:34:09Z,2026-07-14T16:13:14Z,2026-07-14T04:50:35Z,fi-ap;wave1;realize;config
ERPFIN,Aurora ERP: Finance & Controlling,ERPFIN-421,Unit test: period-end closing cockpit,task,Done,done,,,2,points,,2026-06-20,ERPFIN-110,ERPFIN-316,2026-05-05T10:56:32Z,2026-06-24T00:40:47Z,2026-06-23T00:54:25Z,fi-gl;wave1;realize
ERPFIN,Aurora ERP: Finance & Controlling,ERPFIN-422,Unit test: variance analysis for production orders,task,Closed,done,u-isabela.weber,Isabela Weber,8,points,,2026-06-22,ERPFIN-131,ERPFIN-333,2026-05-06T06:05:49Z,2026-06-22T13:10:32Z,2026-06-21T00:59:16Z,co-pc;wave1;realize
ERPFIN,Aurora ERP: Finance & Controlling,ERPFIN-423,Unit test: down payment process,task,Closed,done,u-gustavo.martins,Gustavo Martins,2,points,2026-05-17,2026-06-26,ERPFIN-103,ERPFIN-323,2026-05-06T07:21:13Z,2026-06-24T15:57:59Z,2026-06-24T14:59:28Z,fi-ap;wave1;realize
ERPFIN,Aurora ERP: Finance & Controlling,ERPFIN-424,Configure activity types and rates for plant 1100 Guelph,story,Closed,done,,,2,points,,2026-07-05,ERPFIN-131,,2026-05-06T14:45:34Z,2026-07-14T19:28:49Z,2026-07-14T17:29:52Z,co-pc;wave1;realize;config
ERPFIN,Aurora ERP: Finance & Controlling,ERPFIN-425,Build Report: automatic payment program F110,story,Closed,done,u-joao.kim,João Kim,13,points,,2026-07-03,ERPFIN-135,ERPFIN-375;ERPFIN-522,2026-05-06T20:51:26Z,2026-06-29T17:10:16Z,2026-06-28T14:31:24Z,fi-ap;wave1;wricef
ERPFIN,Aurora ERP: Finance & Controlling,ERPFIN-426,Authorization role for withholding tax (T4A/NR4),task,Closed,done,u-gustavo.martins,Gustavo Martins,3,points,2026-06-05,2026-07-13,ERPFIN-103,ERPFIN-348,2026-05-06T23:53:56Z,2026-07-11T14:23:16Z,2026-07-09T15:41:52Z,fi-ap;wave1;realize;security
ERPFIN,Aurora ERP: Finance & Controlling,ERPFIN-427,Functional spec: bank account management for plant 1100 Guelph,task,Closed,done,u-gustavo.martins,Gustavo Martins,3,points,,2026-07-08,ERPFIN-141,,2026-05-07T17:41:34Z,2026-07-13T05:56:59Z,2026-07-13T01:25:14Z,tr;wave1;realize
ERPFIN,Aurora ERP: Finance & Controlling,ERPFIN-428,Technical spec Enhancement: depreciation run AFAB,task,Closed,done,u-gustavo.martins,Gustavo Martins,13,points,,2026-06-08,ERPFIN-95,ERPFIN-332,2026-05-08T06:55:00Z,2026-06-11T18:22:08Z,2026-06-11T18:03:36Z,fi-aa;wave1;wricef
ERPFIN,Aurora ERP: Finance & Controlling,ERPFIN-429,Functional spec Conversion: asset classes and depreciation keys,task,Done,done,u-lucas.wilson,Lucas Wilson,2,points,,,ERPFIN-95,,2026-05-08T10:33:17Z,2026-06-30T13:49:35Z,2026-06-29T18:41:06Z,fi-aa;wave1;wricef
ERPFIN,Aurora ERP: Finance & Controlling,ERPFIN-430,Unit test Workflow: cash position and liquidity forecast,task,Closed,done,u-isabela.iyer,Isabela Iyer,3,points,,2026-06-23,ERPFIN-111,ERPFIN-347,2026-05-08T21:49:40Z,2026-06-24T12:16:45Z,2026-06-24T09:24:43Z,tr;wave1;wricef
ERPFIN,Aurora ERP: Finance & Controlling,ERPFIN-431,Functional spec Form: payment terms and cash discount,task,Closed,done,u-gustavo.martins,Gustavo Martins,,points,,2026-07-10,,,2026-05-09T09:05:44Z,2026-07-18T04:31:11Z,2026-07-17T18:04:57Z,fi-ap;wave1;wricef
ERPFIN,Aurora ERP: Finance & Controlling,ERPFIN-432,Technical spec Report: automatic payment program F110 for plant 1100 Guelph,task,Closed,done,u-isabela.weber,Isabela Weber,5,points,,2026-07-04,ERPFIN-135,ERPFIN-391,2026-05-10T19:21:40Z,2026-07-12T18:12:07Z,2026-07-10T23:02:44Z,fi-ap;wave1;wricef
ERPFIN,Aurora ERP: Finance & Controlling,ERPFIN-433,Functional spec: costing variant PPC1 for plant 1100 Guelph,task,Closed,done,u-gustavo.martins,Gustavo Martins,3,points,2026-06-05,2026-07-14,ERPFIN-131,,2026-05-11T00:03:43Z,2026-07-16T23:03:28Z,2026-07-15T19:19:04Z,co-pc;wave1;realize
ERPFIN,Aurora ERP: Finance & Controlling,ERPFIN-434,Configure company code 1000 (Vetra Canada) for plant 1100 Guelph,story,Closed,done,u-gustavo.martins,Gustavo Martins,8,points,2026-05-21,2026-07-06,ERPFIN-110,,2026-05-11T09:26:05Z,2026-07-09T05:53:20Z,2026-07-08T05:23:30Z,fi-gl;wave1;realize;config
ERPFIN,Aurora ERP: Finance & Controlling,ERPFIN-435,Configure CCA classes for Canadian tax for plant 1100 Guelph,story,Done,done,u-gustavo.martins,Gustavo Martins,,points,,2026-07-12,ERPFIN-132,,2026-05-11T11:41:46Z,2026-07-23T18:29:56Z,2026-07-23T06:06:58Z,fi-aa;wave1;realize;config
ERPFIN,Aurora ERP: Finance & Controlling,ERPFIN-436,"Authorization role for parallel ledgers (IFRS, local GAAP)",task,Done,done,u-joao.kim,João Kim,2,points,,2026-06-13,ERPFIN-110,ERPFIN-271,2026-05-11T21:04:42Z,2026-06-14T05:00:03Z,2026-06-12T06:27:42Z,fi-gl;wave1;realize;security
ERPFIN,Aurora ERP: Finance & Controlling,ERPFIN-437,Technical spec Report: credit management (FSCM) limits,task,Done,done,u-daniel.souza,Daniel Souza,2,points,,2026-07-07,ERPFIN-158,ERPFIN-392,2026-05-12T03:31:37Z,2026-07-17T22:53:32Z,2026-07-17T12:52:32Z,fi-ar;wave1;wricef
ERPFIN,Aurora ERP: Finance & Controlling,ERPFIN-438,Unit test Report: QST tax procedure for Quebec,task,Done,done,u-gustavo.martins,Gustavo Martins,2,points,,2026-07-20,ERPFIN-126,ERPFIN-394,2026-05-12T11:07:42Z,2026-07-21T15:48:50Z,2026-07-21T08:34:05Z,fi-gl;wave1;wricef
ERPFIN,Aurora ERP: Finance & Controlling,ERPFIN-439,Unit test: customer statements,task,Closed,done,u-isabela.weber,Isabela Weber,3,points,,2026-06-18,ERPFIN-151,ERPFIN-322,2026-05-12T19:02:54Z,2026-06-21T20:13:01Z,2026-06-20T18:53:21Z,fi-ar;wave1;realize
ERPFIN,Aurora ERP: Finance & Controlling,ERPFIN-440,Build Interface: customer Business Partner roles for plant 1100 Guelph,story,Done,done,u-isabela.weber,Isabela Weber,2,points,2026-06-03,,ERPFIN-158,ERPFIN-404;ERPFIN-266,2026-05-13T02:45:04Z,2026-07-04T22:42:20Z,2026-07-04T17:30:59Z,fi-ar;wave1;wricef
ERPFIN,Aurora ERP: Finance & Controlling,ERPFIN-441,Functional spec: payment terms and cash discount for plant 1100 Guelph,task,Done,done,u-gustavo.martins,Gustavo Martins,1,points,,2026-06-21,ERPFIN-103,,2026-05-14T04:15:47Z,2026-07-03T17:00:30Z,2026-07-01T23:59:48Z,fi-ap;wave1;realize
ERPFIN,Aurora ERP: Finance & Controlling,ERPFIN-442,Build Interface: profitability characteristics for plant 1100 Guelph,story,Closed,done,u-samuel.martins,Samuel Martins,8,points,2026-06-01,,ERPFIN-115,ERPFIN-413;ERPFIN-402,2026-05-16T04:08:38Z,2026-07-16T10:14:42Z,2026-07-15T15:49:17Z,co-pa;wave1;wricef
ERPFIN,Aurora ERP: Finance & Controlling,ERPFIN-443,Unit test Enhancement: payment terms and cash discount,task,Closed,done,u-isabela.weber,Isabela Weber,1,points,2026-05-20,2026-06-30,ERPFIN-135,ERPFIN-368,2026-05-16T13:36:59Z,2026-06-29T11:26:26Z,2026-06-27T12:22:12Z,fi-ap;wave1;wricef
ERPFIN,Aurora ERP: Finance & Controlling,ERPFIN-444,Unit test Workflow: vendor Business Partner roles,task,Done,done,u-gustavo.martins,Gustavo Martins,2,points,2026-05-31,2026-07-09,ERPFIN-135,ERPFIN-414,2026-05-16T18:13:44Z,2026-07-15T21:35:49Z,2026-07-14T18:31:32Z,fi-ap;wave1;wricef
ERPFIN,Aurora ERP: Finance & Controlling,ERPFIN-445,Unit test Enhancement: depreciation run AFAB,task,Done,done,u-ana.chen,Ana Chen,2,points,,,ERPFIN-95,ERPFIN-399,2026-05-16T19:08:35Z,2026-07-09T16:09:06Z,2026-07-08T09:50:19Z,fi-aa;wave1;wricef
ERPFIN,Aurora ERP: Finance & Controlling,ERPFIN-446,Unit test Conversion: costing variant PPC1,task,To Do,todo,u-ana.chen,Ana Chen,8,points,,2026-07-08,ERPFIN-134,ERPFIN-412,2026-05-16T23:53:53Z,2026-08-17T11:37:14Z,,co-pc;wave1;wricef
ERPFIN,Aurora ERP: Finance & Controlling,ERPFIN-447,Unit test Enhancement: bank account management for plant 1100 Guelph,task,Closed,done,u-mariana.martins,Mariana Martins,5,points,,2026-07-16,ERPFIN-111,ERPFIN-450,2026-05-17T00:49:54Z,2026-07-22T22:57:13Z,2026-07-21T12:23:48Z,tr;wave1;wricef
ERPFIN,Aurora ERP: Finance & Controlling,ERPFIN-448,Configure automatic payment program F110 for plant 1100 Guelph,story,Done,done,u-nikhil.almeida,Nikhil Almeida,5,points,,,ERPFIN-103,ERPFIN-419,2026-05-17T05:46:07Z,2026-07-17T00:05:20Z,2026-07-15T19:50:18Z,fi-ap;wave1;realize;config
ERPFIN,Aurora ERP: Finance & Controlling,ERPFIN-449,Functional spec Form: house banks RBC and TD,task,Closed,done,u-gustavo.martins,Gustavo Martins,3,points,,,ERPFIN-111,ERPFIN-951,2026-05-17T06:33:50Z,2026-07-31T22:12:08Z,2026-07-30T23:09:55Z,tr;wave1;wricef
ERPFIN,Aurora ERP: Finance & Controlling,ERPFIN-450,Build Enhancement: bank account management for plant 1100 Guelph,story,Closed,done,u-joao.kim,João Kim,13,points,,2026-06-23,ERPFIN-111,ERPFIN-306;ERPFIN-516,2026-05-17T11:00:30Z,2026-06-20T14:54:18Z,2026-06-19T00:12:52Z,tr;wave1;wricef
ERPFIN,Aurora ERP: Finance & Controlling,ERPFIN-451,Unit test: recurring entries and accruals,task,Done,done,u-nadia.gagnon,Nadia Gagnon,8,points,,2026-06-29,ERPFIN-110,ERPFIN-345,2026-05-17T16:20:10Z,2026-06-26T07:44:44Z,2026-06-24T16:11:14Z,fi-gl;wave1;realize
ERPFIN,Aurora ERP: Finance & Controlling,ERPFIN-452,Unit test: bad debt provisioning,task,Done,done,u-gustavo.nguyen,Gustavo Nguyen,5,points,2026-05-31,,ERPFIN-151,ERPFIN-327,2026-05-18T03:22:14Z,2026-07-13T10:55:26Z,2026-07-11T15:38:53Z,fi-ar;wave1;realize
ERPFIN,Aurora ERP: Finance & Controlling,ERPFIN-453,Build Report: credit management (FSCM) limits,story,Done,done,u-gustavo.martins,Gustavo Martins,,points,,2026-07-23,ERPFIN-158,ERPFIN-437;ERPFIN-679,2026-05-18T04:28:58Z,2026-08-03T16:57:21Z,2026-08-03T01:14:11Z,fi-ar;wave1;wricef
ERPFIN,Aurora ERP: Finance & Controlling,ERPFIN-454,Technical spec Workflow: cost center standard hierarchy,task,Closed,done,u-gustavo.martins,Gustavo Martins,5,points,,2026-07-05,ERPFIN-134,ERPFIN-411,2026-05-19T22:11:31Z,2026-07-11T18:12:06Z,2026-07-10T23:13:53Z,co-pc;wave1;wricef
ERPFIN,Aurora ERP: Finance & Controlling,ERPFIN-455,Functional spec Workflow: company code 1000 (Vetra Canada),task,Closed,done,u-isabela.weber,Isabela Weber,2,points,,2026-07-01,ERPFIN-126,,2026-05-20T07:38:15Z,2026-07-01T20:43:41Z,2026-07-01T03:13:47Z,fi-gl;wave1;wricef
ERPFIN,Aurora ERP: Finance & Controlling,ERPFIN-456,Unit test: cost center standard hierarchy for plant 1100 Guelph,task,Done,done,u-mariana.martins,Mariana Martins,8,points,,,ERPFIN-131,ERPFIN-378,2026-05-20T08:23:20Z,2026-07-15T11:50:56Z,2026-07-14T13:47:46Z,co-pc;wave1;realize
ERPFIN,Aurora ERP: Finance & Controlling,ERPFIN-457,Authorization role for customer statements,task,Closed,done,u-nadia.gagnon,Nadia Gagnon,2,points,2026-05-23,2026-06-27,ERPFIN-151,ERPFIN-322,2026-05-20T12:00:46Z,2026-07-01T22:01:16Z,2026-07-01T03:24:09Z,fi-ar;wave1;realize;security
ERPFIN,Aurora ERP: Finance & Controlling,ERPFIN-458,Unit test: foreign currency valuation,task,Done,done,u-gustavo.martins,Gustavo Martins,3,points,,,ERPFIN-110,ERPFIN-410,2026-05-20T12:33:07Z,2026-07-22T06:17:53Z,2026-07-22T05:42:00Z,fi-gl;wave1;realize
ERPFIN,Aurora ERP: Finance & Controlling,ERPFIN-459,Configure profit center structure for plant 1100 Guelph,story,Done,done,u-gustavo.martins,Gustavo Martins,8,points,,,ERPFIN-133,,2026-05-21T23:16:38Z,2026-07-30T11:31:18Z,2026-07-29T15:12:03Z,co-pa;wave1;realize;config
ERPFIN,Aurora ERP: Finance & Controlling,ERPFIN-460,Configure cash position and liquidity forecast for plant 1100 Guelph,story,Closed,done,u-gustavo.martins,Gustavo Martins,1,points,2026-06-19,,ERPFIN-141,,2026-05-22T05:43:11Z,2026-08-06T07:44:11Z,2026-08-05T00:47:57Z,tr;wave1;realize;config
ERPFIN,Aurora ERP: Finance & Controlling,ERPFIN-461,Unit test: top-down distribution,task,Closed,done,u-daniel.souza,Daniel Souza,8,points,,2026-06-28,ERPFIN-133,ERPFIN-358,2026-05-22T11:21:19Z,2026-06-30T05:23:52Z,2026-06-28T12:54:27Z,co-pa;wave1;realize
ERPFIN,Aurora ERP: Finance & Controlling,ERPFIN-462,Unit test: impairment posting,task,Done,done,u-samuel.martins,Samuel Martins,2,points,,2026-07-07,ERPFIN-132,ERPFIN-367,2026-05-22T20:30:01Z,2026-07-05T15:28:58Z,2026-07-05T09:13:01Z,fi-aa;wave1;realize
ERPFIN,Aurora ERP: Finance & Controlling,ERPFIN-463,Unit test: profitability characteristics for plant 1100 Guelph,task,Blocked,in_progress,u-gustavo.martins,Gustavo Martins,5,points,,2026-07-09,ERPFIN-133,ERPFIN-409,2026-05-22T21:32:08Z,2026-08-12T14:29:25Z,,co-pa;wave1;realize
ERPFIN,Aurora ERP: Finance & Controlling,ERPFIN-464,Unit test Report: automatic payment program F110,task,To Do,todo,u-gustavo.martins,Gustavo Martins,13,points,,2026-07-18,ERPFIN-135,ERPFIN-425,2026-05-23T02:10:13Z,2026-05-23T02:10:13Z,,fi-ap;wave1;wricef
ERPFIN,Aurora ERP: Finance & Controlling,ERPFIN-465,Configure asset under construction settlement for plant 1100 Guelph,story,Closed,done,u-gustavo.martins,Gustavo Martins,1,points,,2026-07-29,ERPFIN-132,,2026-05-23T07:22:35Z,2026-08-02T07:34:02Z,2026-08-01T16:08:58Z,fi-aa;wave1;realize;config
ERPFIN,Aurora ERP: Finance & Controlling,ERPFIN-466,Unit test: withholding tax (T4A/NR4),task,Closed,done,u-nadia.gagnon,Nadia Gagnon,5,points,,2026-07-04,ERPFIN-103,ERPFIN-348,2026-05-23T14:24:48Z,2026-07-05T10:02:10Z,2026-07-03T17:49:50Z,fi-ap;wave1;realize
ERPFIN,Aurora ERP: Finance & Controlling,ERPFIN-467,Configure dunning procedure for plant 1100 Guelph,story,Done,done,,,1,points,2026-05-31,2026-07-01,ERPFIN-151,,2026-05-23T17:13:42Z,2026-07-03T19:18:40Z,2026-07-02T19:01:51Z,fi-ar;wave1;realize;config
ERPFIN,Aurora ERP: Finance & Controlling,ERPFIN-468,Technical spec Conversion: bank account management for plant 1100 Guelph,task,Done,done,u-nikhil.almeida,Nikhil Almeida,3,points,2026-06-02,2026-07-20,ERPFIN-111,ERPFIN-396,2026-05-23T17:48:30Z,2026-07-25T12:47:51Z,2026-07-24T03:01:59Z,tr;wave1;wricef
ERPFIN,Aurora ERP: Finance & Controlling,ERPFIN-469,Unit test: payment terms and cash discount for plant 1100 Guelph,task,Closed,done,u-gustavo.martins,Gustavo Martins,8,points,,2026-07-23,ERPFIN-103,ERPFIN-420,2026-05-24T05:18:16Z,2026-07-30T06:48:12Z,2026-07-28T17:32:30Z,fi-ap;wave1;realize
ERPFIN,Aurora ERP: Finance & Controlling,ERPFIN-470,Unit test: vendor Business Partner roles for plant 1100 Guelph,task,Closed,done,u-gustavo.martins,Gustavo Martins,1,points,,,ERPFIN-103,ERPFIN-359,2026-05-24T10:04:15Z,2026-07-19T14:14:10Z,2026-07-17T20:00:47Z,fi-ap;wave1;realize
ERPFIN,Aurora ERP: Finance & Controlling,ERPFIN-471,Functional spec Report: credit management (FSCM) limits,task,Closed,done,u-lucas.wilson,Lucas Wilson,3,points,,2026-07-29,ERPFIN-158,,2026-05-24T10:14:25Z,2026-07-27T09:23:33Z,2026-07-26T18:41:34Z,fi-ar;wave1;wricef
ERPFIN,Aurora ERP: Finance & Controlling,ERPFIN-472,FI-GL: SIT cycles 1 and 2,epic,In Progress,in_progress,u-ana.chen,Ana Chen,,points,2026-07-12,2026-09-19,,,2026-05-24T11:11:14Z,2026-08-23T00:00:00Z,,fi-gl;wave1;sit
ERPFIN,Aurora ERP: Finance & Controlling,ERPFIN-473,Unit test: in-house cash for intercompany,task,Done,done,u-gustavo.martins,Gustavo Martins,1,points,,2026-06-23,ERPFIN-141,ERPFIN-369,2026-05-24T23:48:28Z,2026-06-24T09:37:02Z,2026-06-24T01:44:40Z,tr;wave1;realize
ERPFIN,Aurora ERP: Finance & Controlling,ERPFIN-474,Technical spec Enhancement: internal orders for capex for plant 1100 Guelph,task,Closed,done,u-gustavo.martins,Gustavo Martins,8,points,,2026-07-15,ERPFIN-115,ERPFIN-418,2026-05-25T18:19:58Z,2026-07-12T21:02:41Z,2026-07-11T04:55:59Z,co-pa;wave1;wricef
ERPFIN,Aurora ERP: Finance & Controlling,ERPFIN-475,FI-AR: SIT cycles 1 and 2,epic,Blocked,in_progress,u-ana.chen,Ana Chen,,points,2026-07-04,2026-09-23,,,2026-05-26T07:12:11Z,2026-08-16T00:00:00Z,,fi-ar;wave1;sit
ERPFIN,Aurora ERP: Finance & Controlling,ERPFIN-476,Configure company code 2000 (Vetra US) for plant 1100 Guelph,story,Closed,done,u-samuel.martins,Samuel Martins,3,points,2026-05-29,2026-07-03,ERPFIN-110,,2026-05-26T10:00:00Z,2026-07-09T06:12:29Z,2026-07-07T06:26:10Z,fi-gl;wave1;realize;config
ERPFIN,Aurora ERP: Finance & Controlling,ERPFIN-477,Technical spec Workflow: company code 1000 (Vetra Canada),task,Closed,done,u-gustavo.martins,Gustavo Martins,13,points,,2026-07-14,ERPFIN-126,ERPFIN-455,2026-05-26T13:11:08Z,2026-07-21T14:23:23Z,2026-07-21T11:20:27Z,fi-gl;wave1;wricef
ERPFIN,Aurora ERP: Finance & Controlling,ERPFIN-478,Build Enhancement: costing variant PPC1,story,In Progress,in_progress,u-isabela.iyer,Isabela Iyer,,points,,2026-07-03,ERPFIN-134,ERPFIN-385;ERPFIN-303,2026-05-26T18:28:37Z,2026-08-14T13:37:18Z,,co-pc;wave1;wricef
ERPFIN,Aurora ERP: Finance & Controlling,ERPFIN-479,Configure material ledger actual costing for plant 1100 Guelph,story,Closed,done,u-gustavo.martins,Gustavo Martins,3,points,,2026-07-24,ERPFIN-131,,2026-05-28T12:04:38Z,2026-07-27T15:09:23Z,2026-07-26T16:39:22Z,co-pc;wave1;realize;config
ERPFIN,Aurora ERP: Finance & Controlling,ERPFIN-480,Build Form: payment terms and cash discount,story,Closed,done,u-nadia.gagnon,Nadia Gagnon,3,points,,2026-07-28,ERPFIN-135,ERPFIN-491;ERPFIN-359,2026-05-28T23:19:20Z,2026-08-07T07:53:33Z,2026-08-07T00:16:25Z,fi-ap;wave1;wricef
ERPFIN,Aurora ERP: Finance & Controlling,ERPFIN-481,Unit test Interface: customer Business Partner roles for plant 1100 Guelph,task,Done,done,u-nadia.gagnon,Nadia Gagnon,2,points,,2026-07-31,ERPFIN-158,ERPFIN-440,2026-05-28T23:59:16Z,2026-08-05T05:57:55Z,2026-08-05T01:45:20Z,fi-ar;wave1;wricef
ERPFIN,Aurora ERP: Finance & Controlling,ERPFIN-482,Unit test Interface: profitability characteristics for plant 1100 Guelph,task,Ready,todo,,,5,points,,2026-07-27,ERPFIN-115,ERPFIN-442,2026-05-29T15:50:38Z,2026-06-28T13:42:05Z,,co-pa;wave1;wricef
ERPFIN,Aurora ERP: Finance & Controlling,ERPFIN-483,Configure lockbox and CAMT.053 statement import for plant 1100 Guelph,story,Done,done,u-isabela.weber,Isabela Weber,13,points,,,ERPFIN-151,ERPFIN-669,2026-05-29T20:39:52Z,2026-07-30T21:21:17Z,2026-07-30T21:03:30Z,fi-ar;wave1;realize;config
ERPFIN,Aurora ERP: Finance & Controlling,ERPFIN-484,Technical spec Form: cost center standard hierarchy,task,Done,done,u-mariana.martins,Mariana Martins,8,points,,2026-07-30,ERPFIN-134,ERPFIN-496,2026-05-30T01:43:38Z,2026-08-02T02:02:09Z,2026-08-01T19:33:51Z,co-pc;wave1;wricef
ERPFIN,Aurora ERP: Finance & Controlling,ERPFIN-485,Configure QST tax procedure for Quebec for plant 1100 Guelph,story,Closed,done,u-gustavo.nguyen,Gustavo Nguyen,5,points,2026-06-27,2026-07-30,ERPFIN-110,,2026-05-30T11:35:38Z,2026-08-10T21:12:18Z,2026-08-09T05:03:59Z,fi-gl;wave1;realize;config
ERPFIN,Aurora ERP: Finance & Controlling,ERPFIN-486,"Build Conversion: parallel ledgers (IFRS, local GAAP) for plant 1100 Guelph",story,Done,done,u-isabela.weber,Isabela Weber,5,points,2026-06-08,2026-07-18,ERPFIN-126,ERPFIN-401;ERPFIN-670,2026-05-30T12:27:19Z,2026-07-19T04:54:33Z,2026-07-18T07:07:41Z,fi-gl;wave1;wricef
ERPFIN,Aurora ERP: Finance & Controlling,ERPFIN-487,Build Enhancement: bank communication management,story,Done,done,u-gustavo.martins,Gustavo Martins,5,points,2026-06-05,2026-07-08,ERPFIN-111,ERPFIN-407;ERPFIN-189,2026-05-30T13:51:08Z,2026-07-13T11:08:54Z,2026-07-12T22:55:40Z,tr;wave1;wricef
ERPFIN,Aurora ERP: Finance & Controlling,ERPFIN-488,Unit test: asset classes and depreciation keys for plant 1100 Guelph,task,Done,done,u-mariana.martins,Mariana Martins,2,points,,2026-07-13,ERPFIN-132,ERPFIN-415,2026-05-31T05:34:34Z,2026-07-16T11:07:06Z,2026-07-14T13:10:47Z,fi-aa;wave1;realize
ERPFIN,Aurora ERP: Finance & Controlling,ERPFIN-489,Unit test Form: bad debt provisioning,task,Done,done,u-ana.chen,Ana Chen,3,points,,2026-07-12,ERPFIN-158,ERPFIN-377,2026-05-31T19:45:15Z,2026-07-21T20:32:38Z,2026-07-20T12:07:06Z,fi-ar;wave1;wricef
ERPFIN,Aurora ERP: Finance & Controlling,ERPFIN-490,CO-PC: SIT cycles 1 and 2,epic,In Progress,in_progress,u-isabela.weber,Isabela Weber,,points,2026-07-15,2026-09-22,,,2026-06-01T07:46:25Z,2026-08-10T00:00:00Z,,co-pc;wave1;sit
ERPFIN,Aurora ERP: Finance & Controlling,ERPFIN-491,Technical spec Form: payment terms and cash discount,task,Closed,done,u-samuel.martins,Samuel Martins,8,points,,2026-07-22,ERPFIN-135,ERPFIN-431,2026-06-01T09:09:22Z,2026-07-29T13:43:35Z,2026-07-29T13:27:49Z,fi-ap;wave1;wricef
ERPFIN,Aurora ERP: Finance & Controlling,ERPFIN-492,Unit test Enhancement: costing variant PPC1,task,Done,done,u-nadia.gagnon,Nadia Gagnon,5,points,2026-06-17,2026-07-31,ERPFIN-134,ERPFIN-478,2026-06-01T11:54:45Z,2026-07-28T20:36:36Z,2026-07-27T19:38:45Z,co-pc;wave1;wricef
ERPFIN,Aurora ERP: Finance & Controlling,ERPFIN-493,Technical spec Form: account-based CO-PA activation for plant 1100 Guelph,task,Done,done,u-samuel.martins,Samuel Martins,8,points,2026-06-28,2026-08-01,ERPFIN-115,ERPFIN-504,2026-06-01T16:39:44Z,2026-08-07T12:02:35Z,2026-08-06T05:48:22Z,co-pa;wave1;wricef
ERPFIN,Aurora ERP: Finance & Controlling,ERPFIN-494,Unit test: company code 1000 (Vetra Canada) for plant 1100 Guelph,task,Done,done,u-mariana.martins,Mariana Martins,3,points,,2026-07-30,ERPFIN-110,ERPFIN-434,2026-06-01T21:05:00Z,2026-08-10T19:07:14Z,2026-08-09T04:48:59Z,fi-gl;wave1;realize
ERPFIN,Aurora ERP: Finance & Controlling,ERPFIN-495,Configure document splitting for plant 1100 Guelph,story,Closed,done,u-gustavo.martins,Gustavo Martins,8,points,,2026-07-13,ERPFIN-110,,2026-06-01T23:24:56Z,2026-07-23T22:01:29Z,2026-07-23T05:31:32Z,fi-gl;wave1;realize;config
ERPFIN,Aurora ERP: Finance & Controlling,ERPFIN-496,Functional spec Form: cost center standard hierarchy,task,Closed,done,u-isabela.iyer,Isabela Iyer,5,points,,2026-07-18,ERPFIN-134,,2026-06-02T11:00:33Z,2026-07-17T18:50:19Z,2026-07-17T17:27:30Z,co-pc;wave1;wricef
ERPFIN,Aurora ERP: Finance & Controlling,ERPFIN-497,Build Conversion: asset classes and depreciation keys,story,Closed,done,u-mariana.martins,Mariana Martins,1,points,2026-06-22,2026-08-03,ERPFIN-95,ERPFIN-500;ERPFIN-161;ERPFIN-390,2026-06-02T12:45:32Z,2026-08-11T02:01:51Z,2026-08-10T08:49:49Z,fi-aa;wave1;wricef
ERPFIN,Aurora ERP: Finance & Controlling,ERPFIN-498,Authorization role for bad debt provisioning,task,Closed,done,u-isabela.weber,Isabela Weber,5,points,,,ERPFIN-151,ERPFIN-327,2026-06-02T17:33:13Z,2026-07-14T20:05:49Z,2026-07-13T16:06:23Z,fi-ar;wave1;realize;security
ERPFIN,Aurora ERP: Finance & Controlling,ERPFIN-499,Functional spec Conversion: variance analysis for production orders,task,Closed,done,u-isabela.iyer,Isabela Iyer,5,points,,2026-07-30,ERPFIN-134,,2026-06-02T20:35:11Z,2026-08-05T23:56:30Z,2026-08-05T09:21:43Z,co-pc;wave1;wricef
ERPFIN,Aurora ERP: Finance & Controlling,ERPFIN-500,Technical spec Conversion: asset classes and depreciation keys,task,Closed,done,u-gustavo.nguyen,Gustavo Nguyen,,points,2026-06-08,2026-07-11,ERPFIN-95,ERPFIN-429,2026-06-02T23:44:29Z,2026-07-18T15:56:53Z,2026-07-17T22:07:51Z,fi-aa;wave1;wricef
ERPFIN,Aurora ERP: Finance & Controlling,ERPFIN-501,Configure costing variant PPC1 for plant 1100 Guelph,story,Closed,done,u-daniel.souza,Daniel Souza,3,points,,2026-07-13,ERPFIN-131,ERPFIN-433,2026-06-03T00:14:59Z,2026-07-24T19:36:25Z,2026-07-24T17:28:28Z,co-pc;wave1;realize;config
ERPFIN,Aurora ERP: Finance & Controlling,ERPFIN-502,Functional spec: plan/actual reporting for plant 1100 Guelph,task,Closed,done,u-kevin.almeida,Kevin Almeida,5,points,,2026-08-08,ERPFIN-133,ERPFIN-356,2026-06-04T03:22:03Z,2026-08-13T12:41:23Z,2026-08-11T20:51:38Z,co-pa;wave1;realize
ERPFIN,Aurora ERP: Finance & Controlling,ERPFIN-503,Configure credit management (FSCM) limits for plant 1100 Guelph,story,Closed,done,u-gustavo.martins,Gustavo Martins,8,points,2026-06-30,2026-08-10,ERPFIN-151,,2026-06-04T19:27:22Z,2026-08-16T18:07:39Z,2026-08-15T17:05:41Z,fi-ar;wave1;realize;config
ERPFIN,Aurora ERP: Finance & Controlling,ERPFIN-504,Functional spec Form: account-based CO-PA activation for plant 1100 Guelph,task,Done,done,u-kevin.almeida,Kevin Almeida,3,points,2026-06-17,,ERPFIN-115,,2026-06-04T22:04:41Z,2026-07-30T16:02:07Z,2026-07-29T11:32:09Z,co-pa;wave1;wricef
ERPFIN,Aurora ERP: Finance & Controlling,ERPFIN-505,Build Workflow: company code 1000 (Vetra Canada),story,Closed,done,u-gustavo.martins,Gustavo Martins,60,points,,2026-08-01,ERPFIN-126,ERPFIN-477;ERPFIN-316,2026-06-05T02:52:51Z,2026-08-11T00:45:48Z,2026-08-10T18:38:41Z,fi-gl;wave1;wricef
ERPFIN,Aurora ERP: Finance & Controlling,ERPFIN-506,Configure ISO 20022 pain.001 payment file for plant 1100 Guelph,story,Done,done,u-gustavo.martins,Gustavo Martins,3,points,,2026-07-23,ERPFIN-103,,2026-06-05T02:58:01Z,2026-07-27T10:05:18Z,2026-07-25T23:56:22Z,fi-ap;wave1;realize;config
ERPFIN,Aurora ERP: Finance & Controlling,ERPFIN-507,Technical spec Form: house banks RBC and TD,task,In Progress,in_progress,u-daniel.souza,Daniel Souza,3,points,,2026-07-30,ERPFIN-111,ERPFIN-449,2026-06-05T03:08:15Z,2026-08-19T17:19:14Z,,tr;wave1;wricef
ERPFIN,Aurora ERP: Finance & Controlling,ERPFIN-508,Build Enhancement: internal orders for capex for plant 1100 Guelph,story,Done,done,u-mariana.martins,Mariana Martins,5,points,,,ERPFIN-115,ERPFIN-474;ERPFIN-553,2026-06-05T07:53:47Z,2026-08-12T08:51:46Z,2026-08-11T14:48:50Z,co-pa;wave1;wricef
ERPFIN,Aurora ERP: Finance & Controlling,ERPFIN-509,Technical spec Report: intercompany elimination,task,Done,done,u-lucas.wilson,Lucas Wilson,2,points,,,ERPFIN-126,ERPFIN-527,2026-06-05T08:48:11Z,2026-08-19T16:29:59Z,2026-08-17T16:40:45Z,fi-gl;wave1;wricef
ERPFIN,Aurora ERP: Finance & Controlling,ERPFIN-510,"Unit test Conversion: parallel ledgers (IFRS, local GAAP) for plant 1100 Guelph",task,Closed,done,u-mariana.martins,Mariana Martins,13,points,,2026-08-07,ERPFIN-126,ERPFIN-486,2026-06-05T21:06:36Z,2026-08-04T23:27:49Z,2026-08-03T05:50:39Z,fi-gl;wave1;wricef
ERPFIN,Aurora ERP: Finance & Controlling,ERPFIN-511,Functional spec Workflow: lockbox and CAMT.053 statement import,task,Done,done,u-mariana.martins,Mariana Martins,8,points,2026-06-06,2026-07-07,ERPFIN-158,,2026-06-05T22:43:21Z,2026-07-16T20:16:20Z,2026-07-16T15:00:47Z,fi-ar;wave1;wricef
ERPFIN,Aurora ERP: Finance & Controlling,ERPFIN-512,SIT-1 Hire-to-Retire scenario 3 (FI-AR),task,Done,done,u-gustavo.martins,Gustavo Martins,13,points,,2026-07-19,ERPFIN-475,ERPFIN-483,2026-06-06T10:09:55Z,2026-07-21T01:41:31Z,2026-07-20T04:26:03Z,fi-ar;wave1;sit
ERPFIN,Aurora ERP: Finance & Controlling,ERPFIN-513,Unit test: dunning procedure for plant 1100 Guelph,task,Closed,done,,,5,points,,2026-07-30,ERPFIN-151,ERPFIN-467,2026-06-06T10:51:59Z,2026-07-29T22:04:14Z,2026-07-28T01:41:51Z,fi-ar;wave1;realize
ERPFIN,Aurora ERP: Finance & Controlling,ERPFIN-514,Technical spec Conversion: ISO 20022 pain.001 payment file for plant 1100 Guelph,task,Done,done,u-isabela.iyer,Isabela Iyer,13,points,,2026-08-08,ERPFIN-135,ERPFIN-531,2026-06-06T19:50:23Z,2026-08-13T15:28:23Z,2026-08-12T11:13:51Z,fi-ap;wave1;wricef
ERPFIN,Aurora ERP: Finance & Controlling,ERPFIN-515,Unit test: customer Business Partner roles for plant 1100 Guelph,task,Closed,done,u-gustavo.martins,Gustavo Martins,3,points,,2026-07-15,ERPFIN-151,ERPFIN-397,2026-06-07T00:30:54Z,2026-07-12T21:34:43Z,2026-07-12T04:54:19Z,fi-ar;wave1;realize
ERPFIN,Aurora ERP: Finance & Controlling,ERPFIN-516,Configure bank account management for plant 1100 Guelph,story,Closed,done,u-gustavo.martins,Gustavo Martins,8,points,2026-06-07,2026-07-08,ERPFIN-141,ERPFIN-427,2026-06-07T03:57:03Z,2026-07-16T08:13:55Z,2026-07-16T02:41:01Z,tr;wave1;realize;config
ERPFIN,Aurora ERP: Finance & Controlling,ERPFIN-517,Build Report: automatic payment program F110 for plant 1100 Guelph,story,Closed,done,u-joao.kim,João Kim,3,points,,2026-07-21,ERPFIN-135,ERPFIN-432;ERPFIN-610,2026-06-07T11:38:03Z,2026-07-17T17:41:45Z,2026-07-17T17:10:54Z,fi-ap;wave1;wricef
ERPFIN,Aurora ERP: Finance & Controlling,ERPFIN-518,Unit test: house banks RBC and TD for plant 1100 Guelph,task,Closed,done,,,5,points,,2026-07-23,ERPFIN-141,ERPFIN-416,2026-06-08T07:17:26Z,2026-07-26T09:42:30Z,2026-07-26T07:07:02Z,tr;wave1;realize
ERPFIN,Aurora ERP: Finance & Controlling,ERPFIN-519,FI-AP: SIT cycles 1 and 2,epic,In Progress,in_progress,u-lucas.wilson,Lucas Wilson,,points,2026-07-10,2026-10-09,,,2026-06-08T15:55:29Z,2026-08-20T00:00:00Z,,fi-ap;wave1;sit
ERPFIN,Aurora ERP: Finance & Controlling,ERPFIN-520,Unit test: CCA classes for Canadian tax for plant 1100 Guelph,task,Done,done,u-nikhil.almeida,Nikhil Almeida,5,points,2026-06-28,2026-07-27,ERPFIN-132,ERPFIN-435,2026-06-08T21:03:01Z,2026-07-28T16:24:36Z,2026-07-27T14:33:02Z,fi-aa;wave1;realize
ERPFIN,Aurora ERP: Finance & Controlling,ERPFIN-521,Functional spec: asset transfer from legacy JDE for plant 1100 Guelph,task,Done,done,u-gustavo.martins,Gustavo Martins,5,points,,2026-08-05,ERPFIN-132,,2026-06-09T10:51:35Z,2026-08-14T15:46:32Z,2026-08-13T07:36:16Z,fi-aa;wave1;realize
ERPFIN,Aurora ERP: Finance & Controlling,ERPFIN-522,Configure invoice verification tolerances for plant 1100 Guelph,story,Done,done,u-isabela.iyer,Isabela Iyer,13,points,,,ERPFIN-103,ERPFIN-576,2026-06-10T06:07:41Z,2026-08-04T15:10:18Z,2026-08-04T07:38:29Z,fi-ap;wave1;realize;config
ERPFIN,Aurora ERP: Finance & Controlling,ERPFIN-523,Unit test Enhancement: bank communication management,task,Closed,done,u-gustavo.martins,Gustavo Martins,13,points,,2026-08-03,ERPFIN-111,ERPFIN-487,2026-06-10T07:31:35Z,2026-07-31T17:54:50Z,2026-07-30T09:39:38Z,tr;wave1;wricef
ERPFIN,Aurora ERP: Finance & Controlling,ERPFIN-524,Configure WIP calculation and settlement for plant 1100 Guelph,story,Blocked,in_progress,u-gustavo.martins,Gustavo Martins,2,points,,2026-08-13,ERPFIN-131,,2026-06-10T11:31:12Z,2026-06-20T10:26:13Z,,co-pc;wave1;realize;config
ERPFIN,Aurora ERP: Finance & Controlling,ERPFIN-525,Configure GST/HST tax codes for plant 1100 Guelph,story,Done,done,u-gustavo.martins,Gustavo Martins,3,points,,2026-07-29,ERPFIN-110,,2026-06-11T14:03:50Z,2026-08-09T11:19:58Z,2026-08-08T17:29:31Z,fi-gl;wave1;realize;config
ERPFIN,Aurora ERP: Finance & Controlling,ERPFIN-526,Technical spec Workflow: lockbox and CAMT.053 statement import,task,Closed,done,u-gustavo.martins,Gustavo Martins,8,points,,,ERPFIN-158,ERPFIN-511,2026-06-11T18:29:35Z,2026-08-07T12:12:26Z,2026-08-07T00:09:15Z,fi-ar;wave1;wricef
ERPFIN,Aurora ERP: Finance & Controlling,ERPFIN-527,Functional spec Report: intercompany elimination,task,Closed,done,u-mariana.martins,Mariana Martins,5,points,,2026-07-19,ERPFIN-126,,2026-06-12T14:54:54Z,2026-07-29T16:28:07Z,2026-07-29T12:27:58Z,fi-gl;wave1;wricef
ERPFIN,Aurora ERP: Finance & Controlling,ERPFIN-528,Unit test: chart of accounts VETRA for plant 1100 Guelph,task,Done,done,u-nadia.gagnon,Nadia Gagnon,3,points,,,ERPFIN-110,ERPFIN-381,2026-06-13T08:06:52Z,2026-07-20T09:02:24Z,2026-07-18T22:38:28Z,fi-gl;wave1;realize
ERPFIN,Aurora ERP: Finance & Controlling,ERPFIN-529,Authorization role for asset classes and depreciation keys for plant 1100 Guelph,task,Done,done,u-isabela.iyer,Isabela Iyer,3,points,,2026-07-24,ERPFIN-132,ERPFIN-415,2026-06-13T16:15:08Z,2026-07-22T23:57:53Z,2026-07-21T22:54:38Z,fi-aa;wave1;realize;security
ERPFIN,Aurora ERP: Finance & Controlling,ERPFIN-530,Unit test Report: credit management (FSCM) limits,task,Done,done,u-gustavo.martins,Gustavo Martins,1,points,,2026-08-10,ERPFIN-158,ERPFIN-453,2026-06-14T12:07:40Z,2026-08-16T05:14:17Z,2026-08-15T21:24:36Z,fi-ar;wave1;wricef
ERPFIN,Aurora ERP: Finance & Controlling,ERPFIN-531,Functional spec Conversion: ISO 20022 pain.001 payment file for plant 1100 Guelph,task,Done,done,u-daniel.souza,Daniel Souza,5,points,2026-06-15,2026-07-19,ERPFIN-135,,2026-06-14T12:11:32Z,2026-07-29T01:38:01Z,2026-07-27T06:14:53Z,fi-ap;wave1;wricef
ERPFIN,Aurora ERP: Finance & Controlling,ERPFIN-532,Build Conversion: bank account management for plant 1100 Guelph,story,Done,done,u-mariana.martins,Mariana Martins,8,points,2026-06-26,2026-08-09,ERPFIN-111,ERPFIN-468;ERPFIN-516,2026-06-14T16:54:11Z,2026-08-08T09:23:00Z,2026-08-07T07:28:56Z,tr;wave1;wricef
ERPFIN,Aurora ERP: Finance & Controlling,ERPFIN-533,TR: SIT cycles 1 and 2,epic,In Progress,in_progress,,,,points,2026-07-12,2026-09-28,,,2026-06-14T17:01:10Z,2026-08-22T00:00:00Z,,tr;wave1;sit
ERPFIN,Aurora ERP: Finance & Controlling,ERPFIN-534,SIT-1 Plan-to-Produce scenario 4 (TR),task,Done,done,u-lucas.wilson,Lucas Wilson,3,points,,2026-07-29,ERPFIN-533,ERPFIN-516;ERPFIN-174;ERPFIN-695;ERPFIN-737,2026-06-15T04:33:25Z,2026-07-28T23:18:52Z,2026-07-27T09:27:02Z,tr;wave1;sit
ERPFIN,Aurora ERP: Finance & Controlling,ERPFIN-535,Build Conversion: ISO 20022 pain.001 payment file for plant 1100 Guelph,story,Blocked,in_progress,u-gustavo.martins,Gustavo Martins,2,points,,2026-08-08,ERPFIN-135,ERPFIN-514;ERPFIN-138,2026-06-15T05:01:56Z,2026-08-19T08:59:21Z,,fi-ap;wave1;wricef
ERPFIN,Aurora ERP: Finance & Controlling,ERPFIN-536,SIT-1 Hire-to-Retire scenario 1 (FI-GL),task,Closed,done,u-gustavo.martins,Gustavo Martins,3,points,,2026-07-25,ERPFIN-472,ERPFIN-476,2026-06-15T05:22:57Z,2026-08-02T06:31:34Z,2026-08-01T19:21:42Z,fi-gl;wave1;sit
ERPFIN,Aurora ERP: Finance & Controlling,ERPFIN-537,SIT-1 Hire-to-Retire scenario 4 (FI-AP),task,Done,done,u-ana.chen,Ana Chen,5,points,,,ERPFIN-519,ERPFIN-197;ERPFIN-610;ERPFIN-199,2026-06-15T07:41:08Z,2026-07-27T19:31:46Z,2026-07-25T19:45:19Z,fi-ap;wave1;sit
ERPFIN,Aurora ERP: Finance & Controlling,ERPFIN-538,Functional spec: internal orders for capex for plant 1100 Guelph,task,Done,done,u-ana.chen,Ana Chen,13,points,,2026-07-22,ERPFIN-133,,2026-06-16T08:43:35Z,2026-07-19T09:14:42Z,2026-07-18T13:33:16Z,co-pa;wave1;realize
ERPFIN,Aurora ERP: Finance & Controlling,ERPFIN-539,Unit test: profit center structure for plant 1100 Guelph,task,Closed,done,u-gustavo.martins,Gustavo Martins,2,points,,2026-08-08,ERPFIN-133,ERPFIN-459,2026-06-16T09:13:22Z,2026-08-07T09:39:47Z,2026-08-06T20:41:03Z,co-pa;wave1;realize
ERPFIN,Aurora ERP: Finance & Controlling,ERPFIN-540,CO-PA: SIT cycles 1 and 2,epic,In Progress,in_progress,,,,points,2026-07-05,2026-09-18,,,2026-06-16T09:34:14Z,2026-08-13T00:00:00Z,,co-pa;wave1;sit
ERPFIN,Aurora ERP: Finance & Controlling,ERPFIN-541,Technical spec Report: depreciation run AFAB for plant 1100 Guelph,task,Done,done,u-lucas.wilson,Lucas Wilson,8,points,,2026-08-11,ERPFIN-95,ERPFIN-601;ERPFIN-612,2026-06-16T12:28:03Z,2026-08-21T18:28:00Z,2026-08-20T17:51:53Z,fi-aa;wave1;wricef
ERPFIN,Aurora ERP: Finance & Controlling,ERPFIN-542,FI-AA: SIT cycles 1 and 2,epic,Blocked,in_progress,u-ana.chen,Ana Chen,,points,2026-07-06,2026-09-24,,,2026-06-16T14:04:28Z,2026-08-15T00:00:00Z,,fi-aa;wave1;sit
ERPFIN,Aurora ERP: Finance & Controlling,ERPFIN-543,SIT-1 Acquire-to-Retire scenario 4 (CO-PA),task,Closed,done,u-gustavo.martins,Gustavo Martins,2,points,,2026-07-26,ERPFIN-540,ERPFIN-459;ERPFIN-244,2026-06-16T17:08:00Z,2026-07-26T17:47:37Z,2026-07-26T13:40:34Z,co-pa;wave1;sit
ERPFIN,Aurora ERP: Finance & Controlling,ERPFIN-544,SIT-1 Record-to-Report scenario 1 (CO-PA),task,To Do,todo,u-isabela.iyer,Isabela Iyer,5,points,,2026-07-20,ERPFIN-540,ERPFIN-402;ERPFIN-315,2026-06-16T18:23:50Z,2026-08-03T10:45:09Z,,co-pa;wave1;sit
ERPFIN,Aurora ERP: Finance & Controlling,ERPFIN-545,Unit test: bank account management for plant 1100 Guelph,task,Done,done,u-nikhil.almeida,Nikhil Almeida,8,points,,2026-08-04,ERPFIN-141,ERPFIN-516;ERPFIN-801,2026-06-16T21:32:44Z,2026-08-07T07:57:39Z,2026-08-05T22:40:08Z,tr;wave1;realize
ERPFIN,Aurora ERP: Finance & Controlling,ERPFIN-546,SIT-1 Plan-to-Produce scenario 7 (FI-AA),task,Done,done,u-gustavo.martins,Gustavo Martins,5,points,2026-07-06,2026-07-25,ERPFIN-542,ERPFIN-148;ERPFIN-328;ERPFIN-161,2026-06-16T22:34:03Z,2026-07-28T21:55:51Z,2026-07-26T23:05:46Z,fi-aa;wave1;sit
ERPFIN,Aurora ERP: Finance & Controlling,ERPFIN-547,SIT-1 Plan-to-Produce scenario 4 (FI-AA),task,Closed,done,u-nikhil.almeida,Nikhil Almeida,3,points,,,ERPFIN-542,ERPFIN-465;ERPFIN-646;ERPFIN-367,2026-06-17T05:12:18Z,2026-07-18T21:40:23Z,2026-07-18T05:31:38Z,fi-aa;wave1;sit
ERPFIN,Aurora ERP: Finance & Controlling,ERPFIN-548,Unit test: costing variant PPC1 for plant 1100 Guelph,task,Closed,done,u-samuel.martins,Samuel Martins,,points,,2026-08-13,ERPFIN-131,ERPFIN-501,2026-06-17T05:40:44Z,2026-08-10T23:01:59Z,2026-08-10T08:11:18Z,co-pc;wave1;realize
ERPFIN,Aurora ERP: Finance & Controlling,ERPFIN-549,SIT-1 Record-to-Report scenario 5 (CO-PA),task,Done,done,u-joao.kim,João Kim,3,points,,,ERPFIN-540,ERPFIN-358;ERPFIN-346,2026-06-17T06:55:32Z,2026-08-03T06:35:39Z,2026-08-02T00:39:24Z,co-pa;wave1;sit
ERPFIN,Aurora ERP: Finance & Controlling,ERPFIN-550,SIT-1 Order-to-Cash scenario 3 (FI-AR),task,Done,done,u-daniel.souza,Daniel Souza,1,points,,,ERPFIN-475,ERPFIN-245,2026-06-17T07:35:18Z,2026-07-31T13:01:45Z,2026-07-31T06:21:18Z,fi-ar;wave1;sit
ERPFIN,Aurora ERP: Finance & Controlling,ERPFIN-551,SIT-1 Plan-to-Produce scenario 2 (TR),task,Done,done,u-lucas.wilson,Lucas Wilson,3,points,,2026-07-29,ERPFIN-533,ERPFIN-189,2026-06-17T08:27:35Z,2026-07-28T15:32:57Z,2026-07-27T20:02:25Z,tr;wave1;sit
ERPFIN,Aurora ERP: Finance & Controlling,ERPFIN-552,Unit test: asset under construction settlement for plant 1100 Guelph,task,Closed,done,u-gustavo.martins,Gustavo Martins,3,points,,2026-08-13,ERPFIN-132,ERPFIN-465,2026-06-17T11:02:53Z,2026-08-11T15:15:45Z,2026-08-10T18:06:54Z,fi-aa;wave1;realize
ERPFIN,Aurora ERP: Finance & Controlling,ERPFIN-553,Configure internal orders for capex for plant 1100 Guelph,story,Done,done,u-isabela.iyer,Isabela Iyer,5,points,,2026-08-06,ERPFIN-133,ERPFIN-538,2026-06-17T12:26:30Z,2026-08-13T03:52:26Z,2026-08-12T23:01:06Z,co-pa;wave1;realize;config
ERPFIN,Aurora ERP: Finance & Controlling,ERPFIN-554,Functional spec Workflow: down payment process,task,Blocked,in_progress,u-gustavo.martins,Gustavo Martins,5,points,,2026-08-08,ERPFIN-135,,2026-06-17T13:22:50Z,2026-08-23T07:22:21Z,,fi-ap;wave1;wricef
ERPFIN,Aurora ERP: Finance & Controlling,ERPFIN-555,Build Workflow: cost center standard hierarchy,story,Done,done,u-gustavo.martins,Gustavo Martins,5,points,,2026-07-20,ERPFIN-134,ERPFIN-454;ERPFIN-178,2026-06-17T14:43:36Z,2026-07-21T03:28:00Z,2026-07-20T00:54:40Z,co-pc;wave1;wricef
ERPFIN,Aurora ERP: Finance & Controlling,ERPFIN-556,SIT-1 Hire-to-Retire scenario 7 (FI-GL),task,Closed,done,u-gustavo.martins,Gustavo Martins,8,points,,2026-07-25,ERPFIN-472,ERPFIN-345;ERPFIN-300,2026-06-17T19:13:36Z,2026-08-03T14:58:32Z,2026-08-02T06:43:15Z,fi-gl;wave1;sit
ERPFIN,Aurora ERP: Finance & Controlling,ERPFIN-557,SIT-1 Order-to-Cash scenario 1 (FI-AR),task,Closed,done,u-gustavo.martins,Gustavo Martins,2,points,,2026-07-26,ERPFIN-475,ERPFIN-503;ERPFIN-266,2026-06-18T06:16:12Z,2026-07-30T14:20:08Z,2026-07-30T04:21:49Z,fi-ar;wave1;sit
ERPFIN,Aurora ERP: Finance & Controlling,ERPFIN-558,Functional spec Interface: top-down distribution,task,Done,done,u-samuel.martins,Samuel Martins,3,points,,2026-08-17,ERPFIN-115,,2026-06-18T15:15:58Z,2026-08-24T00:00:00Z,2026-08-24T13:33:25Z,co-pa;wave1;wricef
ERPFIN,Aurora ERP: Finance & Controlling,ERPFIN-559,SIT-1 Plan-to-Produce scenario 1 (TR),task,Done,done,u-kevin.almeida,Kevin Almeida,8,points,,2026-07-28,ERPFIN-533,ERPFIN-189;ERPFIN-416,2026-06-18T16:44:41Z,2026-07-27T21:08:15Z,2026-07-26T00:26:23Z,tr;wave1;sit
ERPFIN,Aurora ERP: Finance & Controlling,ERPFIN-560,SIT-1 Acquire-to-Retire scenario 5 (FI-AA),task,Closed,done,u-gustavo.martins,Gustavo Martins,8,points,2026-07-14,2026-08-02,ERPFIN-542,ERPFIN-213;ERPFIN-328;ERPFIN-579,2026-06-19T00:33:52Z,2026-08-11T11:05:50Z,2026-08-10T02:24:59Z,fi-aa;wave1;sit
ERPFIN,Aurora ERP: Finance & Controlling,ERPFIN-561,Unit test Report: automatic payment program F110 for plant 1100 Guelph,task,Closed,done,u-gustavo.martins,Gustavo Martins,8,points,,2026-08-08,ERPFIN-135,ERPFIN-517,2026-06-20T05:08:07Z,2026-08-16T21:37:41Z,2026-08-15T19:59:02Z,fi-ap;wave1;wricef
ERPFIN,Aurora ERP: Finance & Controlling,ERPFIN-562,Build Form: house banks RBC and TD,story,To Do,todo,,,1,points,2026-07-13,2026-08-24,ERPFIN-111,ERPFIN-507;ERPFIN-416,2026-06-20T11:43:17Z,2026-07-02T19:02:34Z,,tr;wave1;wricef
ERPFIN,Aurora ERP: Finance & Controlling,ERPFIN-563,Unit test: GST/HST tax codes for plant 1100 Guelph,task,Closed,done,u-isabela.iyer,Isabela Iyer,5,points,2026-07-11,,ERPFIN-110,ERPFIN-525,2026-06-20T12:58:42Z,2026-08-10T10:47:03Z,2026-08-09T11:49:09Z,fi-gl;wave1;realize
ERPFIN,Aurora ERP: Finance & Controlling,ERPFIN-564,Functional spec Enhancement: bank account management,task,Closed,done,u-daniel.souza,Daniel Souza,3,points,,2026-08-11,ERPFIN-111,,2026-06-21T01:18:06Z,2026-08-17T02:37:51Z,2026-08-16T10:56:08Z,tr;wave1;wricef
ERPFIN,Aurora ERP: Finance & Controlling,ERPFIN-565,SIT-1 Hire-to-Retire scenario 2 (FI-GL),task,Done,done,u-gustavo.martins,Gustavo Martins,1,points,,2026-07-25,ERPFIN-472,ERPFIN-249,2026-06-21T20:12:22Z,2026-08-04T09:49:37Z,2026-08-02T20:51:57Z,fi-gl;wave1;sit
ERPFIN,Aurora ERP: Finance & Controlling,ERPFIN-566,Unit test: cash position and liquidity forecast for plant 1100 Guelph,task,Done,done,u-gustavo.martins,Gustavo Martins,3,points,2026-07-21,,ERPFIN-141,ERPFIN-460,2026-06-22T02:08:06Z,2026-08-24T00:00:00Z,2026-08-23T14:59:54Z,tr;wave1;realize
ERPFIN,Aurora ERP: Finance & Controlling,ERPFIN-567,SIT-1 Plan-to-Produce scenario 5 (FI-AA),task,To Do,todo,,,3,points,,2026-07-23,ERPFIN-542,ERPFIN-213;ERPFIN-465;ERPFIN-415,2026-06-22T11:37:21Z,2026-07-17T07:55:20Z,,fi-aa;wave1;sit
ERPFIN,Aurora ERP: Finance & Controlling,ERPFIN-568,SIT-1 Acquire-to-Retire scenario 1 (CO-PC),task,Done,done,u-gustavo.martins,Gustavo Martins,5,points,,,ERPFIN-490,ERPFIN-205,2026-06-22T12:04:10Z,2026-08-01T20:29:45Z,2026-08-01T09:12:48Z,co-pc;wave1;sit
ERPFIN,Aurora ERP: Finance & Controlling,ERPFIN-569,Unit test: account-based CO-PA activation for plant 1100 Guelph,task,To Do,todo,u-gustavo.martins,Gustavo Martins,1,points,,2026-08-04,ERPFIN-133,ERPFIN-402,2026-06-22T19:05:10Z,2026-07-16T09:20:09Z,,co-pa;wave1;realize
ERPFIN,Aurora ERP: Finance & Controlling,ERPFIN-570,Configure fiscal year variant and posting periods for plant 1100 Guelph,story,Closed,done,u-nadia.gagnon,Nadia Gagnon,13,points,,2026-08-03,ERPFIN-110,,2026-06-23T00:11:36Z,2026-08-08T07:27:03Z,2026-08-07T08:05:22Z,fi-gl;wave1;realize;config
ERPFIN,Aurora ERP: Finance & Controlling,ERPFIN-571,SIT-1 Hire-to-Retire scenario 2 (FI-AR),task,Closed,done,u-gustavo.martins,Gustavo Martins,8,points,,2026-07-23,ERPFIN-475,ERPFIN-266;ERPFIN-191;ERPFIN-467,2026-06-23T07:53:59Z,2026-07-22T20:37:14Z,2026-07-22T04:38:48Z,fi-ar;wave1;sit
ERPFIN,Aurora ERP: Finance & Controlling,ERPFIN-572,SIT-1 Procure-to-Pay scenario 5 (CO-PC),task,Closed,done,u-gustavo.martins,Gustavo Martins,13,points,,2026-08-06,ERPFIN-490,ERPFIN-524;ERPFIN-378;ERPFIN-479,2026-06-23T10:29:12Z,2026-08-15T03:02:04Z,2026-08-14T17:46:10Z,co-pc;wave1;sit
ERPFIN,Aurora ERP: Finance & Controlling,ERPFIN-573,SIT-1 Procure-to-Pay scenario 4 (TR),task,Done,done,,,3,points,,2026-08-02,ERPFIN-533,ERPFIN-174;ERPFIN-330;ERPFIN-516,2026-06-23T17:13:21Z,2026-08-03T19:44:10Z,2026-08-02T00:59:24Z,tr;wave1;sit
ERPFIN,Aurora ERP: Finance & Controlling,ERPFIN-574,SIT-1 Procure-to-Pay scenario 4 (CO-PC),task,Done,done,u-gustavo.martins,Gustavo Martins,8,points,2026-07-21,2026-08-05,ERPFIN-490,ERPFIN-342;ERPFIN-378,2026-06-24T01:30:45Z,2026-08-15T11:54:18Z,2026-08-14T19:25:06Z,co-pc;wave1;sit
ERPFIN,Aurora ERP: Finance & Controlling,ERPFIN-575,Unit test: automatic payment program F110 for plant 1100 Guelph,task,Closed,done,u-gustavo.martins,Gustavo Martins,5,points,2026-07-01,2026-08-07,ERPFIN-103,ERPFIN-448,2026-06-24T18:56:07Z,2026-08-18T13:04:19Z,2026-08-17T14:20:24Z,fi-ap;wave1;realize
ERPFIN,Aurora ERP: Finance & Controlling,ERPFIN-576,Functional spec: invoice verification tolerances for plant 1100 Guelph,task,Closed,done,u-isabela.weber,Isabela Weber,8,points,2026-06-25,2026-08-04,ERPFIN-103,,2026-06-24T19:15:18Z,2026-07-31T18:04:50Z,2026-07-30T13:28:35Z,fi-ap;wave1;realize
ERPFIN,Aurora ERP: Finance & Controlling,ERPFIN-577,Configure intercompany elimination for plant 1100 Guelph,story,Closed,done,u-ana.chen,Ana Chen,3,points,,2026-08-14,ERPFIN-110,,2026-06-25T00:43:41Z,2026-08-16T17:51:45Z,2026-08-15T20:48:55Z,fi-gl;wave1;realize;config
ERPFIN,Aurora ERP: Finance & Controlling,ERPFIN-578,SIT-1 Acquire-to-Retire scenario 4 (FI-AA),task,Done,done,u-nadia.gagnon,Nadia Gagnon,1,points,,2026-07-29,ERPFIN-542,ERPFIN-465;ERPFIN-328;ERPFIN-646,2026-06-25T12:31:32Z,2026-08-05T00:58:45Z,2026-08-04T09:13:48Z,fi-aa;wave1;sit
ERPFIN,Aurora ERP: Finance & Controlling,ERPFIN-579,Configure depreciation run AFAB for plant 1100 Guelph,story,Done,done,u-gustavo.martins,Gustavo Martins,2,points,2026-07-18,2026-08-13,ERPFIN-132,,2026-06-25T14:46:58Z,2026-08-21T21:36:41Z,2026-08-21T14:56:20Z,fi-aa;wave1;realize;config
ERPFIN,Aurora ERP: Finance & Controlling,ERPFIN-580,SIT-1 Procure-to-Pay scenario 4 (FI-GL),task,Closed,done,u-lucas.wilson,Lucas Wilson,3,points,,2026-08-05,ERPFIN-472,ERPFIN-284;ERPFIN-485;ERPFIN-249,2026-06-25T16:45:01Z,2026-08-14T12:39:40Z,2026-08-13T18:43:35Z,fi-gl;wave1;sit
ERPFIN,Aurora ERP: Finance & Controlling,ERPFIN-581,SIT-1 Hire-to-Retire scenario 6 (FI-GL),task,Closed,done,u-gustavo.martins,Gustavo Martins,3,points,,,ERPFIN-472,ERPFIN-345;ERPFIN-316;ERPFIN-570,2026-06-25T18:54:11Z,2026-07-21T14:17:57Z,2026-07-20T22:25:13Z,fi-gl;wave1;sit
ERPFIN,Aurora ERP: Finance & Controlling,ERPFIN-582,Unit test: activity types and rates for plant 1100 Guelph,task,Done,done,u-lucas.wilson,Lucas Wilson,3,points,,2026-08-02,ERPFIN-131,ERPFIN-424,2026-06-26T00:05:26Z,2026-07-31T12:39:07Z,2026-07-31T10:55:18Z,co-pc;wave1;realize
ERPFIN,Aurora ERP: Finance & Controlling,ERPFIN-583,Authorization role for automatic payment program F110 for plant 1100 Guelph,task,Ready,todo,u-nikhil.almeida,Nikhil Almeida,3,points,2026-07-15,2026-08-07,ERPFIN-103,ERPFIN-448,2026-06-26T00:33:08Z,2026-07-19T17:16:08Z,,fi-ap;wave1;realize;security
ERPFIN,Aurora ERP: Finance & Controlling,ERPFIN-584,SIT-1 Acquire-to-Retire scenario 3 (FI-AA),task,Closed,done,u-gustavo.martins,Gustavo Martins,3,points,,2026-08-01,ERPFIN-542,ERPFIN-465;ERPFIN-367;ERPFIN-38,2026-06-26T03:46:15Z,2026-08-14T03:12:34Z,2026-08-12T07:33:15Z,fi-aa;wave1;sit
ERPFIN,Aurora ERP: Finance & Controlling,ERPFIN-585,Technical spec Conversion: variance analysis for production orders,task,Done,done,u-isabela.weber,Isabela Weber,5,points,,2026-08-13,ERPFIN-134,ERPFIN-499,2026-06-26T04:20:29Z,2026-08-18T14:57:35Z,2026-08-17T07:44:13Z,co-pc;wave1;wricef
ERPFIN,Aurora ERP: Finance & Controlling,ERPFIN-586,SIT-1 Procure-to-Pay scenario 1 (CO-PC),task,Closed,done,u-ana.chen,Ana Chen,13,points,,2026-08-04,ERPFIN-490,ERPFIN-501;ERPFIN-342,2026-06-26T04:22:59Z,2026-08-13T23:07:06Z,2026-08-12T00:57:45Z,co-pc;wave1;sit
ERPFIN,Aurora ERP: Finance & Controlling,ERPFIN-587,Technical spec Enhancement: bank account management,task,Done,done,u-gustavo.martins,Gustavo Martins,8,points,,2026-08-21,ERPFIN-111,ERPFIN-564,2026-06-26T09:11:26Z,2026-08-24T00:00:00Z,2026-08-24T18:03:27Z,tr;wave1;wricef
ERPFIN,Aurora ERP: Finance & Controlling,ERPFIN-588,SIT-1 Hire-to-Retire scenario 1 (FI-AP),task,Closed,done,u-joao.kim,João Kim,5,points,,2026-07-31,ERPFIN-519,ERPFIN-138;ERPFIN-359;ERPFIN-610,2026-06-26T14:52:46Z,2026-08-10T13:49:09Z,2026-08-08T17:29:11Z,fi-ap;wave1;sit
ERPFIN,Aurora ERP: Finance & Controlling,ERPFIN-589,SIT-1 Plan-to-Produce scenario 6 (FI-AA),task,Done,done,u-gustavo.martins,Gustavo Martins,2,points,,2026-07-25,ERPFIN-542,ERPFIN-579;ERPFIN-646;ERPFIN-328,2026-06-26T16:24:08Z,2026-08-03T07:53:30Z,2026-08-02T10:46:35Z,fi-aa;wave1;sit
ERPFIN,Aurora ERP: Finance & Controlling,ERPFIN-590,SIT-1 Acquire-to-Retire scenario 3 (CO-PA),task,Done,done,u-gustavo.martins,Gustavo Martins,13,points,,2026-07-31,ERPFIN-540,ERPFIN-692;ERPFIN-196,2026-06-26T17:18:16Z,2026-08-12T04:29:02Z,2026-08-10T15:09:40Z,co-pa;wave1;sit
ERPFIN,Aurora ERP: Finance & Controlling,ERPFIN-591,Defect: RL-1 box 14 miscalculated for Quebec employees (CO-PA),bug,Done,done,u-gustavo.martins,Gustavo Martins,3,points,2026-07-25,2026-08-08,ERPFIN-540,,2026-06-26T19:11:42Z,2026-08-06T20:39:02Z,2026-08-05T09:54:37Z,co-pa;wave1;sit;defect
ERPFIN,Aurora ERP: Finance & Controlling,ERPFIN-592,SIT-1 Record-to-Report scenario 4 (CO-PA),task,Done,done,u-nikhil.almeida,Nikhil Almeida,8,points,,,ERPFIN-540,ERPFIN-402;ERPFIN-409;ERPFIN-459,2026-06-26T19:38:29Z,2026-07-28T06:13:24Z,2026-07-28T04:33:27Z,co-pa;wave1;sit
ERPFIN,Aurora ERP: Finance & Controlling,ERPFIN-593,SIT-1 Hire-to-Retire scenario 4 (FI-AR),task,Closed,done,,,13,points,2026-07-04,2026-07-19,ERPFIN-475,ERPFIN-327,2026-06-26T19:50:19Z,2026-07-17T03:40:15Z,2026-07-15T08:31:20Z,fi-ar;wave1;sit
ERPFIN,Aurora ERP: Finance & Controlling,ERPFIN-594,SIT-1 Procure-to-Pay scenario 2 (FI-GL),task,Blocked,in_progress,u-nadia.gagnon,Nadia Gagnon,13,points,2026-07-17,2026-08-02,ERPFIN-472,ERPFIN-284;ERPFIN-495;ERPFIN-734,2026-06-26T20:45:36Z,2026-08-16T20:19:48Z,,fi-gl;wave1;sit
ERPFIN,Aurora ERP: Finance & Controlling,ERPFIN-595,Functional spec Report: withholding tax (T4A/NR4),task,Closed,done,u-gustavo.martins,Gustavo Martins,5,points,2026-06-27,2026-08-03,ERPFIN-135,,2026-06-26T21:32:03Z,2026-07-30T20:40:29Z,2026-07-30T05:57:51Z,fi-ap;wave1;wricef
ERPFIN,Aurora ERP: Finance & Controlling,ERPFIN-596,SIT-1 Record-to-Report scenario 1 (FI-AA),task,Done,done,u-lucas.wilson,Lucas Wilson,2,points,2026-07-22,,ERPFIN-542,ERPFIN-161,2026-06-26T22:21:08Z,2026-08-21T04:41:31Z,2026-08-21T02:29:09Z,fi-aa;wave1;sit
ERPFIN,Aurora ERP: Finance & Controlling,ERPFIN-597,Unit test: company code 2000 (Vetra US) for plant 1100 Guelph,task,Done,done,u-samuel.martins,Samuel Martins,3,points,,2026-07-30,ERPFIN-110,ERPFIN-476,2026-06-27T03:31:00Z,2026-08-02T02:57:44Z,2026-07-31T19:13:39Z,fi-gl;wave1;realize
ERPFIN,Aurora ERP: Finance & Controlling,ERPFIN-598,SIT-1 Plan-to-Produce scenario 4 (FI-AP),task,Done,done,u-gustavo.martins,Gustavo Martins,5,points,,2026-08-09,ERPFIN-519,ERPFIN-275,2026-06-27T11:06:30Z,2026-08-16T04:43:10Z,2026-08-14T04:50:50Z,fi-ap;wave1;sit
ERPFIN,Aurora ERP: Finance & Controlling,ERPFIN-599,SIT-1 Plan-to-Produce scenario 1 (FI-AA),task,In Progress,in_progress,u-gustavo.martins,Gustavo Martins,2,points,,2026-07-19,ERPFIN-542,ERPFIN-328;ERPFIN-263,2026-06-27T17:56:24Z,2026-08-23T17:28:51Z,,fi-aa;wave1;sit
ERPFIN,Aurora ERP: Finance & Controlling,ERPFIN-600,Configure customer statements for plant 1100 Guelph,story,In Progress,in_progress,u-gustavo.martins,Gustavo Martins,8,points,2026-07-22,2026-08-20,ERPFIN-151,,2026-06-27T19:50:03Z,2026-08-14T16:18:50Z,,fi-ar;wave1;realize;config
ERPFIN,Aurora ERP: Finance & Controlling,ERPFIN-601,Functional spec Report: depreciation run AFAB for plant 1100 Guelph,task,Closed,done,u-ana.chen,Ana Chen,1,points,,2026-08-10,ERPFIN-95,,2026-06-28T06:13:42Z,2026-08-19T04:16:33Z,2026-08-17T10:35:03Z,fi-aa;wave1;wricef
ERPFIN,Aurora ERP: Finance & Controlling,ERPFIN-602,SIT-1 Record-to-Report scenario 3 (FI-AA),task,Done,done,u-gustavo.martins,Gustavo Martins,3,points,2026-07-22,,ERPFIN-542,ERPFIN-367;ERPFIN-435,2026-06-28T08:26:48Z,2026-08-05T17:39:34Z,2026-08-03T17:43:29Z,fi-aa;wave1;sit
ERPFIN,Aurora ERP: Finance & Controlling,ERPFIN-603,SIT-1 Hire-to-Retire scenario 6 (FI-AP),task,Done,done,u-gustavo.martins,Gustavo Martins,2,points,2026-07-10,2026-07-27,ERPFIN-519,ERPFIN-359;ERPFIN-448;ERPFIN-610;ERPFIN-333,2026-06-28T16:20:54Z,2026-08-05T16:36:03Z,2026-08-03T23:47:14Z,fi-ap;wave1;sit
ERPFIN,Aurora ERP: Finance & Controlling,ERPFIN-604,SIT-1 Plan-to-Produce scenario 2 (FI-AP),task,Done,done,u-isabela.weber,Isabela Weber,,points,,2026-08-07,ERPFIN-519,ERPFIN-197;ERPFIN-522;ERPFIN-323,2026-06-28T17:10:00Z,2026-08-09T15:48:12Z,2026-08-09T12:15:29Z,fi-ap;wave1;sit
ERPFIN,Aurora ERP: Finance & Controlling,ERPFIN-605,Defect: goods receipt posts to wrong valuation class (CO-PA),bug,Done,done,u-nadia.gagnon,Nadia Gagnon,2,points,,2026-08-09,ERPFIN-540,,2026-06-28T18:04:31Z,2026-08-14T08:54:11Z,2026-08-12T16:20:29Z,co-pa;wave1;sit;defect
ERPFIN,Aurora ERP: Finance & Controlling,ERPFIN-606,Unit test: lockbox and CAMT.053 statement import for plant 1100 Guelph,task,Backlog,todo,,,3,points,,2026-08-20,ERPFIN-151,ERPFIN-483,2026-06-28T20:27:34Z,2026-08-17T21:00:51Z,,fi-ar;wave1;realize
ERPFIN,Aurora ERP: Finance & Controlling,ERPFIN-607,SIT-1 Hire-to-Retire scenario 4 (FI-GL),task,Closed,done,u-samuel.martins,Samuel Martins,8,points,2026-07-13,2026-07-25,ERPFIN-472,ERPFIN-153,2026-06-29T00:19:33Z,2026-07-31T08:09:36Z,2026-07-29T08:51:55Z,fi-gl;wave1;sit
ERPFIN,Aurora ERP: Finance & Controlling,ERPFIN-608,SIT-1 Record-to-Report scenario 5 (TR),task,Done,done,u-joao.kim,João Kim,3,points,2026-07-26,,ERPFIN-533,ERPFIN-330;ERPFIN-416,2026-06-29T01:03:31Z,2026-08-24T00:00:00Z,2026-08-23T20:09:21Z,tr;wave1;sit
ERPFIN,Aurora ERP: Finance & Controlling,ERPFIN-609,SIT-1 Plan-to-Produce scenario 4 (FI-GL),task,Closed,done,u-daniel.souza,Daniel Souza,3,points,2026-07-26,2026-08-10,ERPFIN-472,ERPFIN-381,2026-06-29T04:43:35Z,2026-08-11T07:48:17Z,2026-08-10T06:12:01Z,fi-gl;wave1;sit
ERPFIN,Aurora ERP: Finance & Controlling,ERPFIN-610,Configure three-way match blocking for plant 1100 Guelph,story,Closed,done,,,2,points,,2026-08-07,ERPFIN-103,ERPFIN-613,2026-06-29T05:20:54Z,2026-08-12T13:50:08Z,2026-08-12T13:18:11Z,fi-ap;wave1;realize;config
ERPFIN,Aurora ERP: Finance & Controlling,ERPFIN-611,Defect: GST rounding differs from JDE by 0.01 (FI-AR),bug,To Do,todo,,,5,points,2026-07-25,2026-08-09,ERPFIN-475,,2026-06-29T06:06:44Z,2026-06-30T11:30:33Z,,fi-ar;wave1;sit;defect
ERPFIN,Aurora ERP: Finance & Controlling,ERPFIN-612,Technical spec Report: withholding tax (T4A/NR4),task,Closed,done,u-nadia.gagnon,Nadia Gagnon,1,points,,2026-08-08,ERPFIN-135,ERPFIN-595,2026-06-29T06:54:12Z,2026-08-12T15:09:46Z,2026-08-11T18:52:22Z,fi-ap;wave1;wricef
ERPFIN,Aurora ERP: Finance & Controlling,ERPFIN-613,Functional spec: three-way match blocking for plant 1100 Guelph,task,Closed,done,u-gustavo.martins,Gustavo Martins,1,points,,2026-08-07,ERPFIN-103,,2026-06-29T12:36:41Z,2026-08-13T00:12:07Z,2026-08-12T14:27:17Z,fi-ap;wave1;realize
ERPFIN,Aurora ERP: Finance & Controlling,ERPFIN-614,Technical spec Report: credit management (FSCM) limits,task,Closed,done,u-gustavo.martins,Gustavo Martins,5,points,,2026-08-07,ERPFIN-158,ERPFIN-471,2026-06-29T13:18:49Z,2026-08-14T10:56:23Z,2026-08-13T17:44:38Z,fi-ar;wave1;wricef
ERPFIN,Aurora ERP: Finance & Controlling,ERPFIN-615,SIT-1 Procure-to-Pay scenario 6 (FI-GL),task,Done,done,u-isabela.weber,Isabela Weber,2,points,,2026-08-03,ERPFIN-472,ERPFIN-153;ERPFIN-410;ERPFIN-570,2026-06-29T14:35:24Z,2026-08-07T14:46:45Z,2026-08-06T20:10:09Z,fi-gl;wave1;sit
ERPFIN,Aurora ERP: Finance & Controlling,ERPFIN-616,SIT-1 Plan-to-Produce scenario 2 (FI-GL),task,Closed,done,u-gustavo.martins,Gustavo Martins,13,points,2026-07-23,2026-08-10,ERPFIN-472,ERPFIN-570;ERPFIN-300,2026-06-29T16:05:42Z,2026-08-12T09:13:13Z,2026-08-11T16:46:14Z,fi-gl;wave1;sit
ERPFIN,Aurora ERP: Finance & Controlling,ERPFIN-617,SIT-1 Acquire-to-Retire scenario 1 (CO-PA),task,Done,done,u-gustavo.martins,Gustavo Martins,1,points,,2026-07-28,ERPFIN-540,ERPFIN-196;ERPFIN-459;ERPFIN-553,2026-06-29T21:56:25Z,2026-08-01T00:25:43Z,2026-07-31T05:41:12Z,co-pa;wave1;sit
ERPFIN,Aurora ERP: Finance & Controlling,ERPFIN-618,SIT-1 Acquire-to-Retire scenario 1 (FI-AA),task,Done,done,,,8,points,2026-07-11,,ERPFIN-542,ERPFIN-161;ERPFIN-213;ERPFIN-465,2026-06-30T02:43:28Z,2026-08-02T05:42:16Z,2026-07-31T23:21:33Z,fi-aa;wave1;sit
ERPFIN,Aurora ERP: Finance & Controlling,ERPFIN-619,SIT-1 Plan-to-Produce scenario 5 (FI-GL),task,Done,done,u-gustavo.martins,Gustavo Martins,2,points,,2026-08-11,ERPFIN-472,ERPFIN-236;ERPFIN-381;ERPFIN-525,2026-06-30T02:44:09Z,2026-08-18T01:42:10Z,2026-08-16T08:03:22Z,fi-gl;wave1;sit
ERPFIN,Aurora ERP: Finance & Controlling,ERPFIN-620,Defect: depreciation run skips assets acquired mid-month (FI-AA),bug,Closed,done,u-nadia.gagnon,Nadia Gagnon,5,points,,2026-08-12,ERPFIN-542,,2026-06-30T05:07:56Z,2026-08-22T20:41:16Z,2026-08-22T17:49:39Z,fi-aa;wave1;sit;defect
ERPFIN,Aurora ERP: Finance & Controlling,ERPFIN-621,Authorization role for GST/HST tax codes for plant 1100 Guelph,task,Done,done,u-ana.chen,Ana Chen,13,points,2026-07-26,,ERPFIN-110,ERPFIN-525,2026-06-30T07:33:18Z,2026-08-14T05:25:28Z,2026-08-12T08:15:55Z,fi-gl;wave1;realize;security
ERPFIN,Aurora ERP: Finance & Controlling,ERPFIN-622,SIT-1 Procure-to-Pay scenario 3 (CO-PC),task,Done,done,u-joao.kim,João Kim,3,points,2026-07-21,2026-08-05,ERPFIN-490,ERPFIN-233;ERPFIN-333,2026-06-30T08:58:55Z,2026-08-17T02:44:11Z,2026-08-15T03:19:01Z,co-pc;wave1;sit
ERPFIN,Aurora ERP: Finance & Controlling,ERPFIN-623,Unit test Form: payment terms and cash discount,task,Done,done,u-mariana.martins,Mariana Martins,8,points,,2026-08-08,ERPFIN-135,ERPFIN-480,2026-06-30T19:30:19Z,2026-08-07T20:31:51Z,2026-08-06T14:52:32Z,fi-ap;wave1;wricef
ERPFIN,Aurora ERP: Finance & Controlling,ERPFIN-624,Functional spec Enhancement: customer statements,task,Closed,done,u-daniel.souza,Daniel Souza,3,points,,,ERPFIN-158,,2026-06-30T21:00:07Z,2026-08-12T04:50:09Z,2026-08-11T07:30:39Z,fi-ar;wave1;wricef
ERPFIN,Aurora ERP: Finance & Controlling,ERPFIN-625,SIT-1 Plan-to-Produce scenario 2 (FI-AA),task,Done,done,u-gustavo.martins,Gustavo Martins,8,points,,2026-07-24,ERPFIN-542,ERPFIN-367;ERPFIN-579;ERPFIN-148,2026-06-30T21:27:36Z,2026-08-04T01:47:37Z,2026-08-03T23:17:37Z,fi-aa;wave1;sit
ERPFIN,Aurora ERP: Finance & Controlling,ERPFIN-626,Defect: Fiori tile shows stale inventory figures (FI-GL),bug,Closed,done,u-gustavo.martins,Gustavo Martins,8,points,,2026-08-12,ERPFIN-472,,2026-06-30T21:29:27Z,2026-08-14T05:03:11Z,2026-08-13T04:42:51Z,fi-gl;wave1;sit;defect
ERPFIN,Aurora ERP: Finance & Controlling,ERPFIN-627,SIT-1 Acquire-to-Retire scenario 1 (FI-AR),task,Closed,done,u-gustavo.martins,Gustavo Martins,13,points,,2026-08-06,ERPFIN-475,ERPFIN-322;ERPFIN-183,2026-06-30T23:40:54Z,2026-08-11T23:17:01Z,2026-08-11T20:07:34Z,fi-ar;wave1;sit
ERPFIN,Aurora ERP: Finance & Controlling,ERPFIN-628,SIT-1 Acquire-to-Retire scenario 4 (FI-AR),task,Done,done,u-gustavo.martins,Gustavo Martins,8,points,,,ERPFIN-475,ERPFIN-183;ERPFIN-216;ERPFIN-600,2026-07-01T00:18:32Z,2026-08-05T02:07:50Z,2026-08-03T07:57:15Z,fi-ar;wave1;sit
ERPFIN,Aurora ERP: Finance & Controlling,ERPFIN-629,SIT-1 Record-to-Report scenario 3 (CO-PA),task,Closed,done,u-gustavo.martins,Gustavo Martins,5,points,2026-07-05,2026-07-19,ERPFIN-540,ERPFIN-402;ERPFIN-196;ERPFIN-692,2026-07-01T01:27:47Z,2026-07-29T23:07:03Z,2026-07-29T17:31:10Z,co-pa;wave1;sit
ERPFIN,Aurora ERP: Finance & Controlling,ERPFIN-630,Unit test: credit management (FSCM) limits for plant 1100 Guelph,task,In Review,in_progress,u-isabela.weber,Isabela Weber,8,points,,2026-08-20,ERPFIN-151,ERPFIN-503,2026-07-01T03:16:26Z,2026-08-16T18:14:36Z,,fi-ar;wave1;realize
ERPFIN,Aurora ERP: Finance & Controlling,ERPFIN-631,SIT-1 Hire-to-Retire scenario 2 (FI-AP),task,In Progress,in_progress,u-gustavo.martins,Gustavo Martins,2,points,,2026-07-30,ERPFIN-519,ERPFIN-348;ERPFIN-448;ERPFIN-199,2026-07-01T07:24:55Z,2026-08-15T08:16:02Z,,fi-ap;wave1;sit
ERPFIN,Aurora ERP: Finance & Controlling,ERPFIN-632,Defect: confirmation from MES fails for rework orders (FI-AR),bug,Closed,done,u-gustavo.martins,Gustavo Martins,2,points,,2026-08-16,ERPFIN-475,,2026-07-01T09:54:48Z,2026-08-14T05:50:22Z,2026-08-14T00:11:20Z,fi-ar;wave1;sit;defect
ERPFIN,Aurora ERP: Finance & Controlling,ERPFIN-633,SIT-1 Hire-to-Retire scenario 1 (FI-AR),task,Done,done,u-gustavo.martins,Gustavo Martins,5,points,,2026-07-22,ERPFIN-475,ERPFIN-503,2026-07-01T18:21:50Z,2026-07-30T06:37:20Z,2026-07-29T12:54:24Z,fi-ar;wave1;sit
ERPFIN,Aurora ERP: Finance & Controlling,ERPFIN-634,SIT-1 Record-to-Report scenario 2 (TR),task,Done,done,u-gustavo.martins,Gustavo Martins,13,points,,2026-08-13,ERPFIN-533,ERPFIN-145,2026-07-01T23:15:33Z,2026-08-13T10:34:33Z,2026-08-12T10:16:41Z,tr;wave1;sit
ERPFIN,Aurora ERP: Finance & Controlling,ERPFIN-635,Unit test: document splitting for plant 1100 Guelph,task,Closed,done,u-gustavo.martins,Gustavo Martins,8,points,,2026-08-08,ERPFIN-110,ERPFIN-495,2026-07-01T23:18:30Z,2026-08-06T04:21:31Z,2026-08-05T18:53:07Z,fi-gl;wave1;realize
ERPFIN,Aurora ERP: Finance & Controlling,ERPFIN-636,Functional spec Enhancement: period-end closing cockpit,task,Closed,done,u-joao.kim,João Kim,3,points,,2026-08-12,ERPFIN-126,,2026-07-02T05:11:19Z,2026-08-10T13:30:58Z,2026-08-10T02:08:25Z,fi-gl;wave1;wricef
ERPFIN,Aurora ERP: Finance & Controlling,ERPFIN-637,SIT-1 Plan-to-Produce scenario 3 (FI-AA),task,Closed,done,u-isabela.iyer,Isabela Iyer,1,points,,2026-07-22,ERPFIN-542,ERPFIN-263;ERPFIN-579,2026-07-02T07:36:29Z,2026-07-20T10:46:53Z,2026-07-19T10:55:31Z,fi-aa;wave1;sit
ERPFIN,Aurora ERP: Finance & Controlling,ERPFIN-638,Unit test Workflow: cost center standard hierarchy,task,Done,done,u-mariana.martins,Mariana Martins,3,points,,,ERPFIN-134,ERPFIN-555,2026-07-02T09:25:10Z,2026-08-21T18:35:12Z,2026-08-21T09:43:55Z,co-pc;wave1;wricef
ERPFIN,Aurora ERP: Finance & Controlling,ERPFIN-639,SIT-1 Plan-to-Produce scenario 3 (FI-AP),task,Closed,done,u-lucas.wilson,Lucas Wilson,2,points,,2026-08-05,ERPFIN-519,ERPFIN-359;ERPFIN-199;ERPFIN-420,2026-07-02T09:52:12Z,2026-08-03T18:40:13Z,2026-08-02T08:05:51Z,fi-ap;wave1;sit
ERPFIN,Aurora ERP: Finance & Controlling,ERPFIN-640,Unit test Conversion: asset classes and depreciation keys,task,Closed,done,u-isabela.iyer,Isabela Iyer,2,points,,2026-08-11,ERPFIN-95,ERPFIN-497,2026-07-02T17:58:14Z,2026-08-14T13:28:13Z,2026-08-14T09:27:06Z,fi-aa;wave1;wricef
ERPFIN,Aurora ERP: Finance & Controlling,ERPFIN-641,SIT-1 Hire-to-Retire scenario 5 (CO-PC),task,Closed,done,u-nadia.gagnon,Nadia Gagnon,3,points,,2026-08-11,ERPFIN-490,ERPFIN-178,2026-07-02T18:44:01Z,2026-08-17T06:13:59Z,2026-08-15T17:27:36Z,co-pc;wave1;sit
ERPFIN,Aurora ERP: Finance & Controlling,ERPFIN-642,SIT-1 Hire-to-Retire scenario 3 (FI-GL),task,Done,done,u-gustavo.martins,Gustavo Martins,2,points,2026-07-12,2026-07-28,ERPFIN-472,ERPFIN-182;ERPFIN-300;ERPFIN-570,2026-07-02T19:44:39Z,2026-07-28T20:06:53Z,2026-07-26T23:28:33Z,fi-gl;wave1;sit
ERPFIN,Aurora ERP: Finance & Controlling,ERPFIN-643,SIT-1 Hire-to-Retire scenario 5 (FI-GL),task,Closed,done,u-gustavo.martins,Gustavo Martins,5,points,,2026-07-25,ERPFIN-472,ERPFIN-316;ERPFIN-476;ERPFIN-670,2026-07-02T20:48:43Z,2026-07-28T01:48:13Z,2026-07-26T13:25:56Z,fi-gl;wave1;sit
ERPFIN,Aurora ERP: Finance & Controlling,ERPFIN-644,SIT-1 Acquire-to-Retire scenario 2 (CO-PA),task,Done,done,u-gustavo.martins,Gustavo Martins,1,points,,2026-07-30,ERPFIN-540,ERPFIN-409,2026-07-02T21:10:32Z,2026-08-04T06:33:08Z,2026-08-02T23:47:47Z,co-pa;wave1;sit
ERPFIN,Aurora ERP: Finance & Controlling,ERPFIN-645,SIT-1 Record-to-Report scenario 6 (TR),task,Done,done,u-joao.kim,João Kim,8,points,2026-07-25,2026-08-10,ERPFIN-533,ERPFIN-174;ERPFIN-330,2026-07-02T21:52:10Z,2026-08-21T14:21:11Z,2026-08-20T08:44:50Z,tr;wave1;sit
ERPFIN,Aurora ERP: Finance & Controlling,ERPFIN-646,Configure asset transfer from legacy JDE for plant 1100 Guelph,story,Closed,done,u-samuel.martins,Samuel Martins,5,points,,2026-08-13,ERPFIN-132,ERPFIN-521,2026-07-03T01:04:22Z,2026-08-17T16:05:37Z,2026-08-17T11:17:36Z,fi-aa;wave1;realize;config
ERPFIN,Aurora ERP: Finance & Controlling,ERPFIN-647,Build Form: cost center standard hierarchy,story,Done,done,u-samuel.martins,Samuel Martins,2,points,2026-07-09,2026-08-10,ERPFIN-134,ERPFIN-484;ERPFIN-333,2026-07-03T06:08:59Z,2026-08-18T17:10:46Z,2026-08-16T23:54:28Z,co-pc;wave1;wricef
ERPFIN,Aurora ERP: Finance & Controlling,ERPFIN-648,SIT-1 Acquire-to-Retire scenario 3 (CO-PC),task,Done,done,u-daniel.souza,Daniel Souza,3,points,,2026-07-26,ERPFIN-490,ERPFIN-424;ERPFIN-205;ERPFIN-378,2026-07-03T08:56:48Z,2026-08-06T11:18:54Z,2026-08-05T07:37:26Z,co-pc;wave1;sit
ERPFIN,Aurora ERP: Finance & Controlling,ERPFIN-649,Build Conversion: variance analysis for production orders,story,Done,done,u-gustavo.martins,Gustavo Martins,3,points,,2026-08-13,ERPFIN-134,ERPFIN-585;ERPFIN-303,2026-07-03T10:58:42Z,2026-08-23T01:36:49Z,2026-08-21T11:26:43Z,co-pc;wave1;wricef
ERPFIN,Aurora ERP: Finance & Controlling,ERPFIN-650,Technical spec Report: variance analysis for production orders for plant 1100 Guelph,task,Done,done,u-gustavo.martins,Gustavo Martins,1,points,,2026-08-13,ERPFIN-134,ERPFIN-706,2026-07-03T14:54:17Z,2026-08-20T10:42:47Z,2026-08-19T10:06:34Z,co-pc;wave1;wricef
ERPFIN,Aurora ERP: Finance & Controlling,ERPFIN-651,SIT-1 Procure-to-Pay scenario 7 (FI-GL),task,In Progress,in_progress,u-gustavo.nguyen,Gustavo Nguyen,5,points,,2026-08-01,ERPFIN-472,ERPFIN-284;ERPFIN-182,2026-07-03T16:58:10Z,2026-08-14T14:51:44Z,,fi-gl;wave1;sit
ERPFIN,Aurora ERP: Finance & Controlling,ERPFIN-652,SIT-1 Procure-to-Pay scenario 1 (FI-GL),task,Closed,done,u-gustavo.martins,Gustavo Martins,8,points,,2026-08-03,ERPFIN-472,ERPFIN-156;ERPFIN-249;ERPFIN-476,2026-07-03T17:22:37Z,2026-08-03T08:00:32Z,2026-08-02T23:27:47Z,fi-gl;wave1;sit
ERPFIN,Aurora ERP: Finance & Controlling,ERPFIN-653,Build Workflow: lockbox and CAMT.053 statement import,story,Closed,done,u-gustavo.martins,Gustavo Martins,3,points,2026-07-05,2026-08-10,ERPFIN-158,ERPFIN-526;ERPFIN-216,2026-07-03T20:10:49Z,2026-08-21T05:00:36Z,2026-08-20T16:53:43Z,fi-ar;wave1;wricef
ERPFIN,Aurora ERP: Finance & Controlling,ERPFIN-654,SIT-1 Acquire-to-Retire scenario 4 (FI-AP),task,To Do,todo,,,5,points,2026-07-28,2026-08-17,ERPFIN-519,ERPFIN-138,2026-07-03T20:31:23Z,2026-07-03T20:31:23Z,,fi-ap;wave1;sit
ERPFIN,Aurora ERP: Finance & Controlling,ERPFIN-655,SIT-1 Procure-to-Pay scenario 2 (CO-PC),task,Done,done,u-samuel.martins,Samuel Martins,3,points,,2026-08-03,ERPFIN-490,ERPFIN-333;ERPFIN-253,2026-07-03T22:49:48Z,2026-08-15T03:36:06Z,2026-08-14T01:51:07Z,co-pc;wave1;sit
ERPFIN,Aurora ERP: Finance & Controlling,ERPFIN-656,Defect: confirmation from MES fails for rework orders (CO-PA),bug,In Progress,in_progress,,,,points,,2026-08-18,ERPFIN-540,,2026-07-04T00:12:06Z,2026-08-21T11:37:13Z,,co-pa;wave1;sit;defect
ERPFIN,Aurora ERP: Finance & Controlling,ERPFIN-657,SIT-1 Record-to-Report scenario 4 (TR),task,In Progress,in_progress,u-isabela.iyer,Isabela Iyer,,points,2026-07-27,,ERPFIN-533,ERPFIN-174;ERPFIN-330;ERPFIN-516,2026-07-04T13:31:47Z,2026-08-12T19:43:14Z,,tr;wave1;sit
ERPFIN,Aurora ERP: Finance & Controlling,ERPFIN-658,Configure variance analysis for production orders for plant 1100 Guelph,story,Closed,done,u-nadia.gagnon,Nadia Gagnon,1,points,,,ERPFIN-131,,2026-07-04T22:16:24Z,2026-08-11T22:37:27Z,2026-08-10T16:35:51Z,co-pc;wave1;realize;config
ERPFIN,Aurora ERP: Finance & Controlling,ERPFIN-659,SIT-1 Hire-to-Retire scenario 3 (FI-AP),task,Done,done,u-lucas.wilson,Lucas Wilson,5,points,2026-07-10,2026-07-27,ERPFIN-519,ERPFIN-197;ERPFIN-199,2026-07-05T08:51:34Z,2026-07-31T07:30:05Z,2026-07-31T04:43:16Z,fi-ap;wave1;sit
ERPFIN,Aurora ERP: Finance & Controlling,ERPFIN-660,SIT-1 Hire-to-Retire scenario 3 (CO-PC),task,Blocked,in_progress,u-joao.kim,João Kim,13,points,,2026-08-10,ERPFIN-490,ERPFIN-253;ERPFIN-233;ERPFIN-524,2026-07-05T12:50:16Z,2026-08-17T10:08:34Z,,co-pc;wave1;sit
ERPFIN,Aurora ERP: Finance & Controlling,ERPFIN-661,SIT-1 Procure-to-Pay scenario 3 (FI-GL),task,Done,done,u-mariana.martins,Mariana Martins,3,points,,2026-08-04,ERPFIN-472,ERPFIN-284,2026-07-05T13:36:58Z,2026-08-16T06:01:08Z,2026-08-15T10:04:21Z,fi-gl;wave1;sit
ERPFIN,Aurora ERP: Finance & Controlling,ERPFIN-662,Unit test: QST tax procedure for Quebec for plant 1100 Guelph,task,Closed,done,u-gustavo.martins,Gustavo Martins,2,points,,2026-08-14,ERPFIN-110,ERPFIN-485,2026-07-05T22:33:34Z,2026-08-20T16:54:07Z,2026-08-19T09:12:28Z,fi-gl;wave1;realize
ERPFIN,Aurora ERP: Finance & Controlling,ERPFIN-663,Unit test Workflow: company code 1000 (Vetra Canada),task,Closed,done,u-gustavo.martins,Gustavo Martins,5,points,,2026-08-23,ERPFIN-126,ERPFIN-505,2026-07-06T00:35:20Z,2026-08-24T00:00:00Z,2026-08-24T17:43:21Z,fi-gl;wave1;wricef
ERPFIN,Aurora ERP: Finance & Controlling,ERPFIN-664,Build Report: intercompany elimination,story,Closed,done,u-nadia.gagnon,Nadia Gagnon,8,points,,2026-08-25,ERPFIN-126,ERPFIN-509;ERPFIN-153;ERPFIN-9,2026-07-06T00:37:56Z,2026-08-22T07:36:45Z,2026-08-21T19:00:11Z,fi-gl;wave1;wricef
ERPFIN,Aurora ERP: Finance & Controlling,ERPFIN-665,Unit test: fiscal year variant and posting periods for plant 1100 Guelph,task,Done,done,u-daniel.souza,Daniel Souza,8,points,2026-07-30,2026-08-14,ERPFIN-110,ERPFIN-570,2026-07-06T01:43:15Z,2026-08-21T01:32:17Z,2026-08-19T17:39:19Z,fi-gl;wave1;realize
ERPFIN,Aurora ERP: Finance & Controlling,ERPFIN-666,Functional spec Workflow: in-house cash for intercompany,task,In Progress,in_progress,u-gustavo.martins,Gustavo Martins,2,points,,2026-08-24,ERPFIN-111,,2026-07-06T15:29:22Z,2026-08-17T11:22:50Z,,tr;wave1;wricef
ERPFIN,Aurora ERP: Finance & Controlling,ERPFIN-667,SIT-1 Record-to-Report scenario 2 (CO-PA),task,Closed,done,u-isabela.iyer,Isabela Iyer,2,points,2026-07-06,2026-07-18,ERPFIN-540,ERPFIN-190,2026-07-06T17:39:43Z,2026-07-16T05:08:19Z,2026-07-15T02:04:46Z,co-pa;wave1;sit
ERPFIN,Aurora ERP: Finance & Controlling,ERPFIN-668,SIT-1 Order-to-Cash scenario 4 (FI-AR),task,Done,done,u-gustavo.martins,Gustavo Martins,3,points,,2026-07-28,ERPFIN-475,ERPFIN-183;ERPFIN-503;ERPFIN-266,2026-07-06T19:33:12Z,2026-08-05T22:47:41Z,2026-08-04T00:28:30Z,fi-ar;wave1;sit
ERPFIN,Aurora ERP: Finance & Controlling,ERPFIN-669,Defect: goods receipt posts to wrong valuation class (FI-AA),bug,Backlog,todo,,,3,points,2026-08-02,,ERPFIN-542,ERPFIN-695,2026-07-07T01:08:44Z,2026-07-07T01:08:44Z,,fi-aa;wave1;sit;defect
ERPFIN,Aurora ERP: Finance & Controlling,ERPFIN-670,"Configure parallel ledgers (IFRS, local GAAP) for plant 1100 Guelph",story,Closed,done,u-gustavo.martins,Gustavo Martins,3,points,,2026-08-14,ERPFIN-110,,2026-07-07T03:29:05Z,2026-08-17T14:40:47Z,2026-08-17T08:35:38Z,fi-gl;wave1;realize;config
ERPFIN,Aurora ERP: Finance & Controlling,ERPFIN-671,SIT-1 Order-to-Cash scenario 2 (FI-AR),task,Done,done,u-gustavo.martins,Gustavo Martins,2,points,,2026-07-25,ERPFIN-475,ERPFIN-216,2026-07-07T05:11:15Z,2026-07-21T22:21:28Z,2026-07-21T14:35:25Z,fi-ar;wave1;sit
ERPFIN,Aurora ERP: Finance & Controlling,ERPFIN-672,Unit test Enhancement: internal orders for capex for plant 1100 Guelph,task,Done,done,,,3,points,,2026-08-17,ERPFIN-115,ERPFIN-508,2026-07-07T05:11:26Z,2026-08-14T05:59:21Z,2026-08-12T11:01:06Z,co-pa;wave1;wricef
ERPFIN,Aurora ERP: Finance & Controlling,ERPFIN-673,SIT-1 Record-to-Report scenario 7 (TR),task,Done,done,u-gustavo.martins,Gustavo Martins,5,points,,2026-08-14,ERPFIN-533,ERPFIN-330;ERPFIN-189,2026-07-08T00:25:21Z,2026-08-24T00:00:00Z,2026-08-24T06:12:33Z,tr;wave1;sit
ERPFIN,Aurora ERP: Finance & Controlling,ERPFIN-674,SIT-1 Acquire-to-Retire scenario 2 (FI-AA),task,Closed,done,u-gustavo.martins,Gustavo Martins,1,points,,2026-07-31,ERPFIN-542,ERPFIN-579;ERPFIN-213,2026-07-08T00:55:11Z,2026-08-11T06:30:39Z,2026-08-10T18:04:45Z,fi-aa;wave1;sit
ERPFIN,Aurora ERP: Finance & Controlling,ERPFIN-675,Unit test Workflow: lockbox and CAMT.053 statement import,task,Closed,done,u-ana.chen,Ana Chen,5,points,2026-07-23,2026-08-10,ERPFIN-158,ERPFIN-653,2026-07-08T05:03:15Z,2026-08-18T23:01:19Z,2026-08-18T18:39:07Z,fi-ar;wave1;wricef
ERPFIN,Aurora ERP: Finance & Controlling,ERPFIN-676,Unit test: WIP calculation and settlement for plant 1100 Guelph,task,Done,done,u-gustavo.martins,Gustavo Martins,5,points,2026-08-02,2026-08-13,ERPFIN-131,ERPFIN-524,2026-07-08T14:23:40Z,2026-08-11T02:18:48Z,2026-08-10T14:18:10Z,co-pc;wave1;realize
ERPFIN,Aurora ERP: Finance & Controlling,ERPFIN-677,SIT-1 Hire-to-Retire scenario 7 (FI-AP),task,Closed,done,u-daniel.souza,Daniel Souza,8,points,2026-07-10,2026-07-27,ERPFIN-519,ERPFIN-197;ERPFIN-359,2026-07-08T15:18:37Z,2026-07-25T05:34:26Z,2026-07-23T06:58:45Z,fi-ap;wave1;sit
ERPFIN,Aurora ERP: Finance & Controlling,ERPFIN-678,SIT-1 Hire-to-Retire scenario 5 (FI-AP),task,Done,done,u-lucas.wilson,Lucas Wilson,3,points,,,ERPFIN-519,ERPFIN-323,2026-07-08T19:40:39Z,2026-08-02T05:03:54Z,2026-08-02T02:18:29Z,fi-ap;wave1;sit
ERPFIN,Aurora ERP: Finance & Controlling,ERPFIN-679,Configure cash application rules for plant 1100 Guelph,story,In Progress,in_progress,u-samuel.martins,Samuel Martins,8,points,2026-07-09,,ERPFIN-151,,2026-07-09T01:01:19Z,2026-08-12T15:16:37Z,,fi-ar;wave1;realize;config
ERPFIN,Aurora ERP: Finance & Controlling,ERPFIN-680,SIT-1 Order-to-Cash scenario 1 (CO-PA),task,Done,done,u-gustavo.martins,Gustavo Martins,1,points,,2026-08-02,ERPFIN-540,ERPFIN-315;ERPFIN-553,2026-07-09T03:50:06Z,2026-08-06T15:57:40Z,2026-08-06T14:24:36Z,co-pa;wave1;sit
ERPFIN,Aurora ERP: Finance & Controlling,ERPFIN-681,SIT-1 Plan-to-Produce scenario 1 (FI-AP),task,Done,done,u-isabela.weber,Isabela Weber,5,points,2026-07-20,,ERPFIN-519,ERPFIN-199;ERPFIN-138;ERPFIN-197,2026-07-09T04:54:18Z,2026-08-12T04:51:12Z,2026-08-10T22:31:32Z,fi-ap;wave1;sit
ERPFIN,Aurora ERP: Finance & Controlling,ERPFIN-682,Defect: IDoc status 51 on customer master replication (TR),bug,In Progress,in_progress,u-gustavo.martins,Gustavo Martins,3,points,2026-07-30,2026-08-18,ERPFIN-533,,2026-07-09T08:41:10Z,2026-08-21T21:07:47Z,,tr;wave1;sit;defect
ERPFIN,Aurora ERP: Finance & Controlling,ERPFIN-683,SIT-1 Acquire-to-Retire scenario 1 (FI-AP),task,Closed,done,u-gustavo.martins,Gustavo Martins,5,points,,2026-08-15,ERPFIN-519,ERPFIN-199;ERPFIN-359;ERPFIN-348,2026-07-09T10:01:54Z,2026-08-18T02:05:57Z,2026-08-17T17:33:14Z,fi-ap;wave1;sit
ERPFIN,Aurora ERP: Finance & Controlling,ERPFIN-684,Defect: confirmation from MES fails for rework orders (CO-PC),bug,Backlog,todo,u-kevin.almeida,Kevin Almeida,8,points,,2026-08-17,ERPFIN-490,,2026-07-09T16:06:24Z,2026-08-13T18:50:44Z,,co-pc;wave1;sit;defect
ERPFIN,Aurora ERP: Finance & Controlling,ERPFIN-685,SIT-1 Plan-to-Produce scenario 3 (TR),task,Done,done,u-gustavo.martins,Gustavo Martins,2,points,,2026-07-28,ERPFIN-533,ERPFIN-174;ERPFIN-416;ERPFIN-369,2026-07-09T22:37:32Z,2026-08-08T21:20:28Z,2026-08-07T00:24:51Z,tr;wave1;sit
ERPFIN,Aurora ERP: Finance & Controlling,ERPFIN-686,Defect: EDI 856 missing pallet level (FI-GL),bug,Closed,done,u-gustavo.nguyen,Gustavo Nguyen,1,points,,2026-08-14,ERPFIN-472,,2026-07-10T04:52:41Z,2026-08-21T07:26:32Z,2026-08-20T03:10:55Z,fi-gl;wave1;sit;defect
ERPFIN,Aurora ERP: Finance & Controlling,ERPFIN-687,SIT-1 Procure-to-Pay scenario 3 (TR),task,Done,done,u-nikhil.almeida,Nikhil Almeida,1,points,2026-07-17,2026-08-06,ERPFIN-533,ERPFIN-189;ERPFIN-695,2026-07-10T04:56:19Z,2026-08-04T02:06:36Z,2026-08-02T17:37:25Z,tr;wave1;sit
ERPFIN,Aurora ERP: Finance & Controlling,ERPFIN-688,Build Report: withholding tax (T4A/NR4),story,Done,done,u-gustavo.nguyen,Gustavo Nguyen,8,points,,2026-08-08,ERPFIN-135,ERPFIN-612;ERPFIN-506,2026-07-10T05:34:12Z,2026-08-16T12:34:52Z,2026-08-15T07:20:42Z,fi-ap;wave1;wricef
ERPFIN,Aurora ERP: Finance & Controlling,ERPFIN-689,Unit test Form: account-based CO-PA activation for plant 1100 Guelph,task,In Progress,in_progress,u-gustavo.martins,Gustavo Martins,5,points,,2026-08-17,ERPFIN-115,ERPFIN-754,2026-07-10T14:05:48Z,2026-08-13T11:12:21Z,,co-pa;wave1;wricef
ERPFIN,Aurora ERP: Finance & Controlling,ERPFIN-690,Technical spec Workflow: down payment process,task,Closed,done,,,2,points,,2026-08-08,ERPFIN-135,ERPFIN-554,2026-07-10T14:55:08Z,2026-08-18T04:07:21Z,2026-08-16T18:55:28Z,fi-ap;wave1;wricef
ERPFIN,Aurora ERP: Finance & Controlling,ERPFIN-691,SIT-1 Procure-to-Pay scenario 5 (FI-GL),task,Done,done,u-samuel.martins,Samuel Martins,5,points,2026-07-18,2026-08-02,ERPFIN-472,ERPFIN-271;ERPFIN-156;ERPFIN-525,2026-07-10T17:12:31Z,2026-08-10T21:40:50Z,2026-08-10T03:44:40Z,fi-gl;wave1;sit
ERPFIN,Aurora ERP: Finance & Controlling,ERPFIN-692,Configure plan/actual reporting for plant 1100 Guelph,story,Closed,done,u-nikhil.almeida,Nikhil Almeida,3,points,,2026-08-08,ERPFIN-133,ERPFIN-502,2026-07-10T18:08:42Z,2026-08-16T00:49:29Z,2026-08-15T10:03:45Z,co-pa;wave1;realize;config
ERPFIN,Aurora ERP: Finance & Controlling,ERPFIN-693,Technical spec Conversion: company code 1000 (Vetra Canada),task,Done,done,u-gustavo.martins,Gustavo Martins,5,points,,2026-08-27,ERPFIN-126,ERPFIN-770,2026-07-10T19:02:52Z,2026-08-24T00:00:00Z,2026-08-24T10:29:38Z,fi-gl;wave1;wricef
ERPFIN,Aurora ERP: Finance & Controlling,ERPFIN-694,SIT-1 Plan-to-Produce scenario 3 (FI-GL),task,Closed,done,u-ana.chen,Ana Chen,8,points,,2026-08-09,ERPFIN-472,ERPFIN-381;ERPFIN-236;ERPFIN-300,2026-07-10T23:09:04Z,2026-08-13T01:37:17Z,2026-08-12T15:01:05Z,fi-gl;wave1;sit
ERPFIN,Aurora ERP: Finance & Controlling,ERPFIN-695,Configure bank communication management for plant 1100 Guelph,story,Closed,done,u-gustavo.martins,Gustavo Martins,5,points,,2026-08-14,ERPFIN-141,,2026-07-10T23:47:29Z,2026-08-16T08:00:48Z,2026-08-15T12:11:26Z,tr;wave1;realize;config
ERPFIN,Aurora ERP: Finance & Controlling,ERPFIN-696,SIT-1 Order-to-Cash scenario 5 (CO-PA),task,Done,done,u-nikhil.almeida,Nikhil Almeida,2,points,,2026-08-04,,ERPFIN-402;ERPFIN-190;ERPFIN-553,2026-07-11T05:35:25Z,2026-08-13T07:25:58Z,2026-08-12T01:53:24Z,co-pa;wave1;sit
ERPFIN,Aurora ERP: Finance & Controlling,ERPFIN-697,SIT-1 Acquire-to-Retire scenario 5 (CO-PC),task,In Progress,in_progress,u-isabela.iyer,Isabela Iyer,8,points,2026-07-15,,ERPFIN-490,ERPFIN-658,2026-07-11T05:35:45Z,2026-08-24T00:00:00Z,,co-pc;wave1;sit
ERPFIN,Aurora ERP: Finance & Controlling,ERPFIN-698,SIT-1 Record-to-Report scenario 2 (FI-AA),task,Closed,done,u-daniel.souza,Daniel Souza,3,points,,,ERPFIN-542,ERPFIN-579;ERPFIN-367,2026-07-11T12:07:23Z,2026-08-03T16:54:20Z,2026-08-02T03:05:00Z,fi-aa;wave1;sit
ERPFIN,Aurora ERP: Finance & Controlling,ERPFIN-699,Authorization role for lockbox and CAMT.053 statement import for plant 1100 Guelph,task,Done,done,u-gustavo.martins,Gustavo Martins,5,points,,2026-08-20,ERPFIN-151,ERPFIN-483,2026-07-11T13:40:00Z,2026-08-24T00:00:00Z,2026-08-24T09:37:26Z,fi-ar;wave1;realize;security
ERPFIN,Aurora ERP: Finance & Controlling,ERPFIN-700,Technical spec Enhancement: period-end closing cockpit,task,In Progress,in_progress,u-gustavo.martins,Gustavo Martins,5,points,,2026-08-27,ERPFIN-126,ERPFIN-636,2026-07-11T16:49:23Z,2026-08-19T19:02:53Z,,fi-gl;wave1;wricef
ERPFIN,Aurora ERP: Finance & Controlling,ERPFIN-701,SIT-1 Order-to-Cash scenario 5 (FI-AR),task,Closed,done,,,5,points,,2026-07-31,ERPFIN-475,ERPFIN-503;ERPFIN-191,2026-07-11T23:58:56Z,2026-08-04T23:48:29Z,2026-08-04T21:10:28Z,fi-ar;wave1;sit
ERPFIN,Aurora ERP: Finance & Controlling,ERPFIN-702,SIT-1 Hire-to-Retire scenario 2 (CO-PC),task,Closed,done,u-gustavo.martins,Gustavo Martins,3,points,,2026-08-12,ERPFIN-490,ERPFIN-178;ERPFIN-524,2026-07-12T01:59:44Z,2026-08-09T14:31:03Z,2026-08-08T03:16:10Z,co-pc;wave1;sit
ERPFIN,Aurora ERP: Finance & Controlling,ERPFIN-703,Defect: MRP creates planned orders in closed periods (CO-PC),bug,Closed,done,u-gustavo.martins,Gustavo Martins,5,points,,,,,2026-07-12T02:41:33Z,2026-08-15T00:41:31Z,2026-08-13T19:22:18Z,co-pc;wave1;sit;defect
ERPFIN,Aurora ERP: Finance & Controlling,ERPFIN-704,SIT-1 Plan-to-Produce scenario 1 (FI-GL),task,Closed,done,u-gustavo.martins,Gustavo Martins,1,points,,2026-08-07,ERPFIN-472,ERPFIN-495;ERPFIN-153,2026-07-12T03:57:42Z,2026-08-09T04:21:18Z,2026-08-09T03:15:52Z,fi-gl;wave1;sit
ERPFIN,Aurora ERP: Finance & Controlling,ERPFIN-705,Defect: variant configuration price not recalculated (FI-AA),bug,In Progress,in_progress,u-mariana.martins,Mariana Martins,8,points,2026-08-11,2026-08-27,ERPFIN-542,,2026-07-12T11:26:36Z,2026-08-14T14:11:29Z,,fi-aa;wave1;sit;defect
ERPFIN,Aurora ERP: Finance & Controlling,ERPFIN-706,Functional spec Report: variance analysis for production orders for plant 1100 Guelph,task,Done,done,u-samuel.martins,Samuel Martins,3,points,,2026-08-13,ERPFIN-134,,2026-07-12T11:59:54Z,2026-08-23T15:53:44Z,2026-08-22T07:26:35Z,co-pc;wave1;wricef
ERPFIN,Aurora ERP: Finance & Controlling,ERPFIN-707,SIT-1 Acquire-to-Retire scenario 2 (CO-PC),task,Closed,done,u-gustavo.martins,Gustavo Martins,2,points,,2026-07-26,ERPFIN-490,ERPFIN-424;ERPFIN-253,2026-07-12T17:46:58Z,2026-08-05T00:05:33Z,2026-08-04T05:56:28Z,co-pc;wave1;sit
ERPFIN,Aurora ERP: Finance & Controlling,ERPFIN-708,Build Report: credit management (FSCM) limits,story,Done,done,u-nikhil.almeida,Nikhil Almeida,13,points,2026-07-25,2026-08-10,ERPFIN-158,ERPFIN-614;ERPFIN-245,2026-07-12T19:23:40Z,2026-08-07T13:54:02Z,2026-08-05T16:31:44Z,fi-ar;wave1;wricef
ERPFIN,Aurora ERP: Finance & Controlling,ERPFIN-709,SIT-1 Acquire-to-Retire scenario 4 (CO-PC),task,Closed,done,u-joao.kim,João Kim,2,points,,,ERPFIN-490,ERPFIN-205;ERPFIN-233;ERPFIN-120,2026-07-12T20:05:09Z,2026-08-08T05:14:50Z,2026-08-07T12:59:36Z,co-pc;wave1;sit
ERPFIN,Aurora ERP: Finance & Controlling,ERPFIN-710,SIT-1 Acquire-to-Retire scenario 5 (FI-AR),task,Closed,done,u-gustavo.martins,Gustavo Martins,2,points,,2026-08-06,ERPFIN-475,ERPFIN-483,2026-07-13T02:00:40Z,2026-08-08T06:04:16Z,2026-08-07T16:02:56Z,fi-ar;wave1;sit
ERPFIN,Aurora ERP: Finance & Controlling,ERPFIN-711,SIT-1 Record-to-Report scenario 4 (FI-AA),task,Closed,done,u-gustavo.martins,Gustavo Martins,3,points,,2026-08-10,ERPFIN-542,ERPFIN-263;ERPFIN-328;ERPFIN-161,2026-07-13T07:05:01Z,2026-08-21T01:09:01Z,2026-08-19T21:27:34Z,fi-aa;wave1;sit
ERPFIN,Aurora ERP: Finance & Controlling,ERPFIN-712,SIT-1 Acquire-to-Retire scenario 3 (FI-AR),task,Done,done,u-joao.kim,João Kim,5,points,,,ERPFIN-475,ERPFIN-503;ERPFIN-679,2026-07-13T10:07:58Z,2026-08-03T12:23:07Z,2026-08-02T12:18:53Z,fi-ar;wave1;sit
ERPFIN,Aurora ERP: Finance & Controlling,ERPFIN-713,SIT-1 Order-to-Cash scenario 3 (CO-PA),task,Closed,done,u-samuel.martins,Samuel Martins,8,points,,2026-08-06,ERPFIN-540,ERPFIN-692;ERPFIN-190,2026-07-13T12:16:51Z,2026-08-04T20:52:15Z,2026-08-03T04:51:31Z,co-pa;wave1;sit
ERPFIN,Aurora ERP: Finance & Controlling,ERPFIN-714,Unit test: ISO 20022 pain.001 payment file for plant 1100 Guelph,task,Done,done,,,3,points,,2026-08-07,ERPFIN-103,ERPFIN-506,2026-07-13T12:58:19Z,2026-08-05T20:05:20Z,2026-08-05T17:25:24Z,fi-ap;wave1;realize
ERPFIN,Aurora ERP: Finance & Controlling,ERPFIN-715,SIT-1 Acquire-to-Retire scenario 3 (FI-AP),task,Closed,done,u-kevin.almeida,Kevin Almeida,3,points,,2026-08-13,ERPFIN-519,ERPFIN-197,2026-07-14T05:46:54Z,2026-08-21T17:12:54Z,2026-08-21T04:28:30Z,fi-ap;wave1;sit
ERPFIN,Aurora ERP: Finance & Controlling,ERPFIN-716,"Unit test: parallel ledgers (IFRS, local GAAP) for plant 1100 Guelph",task,Closed,done,u-gustavo.martins,Gustavo Martins,5,points,,2026-08-14,ERPFIN-110,ERPFIN-670,2026-07-14T10:32:41Z,2026-08-22T03:56:30Z,2026-08-21T07:52:14Z,fi-gl;wave1;realize
ERPFIN,Aurora ERP: Finance & Controlling,ERPFIN-717,SIT-1 Procure-to-Pay scenario 2 (TR),task,In Progress,in_progress,u-isabela.weber,Isabela Weber,2,points,,2026-08-05,ERPFIN-533,ERPFIN-516;ERPFIN-145,2026-07-14T10:49:19Z,2026-08-24T00:00:00Z,,tr;wave1;sit
ERPFIN,Aurora ERP: Finance & Controlling,ERPFIN-718,SIT-2 Record-to-Report scenario 5 (CO-PA),task,To Do,todo,u-isabela.weber,Isabela Weber,1,points,,2026-08-26,ERPFIN-540,ERPFIN-549;ERPFIN-775,2026-07-14T14:47:47Z,2026-07-16T10:47:28Z,,co-pa;wave1;sit
ERPFIN,Aurora ERP: Finance & Controlling,ERPFIN-719,Defect: variant configuration price not recalculated (TR),bug,Closed,done,u-kevin.almeida,Kevin Almeida,5,points,2026-07-29,2026-08-14,ERPFIN-533,,2026-07-14T21:22:24Z,2026-08-24T00:00:00Z,2026-08-24T12:19:41Z,tr;wave1;sit;defect
ERPFIN,Aurora ERP: Finance & Controlling,ERPFIN-720,SIT-1 Acquire-to-Retire scenario 2 (FI-AP),task,Done,done,u-nadia.gagnon,Nadia Gagnon,3,points,,2026-08-13,ERPFIN-519,ERPFIN-610;ERPFIN-448;ERPFIN-359,2026-07-15T00:26:38Z,2026-08-15T14:38:23Z,2026-08-14T22:44:54Z,fi-ap;wave1;sit
ERPFIN,Aurora ERP: Finance & Controlling,ERPFIN-721,Unit test Conversion: bank account management for plant 1100 Guelph,task,Backlog,todo,,,2,points,2026-07-16,,ERPFIN-111,ERPFIN-532,2026-07-15T07:14:16Z,2026-07-15T07:14:16Z,,tr;wave1;wricef
ERPFIN,Aurora ERP: Finance & Controlling,ERPFIN-722,SIT-2 Hire-to-Retire scenario 2 (FI-GL),task,In Progress,in_progress,u-gustavo.martins,Gustavo Martins,8,points,2026-08-14,,ERPFIN-472,ERPFIN-565;ERPFIN-758,2026-07-15T10:10:24Z,2026-08-16T09:28:11Z,,fi-gl;wave1;sit
ERPFIN,Aurora ERP: Finance & Controlling,ERPFIN-723,SIT-1 Record-to-Report scenario 3 (TR),task,Closed,done,u-isabela.iyer,Isabela Iyer,13,points,,2026-08-12,ERPFIN-533,ERPFIN-695;ERPFIN-124,2026-07-15T10:30:57Z,2026-08-10T13:52:35Z,2026-08-09T21:09:59Z,tr;wave1;sit
ERPFIN,Aurora ERP: Finance & Controlling,ERPFIN-724,SIT-1 Order-to-Cash scenario 4 (CO-PA),task,Done,done,u-ana.chen,Ana Chen,5,points,2026-07-19,,ERPFIN-540,ERPFIN-244,2026-07-15T18:18:49Z,2026-08-03T11:04:06Z,2026-08-02T12:27:01Z,co-pa;wave1;sit
ERPFIN,Aurora ERP: Finance & Controlling,ERPFIN-725,SIT-1 Order-to-Cash scenario 2 (CO-PA),task,Closed,done,u-isabela.weber,Isabela Weber,8,points,2026-07-20,2026-08-06,ERPFIN-540,ERPFIN-553;ERPFIN-315,2026-07-15T18:45:08Z,2026-08-14T19:45:23Z,2026-08-14T16:15:38Z,co-pa;wave1;sit
ERPFIN,Aurora ERP: Finance & Controlling,ERPFIN-726,Defect: cost center hierarchy missing plant 1200 nodes (CO-PC),bug,To Do,todo,u-mariana.martins,Mariana Martins,5,points,,2026-08-29,ERPFIN-490,,2026-07-15T20:36:57Z,2026-08-22T14:02:04Z,,co-pc;wave1;sit;defect
ERPFIN,Aurora ERP: Finance & Controlling,ERPFIN-727,SIT-2 Record-to-Report scenario 3 (CO-PA),task,In Review,in_progress,u-mariana.martins,Mariana Martins,8,points,2026-08-11,,ERPFIN-540,ERPFIN-629;ERPFIN-605,2026-07-16T08:57:49Z,2026-08-18T13:27:27Z,,co-pa;wave1;sit
ERPFIN,Aurora ERP: Finance & Controlling,ERPFIN-728,SIT-1 Hire-to-Retire scenario 4 (CO-PC),task,Done,done,u-gustavo.martins,Gustavo Martins,1,points,,2026-08-14,ERPFIN-490,ERPFIN-178;ERPFIN-479;ERPFIN-253,2026-07-16T10:28:12Z,2026-08-11T10:38:27Z,2026-08-09T18:17:00Z,co-pc;wave1;sit
ERPFIN,Aurora ERP: Finance & Controlling,ERPFIN-729,Unit test Form: cost center standard hierarchy,task,Closed,done,u-daniel.souza,Daniel Souza,3,points,,2026-08-13,ERPFIN-134,ERPFIN-647,2026-07-16T19:34:33Z,2026-08-21T00:29:47Z,2026-08-20T18:11:55Z,co-pc;wave1;wricef
ERPFIN,Aurora ERP: Finance & Controlling,ERPFIN-730,Unit test: material ledger actual costing for plant 1100 Guelph,task,Closed,done,u-joao.kim,João Kim,5,points,,,ERPFIN-131,ERPFIN-479,2026-07-16T20:55:49Z,2026-08-24T00:00:00Z,2026-08-23T20:53:00Z,co-pc;wave1;realize
ERPFIN,Aurora ERP: Finance & Controlling,ERPFIN-731,SIT-1 Hire-to-Retire scenario 1 (CO-PC),task,Done,done,u-mariana.martins,Mariana Martins,8,points,,2026-08-11,ERPFIN-490,ERPFIN-524;ERPFIN-479;ERPFIN-501,2026-07-17T07:25:22Z,2026-08-11T17:44:38Z,2026-08-10T13:46:06Z,co-pc;wave1;sit
ERPFIN,Aurora ERP: Finance & Controlling,ERPFIN-732,Defect: inbound ASN creates duplicate handling units (FI-GL),bug,Done,done,u-samuel.martins,Samuel Martins,2,points,,,ERPFIN-472,,2026-07-17T20:13:37Z,2026-08-24T00:00:00Z,2026-08-24T09:37:15Z,fi-gl;wave1;sit;defect
ERPFIN,Aurora ERP: Finance & Controlling,ERPFIN-733,SIT-2 Plan-to-Produce scenario 2 (FI-AA),task,Blocked,in_progress,u-gustavo.nguyen,Gustavo Nguyen,5,points,,2026-08-30,ERPFIN-542,ERPFIN-625;ERPFIN-748,2026-07-17T21:48:57Z,2026-08-12T08:58:56Z,,fi-aa;wave1;sit
ERPFIN,Aurora ERP: Finance & Controlling,ERPFIN-734,Configure period-end closing cockpit for plant 1100 Guelph,story,Done,done,u-samuel.martins,Samuel Martins,2,points,,2026-08-14,ERPFIN-110,,2026-07-18T08:24:13Z,2026-08-23T03:40:20Z,2026-08-22T08:51:12Z,fi-gl;wave1;realize;config
ERPFIN,Aurora ERP: Finance & Controlling,ERPFIN-735,SIT-2 Hire-to-Retire scenario 3 (FI-AR),task,Ready,todo,,,13,points,,,ERPFIN-475,ERPFIN-512,2026-07-18T10:49:00Z,2026-07-18T10:49:00Z,,fi-ar;wave1;sit
ERPFIN,Aurora ERP: Finance & Controlling,ERPFIN-736,Unit test: asset transfer from legacy JDE for plant 1100 Guelph,task,To Do,todo,,,2,points,,2026-08-13,ERPFIN-132,ERPFIN-646,2026-07-18T11:56:07Z,2026-08-06T15:25:41Z,,fi-aa;wave1;realize
ERPFIN,Aurora ERP: Finance & Controlling,ERPFIN-737,Defect: inbound ASN creates duplicate handling units (TR),bug,Closed,done,u-kevin.almeida,Kevin Almeida,,points,2026-07-29,2026-08-13,ERPFIN-533,,2026-07-18T15:34:15Z,2026-08-22T05:02:01Z,2026-08-20T08:52:30Z,tr;wave1;sit;defect
ERPFIN,Aurora ERP: Finance & Controlling,ERPFIN-738,Defect: batch determination ignores shelf life (FI-GL),bug,Closed,done,u-kevin.almeida,Kevin Almeida,8,points,,2026-08-12,ERPFIN-472,,2026-07-18T23:40:26Z,2026-08-17T15:34:09Z,2026-08-16T00:38:49Z,fi-gl;wave1;sit;defect
ERPFIN,Aurora ERP: Finance & Controlling,ERPFIN-739,SIT-2 Hire-to-Retire scenario 1 (FI-AR),task,To Do,todo,u-gustavo.martins,Gustavo Martins,5,points,,,ERPFIN-475,ERPFIN-633,2026-07-19T02:34:03Z,2026-07-19T02:34:03Z,,fi-ar;wave1;sit
ERPFIN,Aurora ERP: Finance & Controlling,ERPFIN-740,Build Enhancement: bank account management,story,To Do,todo,,,,points,2026-08-05,,ERPFIN-111,ERPFIN-587;ERPFIN-330,2026-07-19T03:08:35Z,2026-08-11T15:37:31Z,,tr;wave1;wricef
ERPFIN,Aurora ERP: Finance & Controlling,ERPFIN-741,SIT-2 Hire-to-Retire scenario 4 (FI-AR),task,In Review,in_progress,u-gustavo.martins,Gustavo Martins,8,points,,2026-08-30,ERPFIN-475,ERPFIN-593;ERPFIN-611,2026-07-19T05:36:04Z,2026-08-17T09:34:54Z,,fi-ar;wave1;sit
ERPFIN,Aurora ERP: Finance & Controlling,ERPFIN-742,Unit test: internal orders for capex for plant 1100 Guelph,task,Done,done,u-lucas.wilson,Lucas Wilson,5,points,2026-07-28,2026-08-08,ERPFIN-133,ERPFIN-553,2026-07-19T06:51:26Z,2026-08-06T19:05:27Z,2026-08-06T09:19:55Z,co-pa;wave1;realize
ERPFIN,Aurora ERP: Finance & Controlling,ERPFIN-743,Unit test Conversion: variance analysis for production orders,task,Closed,done,u-kevin.almeida,Kevin Almeida,3,points,2026-08-18,2026-08-13,ERPFIN-134,ERPFIN-649,2026-07-19T19:17:18Z,2026-08-09T12:15:55Z,2026-08-08T10:36:39Z,co-pc;wave1;wricef
ERPFIN,Aurora ERP: Finance & Controlling,ERPFIN-744,SIT-1 Procure-to-Pay scenario 1 (TR),task,Done,done,u-gustavo.martins,Gustavo Martins,2,points,,2026-08-07,ERPFIN-533,ERPFIN-369;ERPFIN-189;ERPFIN-145,2026-07-19T23:51:29Z,2026-08-06T04:34:01Z,2026-08-04T10:08:45Z,tr;wave1;sit
ERPFIN,Aurora ERP: Finance & Controlling,ERPFIN-745,SIT-2 Plan-to-Produce scenario 1 (FI-AA),task,Ready,todo,,,3,points,,2026-08-29,ERPFIN-542,ERPFIN-599,2026-07-20T00:28:19Z,2026-07-20T00:28:19Z,,fi-aa;wave1;sit
ERPFIN,Aurora ERP: Finance & Controlling,ERPFIN-746,Defect: dunning letter uses wrong language for Quebec customers (FI-AR),bug,Closed,done,u-nikhil.almeida,Nikhil Almeida,8,points,,,ERPFIN-475,,2026-07-20T02:12:55Z,2026-08-15T15:14:56Z,2026-08-13T21:09:13Z,fi-ar;wave1;sit;defect
ERPFIN,Aurora ERP: Finance & Controlling,ERPFIN-747,Authorization role for QST tax procedure for Quebec for plant 1100 Guelph,task,Closed,done,u-isabela.weber,Isabela Weber,1,points,,2026-08-14,ERPFIN-110,ERPFIN-485,2026-07-20T05:46:48Z,2026-08-14T17:32:26Z,2026-08-13T15:09:41Z,fi-gl;wave1;realize;security
ERPFIN,Aurora ERP: Finance & Controlling,ERPFIN-748,Defect: Fiori tile shows stale inventory figures (FI-AA),bug,Closed,done,,,13,points,,2026-08-13,ERPFIN-542,,2026-07-20T12:52:46Z,2026-08-15T02:58:01Z,2026-08-14T11:12:31Z,fi-aa;wave1;sit;defect
ERPFIN,Aurora ERP: Finance & Controlling,ERPFIN-749,SIT-2 Acquire-to-Retire scenario 4 (CO-PA),task,To Do,todo,,,1,points,,2026-09-02,ERPFIN-540,ERPFIN-543;ERPFIN-809,2026-07-20T14:08:51Z,2026-07-20T14:08:51Z,,co-pa;wave1;sit
ERPFIN,Aurora ERP: Finance & Controlling,ERPFIN-750,Defect: inbound ASN creates duplicate handling units (CO-PC),bug,To Do,todo,u-gustavo.martins,Gustavo Martins,2,points,,2026-08-28,ERPFIN-490,,2026-07-20T14:15:42Z,2026-07-23T11:52:04Z,,co-pc;wave1;sit;defect
ERPFIN,Aurora ERP: Finance & Controlling,ERPFIN-751,SIT-1 Acquire-to-Retire scenario 2 (FI-AR),task,Closed,done,u-gustavo.martins,Gustavo Martins,1,points,,2026-08-03,ERPFIN-475,ERPFIN-327,2026-07-20T16:52:25Z,2026-07-31T06:28:06Z,2026-07-31T03:47:43Z,fi-ar;wave1;sit
ERPFIN,Aurora ERP: Finance & Controlling,ERPFIN-752,SIT-2 Plan-to-Produce scenario 7 (FI-AA),task,Closed,done,u-samuel.martins,Samuel Martins,1,points,2026-08-15,2026-08-30,ERPFIN-542,ERPFIN-546,2026-07-20T17:13:36Z,2026-08-24T00:00:00Z,2026-08-24T18:48:45Z,fi-aa;wave1;sit
ERPFIN,Aurora ERP: Finance & Controlling,ERPFIN-753,Unit test: invoice verification tolerances for plant 1100 Guelph,task,Done,done,u-daniel.souza,Daniel Souza,13,points,,2026-08-07,ERPFIN-103,ERPFIN-522,2026-07-20T17:31:37Z,2026-08-10T23:44:14Z,2026-08-09T07:31:06Z,fi-ap;wave1;realize
ERPFIN,Aurora ERP: Finance & Controlling,ERPFIN-754,Build Form: account-based CO-PA activation for plant 1100 Guelph,story,Done,done,u-samuel.martins,Samuel Martins,1,points,,2026-08-17,ERPFIN-115,ERPFIN-493;ERPFIN-553,2026-07-20T17:53:23Z,2026-08-14T16:22:47Z,2026-08-13T19:10:00Z,co-pa;wave1;wricef
ERPFIN,Aurora ERP: Finance & Controlling,ERPFIN-755,Defect: pricing condition not applied on returns (FI-AA),bug,Closed,done,u-gustavo.martins,Gustavo Martins,13,points,,2026-08-13,ERPFIN-542,,2026-07-21T03:16:25Z,2026-08-19T21:28:09Z,2026-08-19T11:03:20Z,fi-aa;wave1;sit;defect
ERPFIN,Aurora ERP: Finance & Controlling,ERPFIN-756,SIT-2 Hire-to-Retire scenario 1 (FI-GL),task,Closed,done,u-mariana.martins,Mariana Martins,,points,,2026-08-28,ERPFIN-472,ERPFIN-536;ERPFIN-738,2026-07-21T09:38:52Z,2026-08-24T00:00:00Z,2026-08-24T07:21:19Z,fi-gl;wave1;sit
ERPFIN,Aurora ERP: Finance & Controlling,ERPFIN-757,Defect: Fiori tile shows stale inventory figures (FI-AP),bug,In Progress,in_progress,u-gustavo.martins,Gustavo Martins,2,points,,2026-08-20,ERPFIN-519,,2026-07-21T09:51:11Z,2026-08-21T19:46:37Z,,fi-ap;wave1;sit;defect
ERPFIN,Aurora ERP: Finance & Controlling,ERPFIN-758,Defect: EDI 856 missing pallet level (FI-GL),bug,Done,done,u-nadia.gagnon,Nadia Gagnon,8,points,2026-07-27,2026-08-12,ERPFIN-472,,2026-07-21T11:13:27Z,2026-08-10T08:36:15Z,2026-08-10T03:17:38Z,fi-gl;wave1;sit;defect
ERPFIN,Aurora ERP: Finance & Controlling,ERPFIN-759,SIT-2 Plan-to-Produce scenario 1 (TR),task,In Review,in_progress,u-gustavo.martins,Gustavo Martins,5,points,,2026-09-07,ERPFIN-533,ERPFIN-559,2026-07-21T14:04:02Z,2026-08-19T17:09:17Z,,tr;wave1;sit
ERPFIN,Aurora ERP: Finance & Controlling,ERPFIN-760,Unit test: bank communication management for plant 1100 Guelph,task,In Review,in_progress,u-joao.kim,João Kim,,points,,,ERPFIN-141,ERPFIN-695,2026-07-21T14:35:42Z,2026-08-18T10:13:23Z,,tr;wave1;realize
ERPFIN,Aurora ERP: Finance & Controlling,ERPFIN-761,Unit test Form: house banks RBC and TD,task,In Progress,in_progress,,,2,points,2026-08-03,,ERPFIN-111,ERPFIN-562,2026-07-21T20:08:56Z,2026-08-20T07:40:26Z,,tr;wave1;wricef
ERPFIN,Aurora ERP: Finance & Controlling,ERPFIN-762,SIT-1 Record-to-Report scenario 1 (TR),task,Done,done,u-daniel.souza,Daniel Souza,8,points,,2026-08-13,ERPFIN-533,ERPFIN-330;ERPFIN-416;ERPFIN-174,2026-07-21T22:16:35Z,2026-08-24T00:00:00Z,2026-08-23T21:17:54Z,tr;wave1;sit
ERPFIN,Aurora ERP: Finance & Controlling,ERPFIN-763,SIT-2 Order-to-Cash scenario 4 (FI-AR),task,In Progress,in_progress,u-gustavo.martins,Gustavo Martins,5,points,,2026-09-06,ERPFIN-475,ERPFIN-668;ERPFIN-774;ERPFIN-574,2026-07-21T23:12:59Z,2026-08-15T07:43:08Z,,fi-ar;wave1;sit
ERPFIN,Aurora ERP: Finance & Controlling,ERPFIN-764,Authorization role for invoice verification tolerances for plant 1100 Guelph,task,Closed,done,u-lucas.wilson,Lucas Wilson,13,points,,,ERPFIN-103,ERPFIN-522,2026-07-22T04:17:34Z,2026-08-12T01:40:11Z,2026-08-10T16:49:05Z,fi-ap;wave1;realize;security
ERPFIN,Aurora ERP: Finance & Controlling,ERPFIN-765,Defect: cost center hierarchy missing plant 1200 nodes (CO-PC),bug,Done,done,u-gustavo.martins,Gustavo Martins,2,points,,,ERPFIN-490,,2026-07-22T07:00:52Z,2026-08-20T19:43:09Z,2026-08-19T09:39:04Z,co-pc;wave1;sit;defect
ERPFIN,Aurora ERP: Finance & Controlling,ERPFIN-766,Technical spec Workflow: in-house cash for intercompany,task,Backlog,todo,u-gustavo.martins,Gustavo Martins,,points,,2026-08-24,ERPFIN-111,ERPFIN-666,2026-07-22T07:21:03Z,2026-07-22T07:21:03Z,,tr;wave1;wricef
ERPFIN,Aurora ERP: Finance & Controlling,ERPFIN-767,Defect: bank statement posts to suspense account (TR),bug,Closed,done,u-daniel.souza,Daniel Souza,3,points,2026-08-07,,ERPFIN-533,,2026-07-22T16:46:15Z,2026-08-24T00:00:00Z,2026-08-24T07:43:51Z,tr;wave1;sit;defect
ERPFIN,Aurora ERP: Finance & Controlling,ERPFIN-768,Unit test: customer statements for plant 1100 Guelph,task,To Do,todo,u-samuel.martins,Samuel Martins,5,points,,2026-08-20,ERPFIN-151,ERPFIN-600,2026-07-22T21:38:23Z,2026-07-22T21:38:23Z,,fi-ar;wave1;realize
ERPFIN,Aurora ERP: Finance & Controlling,ERPFIN-769,SIT-2 Record-to-Report scenario 4 (CO-PA),task,Blocked,in_progress,u-gustavo.martins,Gustavo Martins,13,points,,2026-08-26,ERPFIN-540,ERPFIN-592;ERPFIN-591,2026-07-23T02:08:48Z,2026-08-16T12:33:17Z,,co-pa;wave1;sit
ERPFIN,Aurora ERP: Finance & Controlling,ERPFIN-770,Functional spec Conversion: company code 1000 (Vetra Canada),task,In Review,in_progress,u-nadia.gagnon,Nadia Gagnon,3,points,,2026-08-27,ERPFIN-126,,2026-07-23T05:11:50Z,2026-08-17T08:29:03Z,,fi-gl;wave1;wricef
ERPFIN,Aurora ERP: Finance & Controlling,ERPFIN-771,Technical spec Interface: top-down distribution,task,Closed,done,u-isabela.iyer,Isabela Iyer,,points,,2026-08-17,,ERPFIN-558,2026-07-23T08:24:37Z,2026-08-17T07:59:10Z,2026-08-16T17:00:07Z,co-pa;wave1;wricef
ERPFIN,Aurora ERP: Finance & Controlling,ERPFIN-772,Defect: bank statement posts to suspense account (TR),bug,Blocked,in_progress,,,2,points,2026-08-17,2026-08-30,ERPFIN-533,,2026-07-23T17:27:40Z,2026-08-20T11:07:01Z,,tr;wave1;sit;defect
ERPFIN,Aurora ERP: Finance & Controlling,ERPFIN-773,SIT-2 Acquire-to-Retire scenario 3 (CO-PC),task,In Progress,in_progress,u-isabela.iyer,Isabela Iyer,5,points,2026-08-18,2026-08-30,ERPFIN-490,ERPFIN-648;ERPFIN-703,2026-07-23T22:53:43Z,2026-07-23T22:53:43Z,,co-pc;wave1;sit
ERPFIN,Aurora ERP: Finance & Controlling,ERPFIN-774,Defect: RL-1 box 14 miscalculated for Quebec employees (FI-AR),bug,In Progress,in_progress,u-kevin.almeida,Kevin Almeida,5,points,2026-08-02,,ERPFIN-475,,2026-07-23T23:48:27Z,2026-08-12T19:25:10Z,,fi-ar;wave1;sit;defect
ERPFIN,Aurora ERP: Finance & Controlling,ERPFIN-775,Defect: batch determination ignores shelf life (CO-PA),bug,Closed,done,u-gustavo.martins,Gustavo Martins,8,points,2026-07-24,2026-08-10,ERPFIN-540,ERPFIN-624,2026-07-24T00:39:04Z,2026-08-17T08:44:49Z,2026-08-16T02:21:38Z,co-pa;wave1;sit;defect
ERPFIN,Aurora ERP: Finance & Controlling,ERPFIN-776,Technical spec Enhancement: customer statements,task,Closed,done,u-nadia.gagnon,Nadia Gagnon,8,points,,,ERPFIN-158,ERPFIN-624,2026-07-24T13:57:13Z,2026-08-19T13:32:56Z,2026-08-19T13:15:15Z,fi-ar;wave1;wricef
ERPFIN,Aurora ERP: Finance & Controlling,ERPFIN-777,Defect: MRP creates planned orders in closed periods (TR),bug,In Progress,in_progress,u-samuel.martins,Samuel Martins,8,points,2026-08-15,2026-08-30,ERPFIN-533,,2026-07-24T22:28:22Z,2026-08-24T00:00:00Z,,tr;wave1;sit;defect
ERPFIN,Aurora ERP: Finance & Controlling,ERPFIN-778,SIT-2 Hire-to-Retire scenario 4 (FI-GL),task,In Review,in_progress,u-ana.chen,Ana Chen,5,points,,2026-08-28,ERPFIN-472,ERPFIN-607;ERPFIN-626,2026-07-25T06:30:45Z,2026-08-19T16:55:38Z,,fi-gl;wave1;sit
ERPFIN,Aurora ERP: Finance & Controlling,ERPFIN-779,Unit test Report: depreciation run AFAB for plant 1100 Guelph,task,Closed,done,u-gustavo.martins,Gustavo Martins,2,points,2026-08-18,2026-08-11,ERPFIN-95,ERPFIN-780,2026-07-25T08:30:16Z,2026-08-20T05:18:58Z,2026-08-19T07:37:48Z,fi-aa;wave1;wricef
ERPFIN,Aurora ERP: Finance & Controlling,ERPFIN-780,Build Report: depreciation run AFAB for plant 1100 Guelph,story,Closed,done,u-samuel.martins,Samuel Martins,2,points,,2026-08-11,ERPFIN-95,ERPFIN-541;ERPFIN-579,2026-07-25T18:16:06Z,2026-08-09T00:11:31Z,2026-08-07T15:24:06Z,fi-aa;wave1;wricef
ERPFIN,Aurora ERP: Finance & Controlling,ERPFIN-781,SIT-2 Order-to-Cash scenario 3 (FI-AR),task,Backlog,todo,,,3,points,2026-08-20,,ERPFIN-475,ERPFIN-550,2026-07-26T00:47:43Z,2026-07-26T00:47:43Z,,fi-ar;wave1;sit
ERPFIN,Aurora ERP: Finance & Controlling,ERPFIN-782,Authorization role for credit management (FSCM) limits for plant 1100 Guelph,task,In Progress,in_progress,u-mariana.martins,Mariana Martins,3,points,,2026-08-20,ERPFIN-151,ERPFIN-503,2026-07-26T08:06:53Z,2026-08-07T18:15:44Z,,fi-ar;wave1;realize;security
ERPFIN,Aurora ERP: Finance & Controlling,ERPFIN-783,Unit test: intercompany elimination for plant 1100 Guelph,task,Done,done,u-gustavo.martins,Gustavo Martins,3,points,,2026-08-14,ERPFIN-110,ERPFIN-577,2026-07-26T17:49:28Z,2026-08-23T23:14:17Z,2026-08-23T13:11:37Z,fi-gl;wave1;realize
ERPFIN,Aurora ERP: Finance & Controlling,ERPFIN-784,Defect: payment run selects blocked invoices (FI-GL),bug,In Review,in_progress,u-gustavo.martins,Gustavo Martins,5,points,2026-08-04,2026-08-21,ERPFIN-472,,2026-07-27T02:49:18Z,2026-08-20T18:42:09Z,,fi-gl;wave1;sit;defect
ERPFIN,Aurora ERP: Finance & Controlling,ERPFIN-785,Defect: variant configuration price not recalculated (FI-GL),bug,Done,done,u-joao.kim,João Kim,2,points,,2026-08-13,ERPFIN-472,,2026-07-27T05:32:51Z,2026-08-14T14:48:44Z,2026-08-12T14:49:34Z,fi-gl;wave1;sit;defect
ERPFIN,Aurora ERP: Finance & Controlling,ERPFIN-786,SIT-2 Record-to-Report scenario 2 (CO-PA),task,In Progress,in_progress,u-lucas.wilson,Lucas Wilson,5,points,,2026-08-25,,ERPFIN-667,2026-07-27T15:03:16Z,2026-08-12T14:31:06Z,,co-pa;wave1;sit
ERPFIN,Aurora ERP: Finance & Controlling,ERPFIN-787,Defect: IDoc status 51 on customer master replication (CO-PC),bug,Closed,done,u-nikhil.almeida,Nikhil Almeida,13,points,2026-08-09,2026-08-25,ERPFIN-490,,2026-07-27T18:40:25Z,2026-08-24T00:00:00Z,2026-08-24T13:03:08Z,co-pc;wave1;sit;defect
ERPFIN,Aurora ERP: Finance & Controlling,ERPFIN-788,SIT-2 Hire-to-Retire scenario 3 (FI-GL),task,In Progress,in_progress,u-gustavo.martins,Gustavo Martins,3,points,,2026-09-01,ERPFIN-472,ERPFIN-642;ERPFIN-785,2026-07-27T19:31:54Z,2026-08-17T12:12:00Z,,fi-gl;wave1;sit
ERPFIN,Aurora ERP: Finance & Controlling,ERPFIN-789,SIT-2 Order-to-Cash scenario 2 (FI-AR),task,In Review,in_progress,u-samuel.martins,Samuel Martins,2,points,,2026-09-08,ERPFIN-475,ERPFIN-671;ERPFIN-746,2026-07-28T01:21:26Z,2026-08-21T13:19:51Z,,fi-ar;wave1;sit
ERPFIN,Aurora ERP: Finance & Controlling,ERPFIN-790,Unit test Report: credit management (FSCM) limits,task,Done,done,u-daniel.souza,Daniel Souza,13,points,,2026-08-10,ERPFIN-158,ERPFIN-708,2026-07-28T07:24:00Z,2026-08-18T15:31:56Z,2026-08-16T21:34:26Z,fi-ar;wave1;wricef
ERPFIN,Aurora ERP: Finance & Controlling,ERPFIN-791,Build Conversion: company code 1000 (Vetra Canada),story,Ready,todo,,,8,points,,2026-08-27,ERPFIN-126,ERPFIN-693;ERPFIN-271,2026-07-28T09:29:07Z,2026-07-31T14:49:47Z,,fi-gl;wave1;wricef
ERPFIN,Aurora ERP: Finance & Controlling,ERPFIN-792,Defect: goods receipt posts to wrong valuation class (CO-PC),bug,Closed,done,u-gustavo.martins,Gustavo Martins,5,points,,,ERPFIN-490,,2026-07-28T09:38:01Z,2026-08-16T14:21:04Z,2026-08-14T18:59:26Z,co-pc;wave1;sit;defect
ERPFIN,Aurora ERP: Finance & Controlling,ERPFIN-793,Defect: cost center hierarchy missing plant 1200 nodes (FI-AP),bug,In Progress,in_progress,u-samuel.martins,Samuel Martins,8,points,,2026-09-06,ERPFIN-519,,2026-07-28T12:05:06Z,2026-08-14T08:35:46Z,,fi-ap;wave1;sit;defect
ERPFIN,Aurora ERP: Finance & Controlling,ERPFIN-794,SIT-2 Acquire-to-Retire scenario 4 (CO-PC),task,Ready,todo,u-daniel.souza,Daniel Souza,5,points,,,ERPFIN-490,ERPFIN-709;ERPFIN-765,2026-07-28T13:54:00Z,2026-07-28T13:54:00Z,,co-pc;wave1;sit
ERPFIN,Aurora ERP: Finance & Controlling,ERPFIN-795,Defect: GST rounding differs from JDE by 0.01 (FI-GL),bug,Blocked,in_progress,u-samuel.martins,Samuel Martins,,points,,,ERPFIN-472,,2026-07-28T15:55:38Z,2026-08-13T16:01:48Z,,fi-gl;wave1;sit;defect
ERPFIN,Aurora ERP: Finance & Controlling,ERPFIN-796,Defect: GST rounding differs from JDE by 0.01 (CO-PA),bug,In Review,in_progress,u-gustavo.martins,Gustavo Martins,2,points,,2026-08-22,ERPFIN-540,,2026-07-28T23:46:22Z,2026-08-14T14:48:42Z,,co-pa;wave1;sit;defect
ERPFIN,Aurora ERP: Finance & Controlling,ERPFIN-797,SIT-2 Acquire-to-Retire scenario 5 (CO-PC),task,Blocked,in_progress,,,3,points,,2026-08-30,ERPFIN-490,ERPFIN-697;ERPFIN-684,2026-07-29T00:32:31Z,2026-08-21T12:31:47Z,,co-pc;wave1;sit
ERPFIN,Aurora ERP: Finance & Controlling,ERPFIN-798,SIT-2 Acquire-to-Retire scenario 2 (CO-PA),task,In Progress,in_progress,u-joao.kim,João Kim,13,points,2026-08-19,2026-09-01,ERPFIN-540,ERPFIN-644;ERPFIN-656,2026-07-29T11:30:49Z,2026-08-22T09:29:23Z,,co-pa;wave1;sit
ERPFIN,Aurora ERP: Finance & Controlling,ERPFIN-799,SIT-2 Plan-to-Produce scenario 4 (FI-AA),task,Blocked,in_progress,u-ana.chen,Ana Chen,5,points,,2026-09-03,ERPFIN-542,ERPFIN-547,2026-07-29T11:33:44Z,2026-08-16T16:11:24Z,,fi-aa;wave1;sit
ERPFIN,Aurora ERP: Finance & Controlling,ERPFIN-800,Defect: dunning letter uses wrong language for Quebec customers (FI-GL),bug,To Do,todo,,,1,points,,2026-08-28,ERPFIN-472,,2026-07-29T11:40:58Z,2026-07-29T11:40:58Z,,fi-gl;wave1;sit;defect
ERPFIN,Aurora ERP: Finance & Controlling,ERPFIN-801,SIT-2 Procure-to-Pay scenario 1 (TR),task,To Do,todo,u-samuel.martins,Samuel Martins,3,points,2026-08-27,2026-09-12,ERPFIN-533,ERPFIN-744;ERPFIN-844,2026-07-29T13:01:31Z,2026-07-29T13:01:31Z,,tr;wave1;sit
ERPFIN,Aurora ERP: Finance & Controlling,ERPFIN-802,Unit test: plan/actual reporting for plant 1100 Guelph,task,Done,done,u-mariana.martins,Mariana Martins,2,points,,2026-08-08,ERPFIN-133,ERPFIN-692,2026-07-29T21:06:25Z,2026-08-09T14:35:13Z,2026-08-09T11:56:58Z,co-pa;wave1;realize
ERPFIN,Aurora ERP: Finance & Controlling,ERPFIN-803,Defect: Fiori tile shows stale inventory figures (FI-AR),bug,In Progress,in_progress,u-joao.kim,João Kim,3,points,,2026-08-25,ERPFIN-475,,2026-07-29T21:09:05Z,2026-08-20T18:32:13Z,,fi-ar;wave1;sit;defect
ERPFIN,Aurora ERP: Finance & Controlling,ERPFIN-804,Defect: ATP confirms quantity beyond safety stock (FI-AR),bug,Done,done,u-gustavo.nguyen,Gustavo Nguyen,13,points,,2026-08-29,ERPFIN-475,,2026-07-29T23:32:12Z,2026-08-24T00:00:00Z,2026-08-24T09:15:19Z,fi-ar;wave1;sit;defect
ERPFIN,Aurora ERP: Finance & Controlling,ERPFIN-805,SIT-2 Plan-to-Produce scenario 3 (FI-AA),task,In Review,in_progress,u-gustavo.martins,Gustavo Martins,2,points,,,ERPFIN-542,ERPFIN-637;ERPFIN-620,2026-07-30T00:15:14Z,2026-08-20T13:21:14Z,,fi-aa;wave1;sit
ERPFIN,Aurora ERP: Finance & Controlling,ERPFIN-806,SIT-2 Order-to-Cash scenario 5 (FI-AR),task,To Do,todo,,,2,points,,,ERPFIN-475,ERPFIN-701;ERPFIN-632,2026-07-30T01:52:09Z,2026-07-30T01:52:09Z,,fi-ar;wave1;sit
ERPFIN,Aurora ERP: Finance & Controlling,ERPFIN-807,SIT-2 Record-to-Report scenario 1 (CO-PA),task,To Do,todo,,,3,points,,2026-08-29,ERPFIN-540,ERPFIN-544,2026-07-30T02:15:24Z,2026-07-30T02:15:24Z,,co-pa;wave1;sit
ERPFIN,Aurora ERP: Finance & Controlling,ERPFIN-808,Defect: depreciation run skips assets acquired mid-month (CO-PC),bug,Backlog,todo,,,8,points,,,ERPFIN-490,,2026-07-30T05:14:43Z,2026-07-30T05:14:43Z,,co-pc;wave1;sit;defect
ERPFIN,Aurora ERP: Finance & Controlling,ERPFIN-809,Defect: dunning letter uses wrong language for Quebec customers (CO-PA),bug,In Progress,in_progress,u-ana.chen,Ana Chen,2,points,,2026-08-17,ERPFIN-540,,2026-07-30T05:38:57Z,2026-08-01T18:54:39Z,,co-pa;wave1;sit;defect
ERPFIN,Aurora ERP: Finance & Controlling,ERPFIN-810,Unit test: cash application rules for plant 1100 Guelph,task,To Do,todo,u-mariana.martins,Mariana Martins,8,points,2026-08-12,2026-08-20,ERPFIN-151,ERPFIN-679,2026-07-30T07:05:03Z,2026-07-30T07:05:03Z,,fi-ar;wave1;realize
ERPFIN,Aurora ERP: Finance & Controlling,ERPFIN-811,Unit test Conversion: ISO 20022 pain.001 payment file for plant 1100 Guelph,task,Closed,done,u-mariana.martins,Mariana Martins,8,points,2026-08-06,2026-08-08,ERPFIN-135,ERPFIN-535,2026-07-30T12:00:52Z,2026-08-11T21:16:06Z,2026-08-11T15:14:12Z,fi-ap;wave1;wricef
ERPFIN,Aurora ERP: Finance & Controlling,ERPFIN-812,Authorization role for bank communication management for plant 1100 Guelph,task,Closed,done,u-gustavo.martins,Gustavo Martins,3,points,,2026-08-14,ERPFIN-141,ERPFIN-695,2026-07-30T12:56:20Z,2026-08-23T07:37:04Z,2026-08-22T09:02:01Z,tr;wave1;realize;security
ERPFIN,Aurora ERP: Finance & Controlling,ERPFIN-813,SIT-2 Procure-to-Pay scenario 1 (CO-PC),task,To Do,todo,,,5,points,2026-08-24,2026-09-08,,ERPFIN-586;ERPFIN-787,2026-07-30T20:47:07Z,2026-08-11T12:12:52Z,,co-pc;wave1;sit
ERPFIN,Aurora ERP: Finance & Controlling,ERPFIN-814,SIT-2 Procure-to-Pay scenario 6 (FI-GL),task,Ready,todo,,,3,points,,2026-09-07,ERPFIN-472,ERPFIN-615,2026-07-30T23:15:50Z,2026-07-30T23:15:50Z,,fi-gl;wave1;sit
ERPFIN,Aurora ERP: Finance & Controlling,ERPFIN-815,SIT-2 Plan-to-Produce scenario 4 (FI-GL),task,Backlog,todo,u-gustavo.martins,Gustavo Martins,8,points,,2026-09-11,ERPFIN-472,ERPFIN-609,2026-07-31T04:37:22Z,2026-07-31T04:37:22Z,,fi-gl;wave1;sit
ERPFIN,Aurora ERP: Finance & Controlling,ERPFIN-816,SIT-2 Plan-to-Produce scenario 1 (FI-GL),task,To Do,todo,u-joao.kim,João Kim,3,points,2026-08-28,2026-09-10,ERPFIN-472,ERPFIN-704;ERPFIN-838,2026-07-31T09:02:32Z,2026-07-31T09:02:32Z,,fi-gl;wave1;sit
ERPFIN,Aurora ERP: Finance & Controlling,ERPFIN-817,SIT-2 Procure-to-Pay scenario 2 (TR),task,Ready,todo,u-mariana.martins,Mariana Martins,2,points,,2026-09-10,ERPFIN-533,ERPFIN-717;ERPFIN-767,2026-07-31T09:27:38Z,2026-07-31T09:27:38Z,,tr;wave1;sit
ERPFIN,Aurora ERP: Finance & Controlling,ERPFIN-818,SIT-2 Acquire-to-Retire scenario 3 (CO-PA),task,In Progress,in_progress,u-kevin.almeida,Kevin Almeida,1,points,2026-08-18,2026-09-01,ERPFIN-540,ERPFIN-590,2026-07-31T09:47:52Z,2026-08-20T09:24:57Z,,co-pa;wave1;sit
ERPFIN,Aurora ERP: Finance & Controlling,ERPFIN-819,SIT-2 Hire-to-Retire scenario 4 (FI-AP),task,Backlog,todo,u-gustavo.martins,Gustavo Martins,5,points,2026-08-25,,,ERPFIN-537,2026-07-31T16:39:16Z,2026-07-31T16:39:16Z,,fi-ap;wave1;sit
ERPFIN,Aurora ERP: Finance & Controlling,ERPFIN-820,SIT-2 Procure-to-Pay scenario 2 (CO-PC),task,Backlog,todo,u-gustavo.martins,Gustavo Martins,5,points,,,ERPFIN-490,ERPFIN-655,2026-08-01T04:32:27Z,2026-08-01T04:32:27Z,,co-pc;wave1;sit
ERPFIN,Aurora ERP: Finance & Controlling,ERPFIN-821,SIT-2 Record-to-Report scenario 3 (FI-AA),task,Backlog,todo,,,5,points,,,ERPFIN-542,ERPFIN-602;ERPFIN-799,2026-08-01T15:34:09Z,2026-08-15T20:14:17Z,,fi-aa;wave1;sit
ERPFIN,Aurora ERP: Finance & Controlling,ERPFIN-822,Defect: GST rounding differs from JDE by 0.01 (FI-AP),bug,Blocked,in_progress,u-joao.kim,João Kim,5,points,,2026-08-27,ERPFIN-519,,2026-08-02T14:23:21Z,2026-08-17T13:44:26Z,,fi-ap;wave1;sit;defect
ERPFIN,Aurora ERP: Finance & Controlling,ERPFIN-823,Build Workflow: down payment process,story,Closed,done,u-gustavo.martins,Gustavo Martins,2,points,,2026-08-08,ERPFIN-135,ERPFIN-690;ERPFIN-359,2026-08-02T15:48:52Z,2026-08-08T16:31:44Z,2026-08-06T19:49:06Z,fi-ap;wave1;wricef
ERPFIN,Aurora ERP: Finance & Controlling,ERPFIN-824,Unit test Report: intercompany elimination,task,In Review,in_progress,,,5,points,2026-08-07,2026-08-27,ERPFIN-126,ERPFIN-664,2026-08-02T22:21:23Z,2026-08-02T22:21:23Z,,fi-gl;wave1;wricef
ERPFIN,Aurora ERP: Finance & Controlling,ERPFIN-825,SIT-2 Hire-to-Retire scenario 7 (FI-GL),task,Closed,done,u-gustavo.martins,Gustavo Martins,5,points,,2026-08-31,ERPFIN-472,ERPFIN-556;ERPFIN-686,2026-08-03T01:46:54Z,2026-08-24T00:00:00Z,2026-08-24T12:45:53Z,fi-gl;wave1;sit
ERPFIN,Aurora ERP: Finance & Controlling,ERPFIN-826,Defect: EDI 856 missing pallet level (CO-PC),bug,Backlog,todo,,,5,points,,,ERPFIN-490,,2026-08-03T02:18:37Z,2026-08-03T02:18:37Z,,co-pc;wave1;sit;defect
ERPFIN,Aurora ERP: Finance & Controlling,ERPFIN-827,Defect: usage decision does not release stock (TR),bug,In Progress,in_progress,u-ana.chen,Ana Chen,3,points,2026-08-07,2026-08-27,ERPFIN-533,,2026-08-03T03:32:57Z,2026-08-18T20:27:44Z,,tr;wave1;sit;defect
ERPFIN,Aurora ERP: Finance & Controlling,ERPFIN-828,SIT-2 Plan-to-Produce scenario 6 (FI-AA),task,In Review,in_progress,u-kevin.almeida,Kevin Almeida,3,points,,,ERPFIN-542,ERPFIN-589,2026-08-03T03:49:43Z,2026-08-16T12:15:34Z,,fi-aa;wave1;sit
ERPFIN,Aurora ERP: Finance & Controlling,ERPFIN-829,Defect: goods receipt posts to wrong valuation class (FI-GL),bug,In Review,in_progress,u-lucas.wilson,Lucas Wilson,2,points,,2026-08-20,ERPFIN-472,,2026-08-03T06:40:21Z,2026-08-24T00:00:00Z,,fi-gl;wave1;sit;defect
ERPFIN,Aurora ERP: Finance & Controlling,ERPFIN-830,Build Enhancement: customer statements,story,Done,done,u-gustavo.martins,Gustavo Martins,8,points,,2026-08-10,ERPFIN-158,ERPFIN-776;ERPFIN-467,2026-08-03T14:27:36Z,2026-08-09T12:40:57Z,2026-08-08T15:59:12Z,fi-ar;wave1;wricef
ERPFIN,Aurora ERP: Finance & Controlling,ERPFIN-831,SIT-2 Plan-to-Produce scenario 3 (FI-GL),task,To Do,todo,u-isabela.weber,Isabela Weber,2,points,2026-08-29,2026-09-13,ERPFIN-472,ERPFIN-694,2026-08-04T01:33:00Z,2026-08-04T01:33:00Z,,fi-gl;wave1;sit
ERPFIN,Aurora ERP: Finance & Controlling,ERPFIN-832,Defect: dunning letter uses wrong language for Quebec customers (TR),bug,Closed,done,u-isabela.iyer,Isabela Iyer,5,points,2026-08-08,2026-08-23,ERPFIN-533,ERPFIN-256,2026-08-04T03:08:37Z,2026-08-24T00:00:00Z,2026-08-24T07:44:08Z,tr;wave1;sit;defect
ERPFIN,Aurora ERP: Finance & Controlling,ERPFIN-833,Defect: usage decision does not release stock (FI-AR),bug,Backlog,todo,,,3,points,,2026-08-25,ERPFIN-475,,2026-08-04T05:10:02Z,2026-08-12T09:10:51Z,,fi-ar;wave1;sit;defect
ERPFIN,Aurora ERP: Finance & Controlling,ERPFIN-834,Defect: Fiori tile shows stale inventory figures (FI-AR),bug,Blocked,in_progress,,,2,points,2026-08-08,2026-08-28,ERPFIN-475,,2026-08-04T06:08:06Z,2026-08-18T21:17:24Z,,fi-ar;wave1;sit;defect
ERPFIN,Aurora ERP: Finance & Controlling,ERPFIN-835,SIT-2 Order-to-Cash scenario 2 (CO-PA),task,To Do,todo,,,5,points,,2026-09-10,ERPFIN-540,ERPFIN-725,2026-08-04T08:30:57Z,2026-08-04T08:30:57Z,,co-pa;wave1;sit
ERPFIN,Aurora ERP: Finance & Controlling,ERPFIN-836,SIT-2 Order-to-Cash scenario 5 (CO-PA),task,Blocked,in_progress,u-isabela.weber,Isabela Weber,8,points,2026-08-25,2026-09-12,ERPFIN-540,ERPFIN-696,2026-08-04T20:10:27Z,2026-08-13T17:50:12Z,,co-pa;wave1;sit
ERPFIN,Aurora ERP: Finance & Controlling,ERPFIN-837,SIT-2 Record-to-Report scenario 1 (FI-AA),task,To Do,todo,,,1,points,,2026-09-17,ERPFIN-542,ERPFIN-596;ERPFIN-705,2026-08-05T05:25:04Z,2026-08-05T05:25:04Z,,fi-aa;wave1;sit
ERPFIN,Aurora ERP: Finance & Controlling,ERPFIN-838,Defect: Fiori tile shows stale inventory figures (FI-GL),bug,Blocked,in_progress,u-nikhil.almeida,Nikhil Almeida,3,points,,2026-08-25,ERPFIN-472,,2026-08-05T14:21:04Z,2026-08-05T14:21:04Z,,fi-gl;wave1;sit;defect
ERPFIN,Aurora ERP: Finance & Controlling,ERPFIN-839,SIT-2 Record-to-Report scenario 6 (TR),task,To Do,todo,,,8,points,,2026-09-19,ERPFIN-533,ERPFIN-645;ERPFIN-777,2026-08-05T19:02:13Z,2026-08-05T19:02:13Z,,tr;wave1;sit
ERPFIN,Aurora ERP: Finance & Controlling,ERPFIN-840,SIT-2 Procure-to-Pay scenario 7 (FI-GL),task,Closed,done,u-gustavo.martins,Gustavo Martins,5,points,,2026-09-06,ERPFIN-472,ERPFIN-651,2026-08-05T23:37:44Z,2026-08-24T00:00:00Z,2026-08-24T09:56:52Z,fi-gl;wave1;sit
ERPFIN,Aurora ERP: Finance & Controlling,ERPFIN-841,Unit test: variance analysis for production orders for plant 1100 Guelph,task,Closed,done,u-gustavo.martins,Gustavo Martins,5,points,,,ERPFIN-131,ERPFIN-658,2026-08-06T01:42:20Z,2026-08-17T18:10:50Z,2026-08-15T21:14:34Z,co-pc;wave1;realize
ERPFIN,Aurora ERP: Finance & Controlling,ERPFIN-842,Unit test: three-way match blocking for plant 1100 Guelph,task,Done,done,u-gustavo.martins,Gustavo Martins,5,points,,,ERPFIN-103,ERPFIN-610,2026-08-06T03:11:10Z,2026-08-14T10:51:43Z,2026-08-13T10:56:28Z,fi-ap;wave1;realize
ERPFIN,Aurora ERP: Finance & Controlling,ERPFIN-843,SIT-2 Plan-to-Produce scenario 3 (TR),task,In Progress,in_progress,u-samuel.martins,Samuel Martins,5,points,,2026-09-05,ERPFIN-533,ERPFIN-685;ERPFIN-682,2026-08-06T08:25:43Z,2026-08-18T19:40:39Z,,tr;wave1;sit
ERPFIN,Aurora ERP: Finance & Controlling,ERPFIN-844,Defect: RL-1 box 14 miscalculated for Quebec employees (TR),bug,Done,done,u-mariana.martins,Mariana Martins,2,points,,2026-08-21,ERPFIN-533,,2026-08-06T08:48:38Z,2026-08-24T00:00:00Z,2026-08-24T18:39:13Z,tr;wave1;sit;defect
ERPFIN,Aurora ERP: Finance & Controlling,ERPFIN-845,Unit test Enhancement: period-end closing cockpit,task,Ready,todo,,,8,points,,2026-08-27,ERPFIN-126,ERPFIN-851,2026-08-06T13:07:10Z,2026-08-06T13:07:10Z,,fi-gl;wave1;wricef
ERPFIN,Aurora ERP: Finance & Controlling,ERPFIN-846,Defect: usage decision does not release stock (CO-PC),bug,In Review,in_progress,u-ana.chen,Ana Chen,3,points,2026-08-14,2026-08-28,ERPFIN-490,,2026-08-06T15:16:46Z,2026-08-22T17:22:49Z,,co-pc;wave1;sit;defect
ERPFIN,Aurora ERP: Finance & Controlling,ERPFIN-847,SIT-2 Acquire-to-Retire scenario 1 (CO-PC),task,In Progress,in_progress,,,8,points,,2026-09-04,ERPFIN-490,ERPFIN-568;ERPFIN-792,2026-08-07T06:47:01Z,2026-08-22T13:24:49Z,,co-pc;wave1;sit
ERPFIN,Aurora ERP: Finance & Controlling,ERPFIN-848,SIT-2 Hire-to-Retire scenario 2 (FI-AR),task,Backlog,todo,,,13,points,2026-08-15,2026-08-27,ERPFIN-475,ERPFIN-571,2026-08-07T15:58:32Z,2026-08-07T15:58:32Z,,fi-ar;wave1;sit
ERPFIN,Aurora ERP: Finance & Controlling,ERPFIN-849,SIT-2 Acquire-to-Retire scenario 2 (CO-PC),task,To Do,todo,,,2,points,,,ERPFIN-490,ERPFIN-707,2026-08-07T17:42:40Z,2026-08-14T07:23:22Z,,co-pc;wave1;sit
ERPFIN,Aurora ERP: Finance & Controlling,ERPFIN-850,Authorization role for customer statements for plant 1100 Guelph,task,Ready,todo,,,5,points,,2026-08-20,ERPFIN-151,ERPFIN-600,2026-08-08T03:18:48Z,2026-08-08T03:18:48Z,,fi-ar;wave1;realize;security
ERPFIN,Aurora ERP: Finance & Controlling,ERPFIN-851,Build Enhancement: period-end closing cockpit,story,To Do,todo,,,13,points,,2026-08-27,ERPFIN-126,ERPFIN-700;ERPFIN-182,2026-08-08T12:17:13Z,2026-08-19T11:39:57Z,,fi-gl;wave1;wricef
ERPFIN,Aurora ERP: Finance & Controlling,ERPFIN-852,SIT-2 Plan-to-Produce scenario 2 (TR),task,In Progress,in_progress,u-gustavo.nguyen,Gustavo Nguyen,8,points,,2026-09-07,ERPFIN-533,ERPFIN-551;ERPFIN-719,2026-08-08T12:37:55Z,2026-08-22T10:11:54Z,,tr;wave1;sit
ERPFIN,Aurora ERP: Finance & Controlling,ERPFIN-853,SIT-2 Hire-to-Retire scenario 7 (FI-AP),task,To Do,todo,,,1,points,2026-08-21,2026-09-13,ERPFIN-519,ERPFIN-677,2026-08-08T14:40:11Z,2026-08-08T14:40:11Z,,fi-ap;wave1;sit
ERPFIN,Aurora ERP: Finance & Controlling,ERPFIN-854,SIT-2 Acquire-to-Retire scenario 5 (FI-AA),task,In Review,in_progress,u-gustavo.nguyen,Gustavo Nguyen,8,points,2026-08-23,2026-09-07,ERPFIN-542,ERPFIN-560;ERPFIN-669,2026-08-08T17:09:46Z,2026-08-16T17:15:18Z,,fi-aa;wave1;sit
ERPFIN,Aurora ERP: Finance & Controlling,ERPFIN-855,SIT-2 Acquire-to-Retire scenario 3 (FI-AA),task,To Do,todo,,,1,points,,2026-09-05,ERPFIN-542,ERPFIN-584,2026-08-08T20:29:56Z,2026-08-08T20:29:56Z,,fi-aa;wave1;sit
ERPFIN,Aurora ERP: Finance & Controlling,ERPFIN-856,SIT-2 Procure-to-Pay scenario 5 (CO-PC),task,Backlog,todo,u-mariana.martins,Mariana Martins,,points,,2026-09-11,ERPFIN-490,ERPFIN-572;ERPFIN-826,2026-08-09T01:24:52Z,2026-08-09T01:24:52Z,,co-pc;wave1;sit
ERPFIN,Aurora ERP: Finance & Controlling,ERPFIN-857,SIT-2 Plan-to-Produce scenario 2 (FI-GL),task,To Do,todo,u-kevin.almeida,Kevin Almeida,2,points,,2026-09-12,ERPFIN-472,ERPFIN-616;ERPFIN-862,2026-08-10T05:01:41Z,2026-08-10T05:01:41Z,,fi-gl;wave1;sit
ERPFIN,Aurora ERP: Finance & Controlling,ERPFIN-858,Defect: Fiori tile shows stale inventory figures (TR),bug,In Progress,in_progress,u-gustavo.martins,Gustavo Martins,13,points,2026-08-15,2026-09-04,ERPFIN-533,,2026-08-10T09:57:46Z,2026-08-19T14:28:35Z,,tr;wave1;sit;defect
ERPFIN,Aurora ERP: Finance & Controlling,ERPFIN-859,Build Report: variance analysis for production orders for plant 1100 Guelph,story,Closed,done,u-nikhil.almeida,Nikhil Almeida,5,points,,2026-08-13,ERPFIN-134,ERPFIN-650;ERPFIN-178,2026-08-10T17:30:07Z,2026-08-23T09:11:01Z,2026-08-21T19:05:38Z,co-pc;wave1;wricef
ERPFIN,Aurora ERP: Finance & Controlling,ERPFIN-860,SIT-2 Hire-to-Retire scenario 3 (FI-AP),task,In Review,in_progress,u-gustavo.martins,Gustavo Martins,,points,2026-08-22,2026-09-09,ERPFIN-519,ERPFIN-659;ERPFIN-757,2026-08-10T18:30:44Z,2026-08-22T10:05:04Z,,fi-ap;wave1;sit
ERPFIN,Aurora ERP: Finance & Controlling,ERPFIN-861,SIT-2 Acquire-to-Retire scenario 3 (FI-AR),task,To Do,todo,u-gustavo.martins,Gustavo Martins,1,points,,,ERPFIN-475,ERPFIN-712;ERPFIN-804,2026-08-11T00:20:36Z,2026-08-11T00:20:36Z,,fi-ar;wave1;sit
ERPFIN,Aurora ERP: Finance & Controlling,ERPFIN-862,Defect: payment run selects blocked invoices (FI-GL),bug,To Do,todo,u-mariana.martins,Mariana Martins,8,points,,2026-08-28,ERPFIN-472,,2026-08-11T14:21:18Z,2026-08-11T14:21:18Z,,fi-gl;wave1;sit;defect
ERPFIN,Aurora ERP: Finance & Controlling,ERPFIN-863,Unit test: depreciation run AFAB for plant 1100 Guelph,task,Closed,done,u-isabela.iyer,Isabela Iyer,3,points,,2026-08-13,ERPFIN-132,ERPFIN-579,2026-08-12T06:50:20Z,2026-08-14T23:52:40Z,2026-08-13T21:56:06Z,fi-aa;wave1;realize
ERPFIN,Aurora ERP: Finance & Controlling,ERPFIN-864,SIT-2 Plan-to-Produce scenario 4 (TR),task,Done,done,u-mariana.martins,Mariana Martins,13,points,2026-08-19,2026-09-06,ERPFIN-533,ERPFIN-534;ERPFIN-737,2026-08-12T16:03:25Z,2026-08-24T00:00:00Z,2026-08-24T09:16:19Z,tr;wave1;sit
ERPFIN,Aurora ERP: Finance & Controlling,ERPFIN-865,SIT-2 Procure-to-Pay scenario 4 (CO-PC),task,To Do,todo,,,2,points,,,ERPFIN-490,ERPFIN-574;ERPFIN-278,2026-08-12T23:35:54Z,2026-08-12T23:35:54Z,,co-pc;wave1;sit
ERPFIN,Aurora ERP: Finance & Controlling,ERPFIN-866,SIT-2 Order-to-Cash scenario 1 (CO-PA),task,To Do,todo,u-isabela.weber,Isabela Weber,8,points,,,ERPFIN-540,ERPFIN-680;ERPFIN-796,2026-08-12T23:36:40Z,2026-08-24T00:00:00Z,,co-pa;wave1;sit
ERPFIN,Aurora ERP: Finance & Controlling,ERPFIN-867,Defect: inbound ASN creates duplicate handling units (FI-AP),bug,Ready,todo,,,13,points,2026-08-20,2026-09-06,ERPFIN-519,ERPFIN-140,2026-08-13T01:25:12Z,2026-08-13T01:25:12Z,,fi-ap;wave1;sit;defect
ERPFIN,Aurora ERP: Finance & Controlling,ERPFIN-868,SIT-2 Procure-to-Pay scenario 4 (FI-GL),task,In Progress,in_progress,u-samuel.martins,Samuel Martins,8,points,,2026-09-05,ERPFIN-472,ERPFIN-580;ERPFIN-829,2026-08-13T03:53:24Z,2026-08-13T03:53:24Z,,fi-gl;wave1;sit
ERPFIN,Aurora ERP: Finance & Controlling,ERPFIN-869,SIT-2 Procure-to-Pay scenario 3 (CO-PC),task,Ready,todo,,,13,points,2026-08-26,2026-09-07,ERPFIN-490,ERPFIN-622,2026-08-13T12:27:29Z,2026-08-13T12:27:29Z,,co-pc;wave1;sit
ERPFIN,Aurora ERP: Finance & Controlling,ERPFIN-870,SIT-2 Hire-to-Retire scenario 5 (FI-AP),task,Closed,done,u-kevin.almeida,Kevin Almeida,2,points,,2026-09-12,ERPFIN-519,ERPFIN-678,2026-08-13T18:01:57Z,2026-08-24T00:00:00Z,2026-08-24T16:57:22Z,fi-ap;wave1;sit
ERPFIN,Aurora ERP: Finance & Controlling,ERPFIN-871,Unit test Report: withholding tax (T4A/NR4),task,Done,done,u-samuel.martins,Samuel Martins,3,points,,2026-08-08,ERPFIN-135,ERPFIN-688,2026-08-13T22:13:34Z,2026-08-15T21:54:06Z,2026-08-15T10:27:20Z,fi-ap;wave1;wricef
ERPFIN,Aurora ERP: Finance & Controlling,ERPFIN-872,SIT-2 Hire-to-Retire scenario 6 (FI-GL),task,In Progress,in_progress,u-gustavo.martins,Gustavo Martins,1,points,,2026-09-01,ERPFIN-472,ERPFIN-581,2026-08-14T02:54:25Z,2026-08-20T20:58:51Z,,fi-gl;wave1;sit
ERPFIN,Aurora ERP: Finance & Controlling,ERPFIN-873,SIT-2 Plan-to-Produce scenario 5 (FI-AA),task,Blocked,in_progress,u-gustavo.nguyen,Gustavo Nguyen,5,points,2026-08-14,2026-09-01,ERPFIN-542,ERPFIN-567;ERPFIN-755,2026-08-14T04:59:41Z,2026-08-18T16:54:45Z,,fi-aa;wave1;sit
ERPFIN,Aurora ERP: Finance & Controlling,ERPFIN-874,Build Interface: top-down distribution,story,Closed,done,u-kevin.almeida,Kevin Almeida,2,points,,2026-08-17,ERPFIN-115,ERPFIN-771;ERPFIN-244,2026-08-14T08:54:28Z,2026-08-24T00:00:00Z,2026-08-24T10:02:43Z,co-pa;wave1;wricef
ERPFIN,Aurora ERP: Finance & Controlling,ERPFIN-875,Defect: usage decision does not release stock (CO-PC),bug,Backlog,todo,u-gustavo.martins,Gustavo Martins,8,points,2026-08-13,2026-08-28,ERPFIN-490,,2026-08-14T10:21:18Z,2026-08-14T10:21:18Z,,co-pc;wave1;sit;defect
ERPFIN,Aurora ERP: Finance & Controlling,ERPFIN-876,SIT-2 Hire-to-Retire scenario 5 (FI-GL),task,Closed,done,u-gustavo.martins,Gustavo Martins,5,points,2026-08-14,,ERPFIN-472,ERPFIN-643,2026-08-14T11:22:54Z,2026-08-24T00:00:00Z,2026-08-24T13:19:05Z,fi-gl;wave1;sit
ERPFIN,Aurora ERP: Finance & Controlling,ERPFIN-877,SIT-2 Acquire-to-Retire scenario 1 (CO-PA),task,In Review,in_progress,u-gustavo.martins,Gustavo Martins,5,points,2026-08-18,2026-09-02,ERPFIN-540,ERPFIN-617,2026-08-14T13:30:52Z,2026-08-24T00:00:00Z,,co-pa;wave1;sit
ERPFIN,Aurora ERP: Finance & Controlling,ERPFIN-878,SIT-2 Procure-to-Pay scenario 3 (FI-GL),task,Blocked,in_progress,u-gustavo.martins,Gustavo Martins,8,points,2026-08-21,2026-09-04,ERPFIN-472,ERPFIN-661;ERPFIN-732,2026-08-14T21:25:24Z,2026-08-15T20:51:21Z,,fi-gl;wave1;sit
ERPFIN,Aurora ERP: Finance & Controlling,ERPFIN-879,Defect: inbound ASN creates duplicate handling units (FI-AP),bug,In Review,in_progress,u-daniel.souza,Daniel Souza,,points,,,ERPFIN-519,,2026-08-15T10:28:16Z,2026-08-22T18:20:59Z,,fi-ap;wave1;sit;defect
ERPFIN,Aurora ERP: Finance & Controlling,ERPFIN-880,SIT-2 Acquire-to-Retire scenario 1 (FI-AA),task,In Review,in_progress,u-ana.chen,Ana Chen,,points,2026-08-21,2026-09-09,ERPFIN-542,ERPFIN-618,2026-08-15T20:54:49Z,2026-08-21T08:40:42Z,,fi-aa;wave1;sit
ERPFIN,Aurora ERP: Finance & Controlling,ERPFIN-881,SIT-2 Order-to-Cash scenario 4 (CO-PA),task,To Do,todo,,,8,points,,2026-09-10,ERPFIN-540,ERPFIN-724,2026-08-16T00:22:57Z,2026-08-16T00:22:57Z,,co-pa;wave1;sit
ERPFIN,Aurora ERP: Finance & Controlling,ERPFIN-882,SIT-2 Acquire-to-Retire scenario 2 (FI-AA),task,Ready,todo,u-gustavo.martins,Gustavo Martins,5,points,,2026-09-07,ERPFIN-542,ERPFIN-674,2026-08-16T02:45:42Z,2026-08-16T02:45:42Z,,fi-aa;wave1;sit
ERPFIN,Aurora ERP: Finance & Controlling,ERPFIN-883,Build Workflow: in-house cash for intercompany,story,To Do,todo,,,5,points,,2026-08-24,ERPFIN-111,ERPFIN-766;ERPFIN-145,2026-08-16T03:58:44Z,2026-08-16T03:58:44Z,,tr;wave1;wricef
ERPFIN,Aurora ERP: Finance & Controlling,ERPFIN-884,SIT-2 Record-to-Report scenario 4 (TR),task,Ready,todo,u-isabela.weber,Isabela Weber,3,points,,2026-09-20,ERPFIN-533,ERPFIN-657;ERPFIN-858,2026-08-16T05:10:34Z,2026-08-16T05:10:34Z,,tr;wave1;sit
ERPFIN,Aurora ERP: Finance & Controlling,ERPFIN-885,SIT-2 Order-to-Cash scenario 1 (FI-AR),task,To Do,todo,u-gustavo.martins,Gustavo Martins,2,points,,2026-09-06,ERPFIN-475,ERPFIN-557,2026-08-16T08:02:28Z,2026-08-16T08:02:28Z,,fi-ar;wave1;sit
ERPFIN,Aurora ERP: Finance & Controlling,ERPFIN-886,Unit test Enhancement: customer statements,task,Done,done,u-gustavo.martins,Gustavo Martins,2,points,2026-08-29,,ERPFIN-158,ERPFIN-830,2026-08-16T15:31:53Z,2026-08-20T03:06:45Z,2026-08-18T12:35:56Z,fi-ar;wave1;wricef
ERPFIN,Aurora ERP: Finance & Controlling,ERPFIN-887,Unit test Interface: top-down distribution,task,Closed,done,u-gustavo.martins,Gustavo Martins,2,points,2026-09-06,2026-08-17,ERPFIN-115,ERPFIN-874,2026-08-16T21:03:46Z,2026-08-23T11:53:01Z,2026-08-22T20:59:56Z,co-pa;wave1;wricef
ERPFIN,Aurora ERP: Finance & Controlling,ERPFIN-888,SIT-2 Record-to-Report scenario 2 (FI-AA),task,To Do,todo,u-gustavo.martins,Gustavo Martins,2,points,2026-08-31,2026-09-16,ERPFIN-542,ERPFIN-698,2026-08-17T00:08:56Z,2026-08-17T00:08:56Z,,fi-aa;wave1;sit
ERPFIN,Aurora ERP: Finance & Controlling,ERPFIN-889,SIT-2 Acquire-to-Retire scenario 4 (FI-AP),task,To Do,todo,,,5,points,2026-09-11,2026-10-01,ERPFIN-519,ERPFIN-654;ERPFIN-793,2026-08-17T07:14:54Z,2026-08-17T07:14:54Z,,fi-ap;wave1;sit
ERPFIN,Aurora ERP: Finance & Controlling,ERPFIN-890,SIT-2 Hire-to-Retire scenario 5 (CO-PC),task,To Do,todo,u-mariana.martins,Mariana Martins,3,points,,2026-09-16,ERPFIN-490,ERPFIN-641;ERPFIN-726,2026-08-17T10:44:12Z,2026-08-17T10:44:12Z,,co-pc;wave1;sit
ERPFIN,Aurora ERP: Finance & Controlling,ERPFIN-891,Unit test Workflow: down payment process,task,Closed,done,u-gustavo.martins,Gustavo Martins,3,points,,2026-08-08,ERPFIN-135,ERPFIN-823,2026-08-17T13:57:51Z,2026-08-20T07:34:14Z,2026-08-18T23:18:52Z,fi-ap;wave1;wricef
ERPFIN,Aurora ERP: Finance & Controlling,ERPFIN-892,SIT-2 Record-to-Report scenario 2 (TR),task,To Do,todo,,,3,points,,2026-09-23,ERPFIN-533,ERPFIN-634,2026-08-18T08:11:46Z,2026-08-18T08:11:46Z,,tr;wave1;sit
ERPFIN,Aurora ERP: Finance & Controlling,ERPFIN-893,SIT-2 Procure-to-Pay scenario 1 (FI-GL),task,In Progress,in_progress,u-gustavo.martins,Gustavo Martins,8,points,,,ERPFIN-472,ERPFIN-652,2026-08-19T07:56:45Z,2026-08-19T07:56:45Z,,fi-gl;wave1;sit
ERPFIN,Aurora ERP: Finance & Controlling,ERPFIN-894,SIT-2 Hire-to-Retire scenario 2 (FI-AP),task,Done,done,u-gustavo.martins,Gustavo Martins,2,points,,2026-09-15,ERPFIN-519,ERPFIN-631,2026-08-19T11:47:40Z,2026-08-24T00:00:00Z,2026-08-24T15:39:00Z,fi-ap;wave1;sit
ERPFIN,Aurora ERP: Finance & Controlling,ERPFIN-895,SIT-2 Procure-to-Pay scenario 3 (TR),task,To Do,todo,,,3,points,2026-08-28,2026-09-11,ERPFIN-533,ERPFIN-687;ERPFIN-832,2026-08-19T13:45:10Z,2026-08-19T13:45:10Z,,tr;wave1;sit
ERPFIN,Aurora ERP: Finance & Controlling,ERPFIN-896,Unit test Enhancement: bank account management,task,Backlog,todo,,,2,points,2026-08-26,2026-08-24,ERPFIN-111,ERPFIN-740,2026-08-19T16:44:34Z,2026-08-19T16:44:34Z,,tr;wave1;wricef
ERPFIN,Aurora ERP: Finance & Controlling,ERPFIN-897,SIT-2 Procure-to-Pay scenario 2 (FI-GL),task,In Progress,in_progress,u-nikhil.almeida,Nikhil Almeida,3,points,,,ERPFIN-472,ERPFIN-594;ERPFIN-784,2026-08-20T08:04:23Z,2026-08-20T08:04:23Z,,fi-gl;wave1;sit
ERPFIN,Aurora ERP: Finance & Controlling,ERPFIN-898,SIT-2 Plan-to-Produce scenario 2 (FI-AP),task,Backlog,todo,,,3,points,,2026-09-19,ERPFIN-519,ERPFIN-604,2026-08-20T15:04:53Z,2026-08-20T15:04:53Z,,fi-ap;wave1;sit
ERPFIN,Aurora ERP: Finance & Controlling,ERPFIN-899,SIT-2 Acquire-to-Retire scenario 1 (FI-AR),task,To Do,todo,u-gustavo.martins,Gustavo Martins,3,points,2026-08-29,2026-09-17,ERPFIN-475,ERPFIN-627,2026-08-21T02:01:42Z,2026-08-21T02:01:42Z,,fi-ar;wave1;sit
ERPFIN,Aurora ERP: Finance & Controlling,ERPFIN-900,Authorization role for three-way match blocking for plant 1100 Guelph,task,Done,done,u-nadia.gagnon,Nadia Gagnon,2,points,,,ERPFIN-103,ERPFIN-610,2026-08-21T09:11:25Z,2026-08-22T23:01:14Z,2026-08-22T17:11:07Z,fi-ap;wave1;realize;security
ERPFIN,Aurora ERP: Finance & Controlling,ERPFIN-901,SIT-2 Procure-to-Pay scenario 5 (FI-GL),task,In Review,in_progress,u-gustavo.martins,Gustavo Martins,5,points,,,ERPFIN-472,ERPFIN-691;ERPFIN-795,2026-08-21T11:31:48Z,2026-08-21T11:31:48Z,,fi-gl;wave1;sit
ERPFIN,Aurora ERP: Finance & Controlling,ERPFIN-902,SIT-2 Record-to-Report scenario 1 (TR),task,To Do,todo,,,2,points,2026-09-02,,ERPFIN-533,ERPFIN-762,2026-08-21T14:08:40Z,2026-08-21T14:08:40Z,,tr;wave1;sit
ERPFIN,Aurora ERP: Finance & Controlling,ERPFIN-903,SIT-2 Procure-to-Pay scenario 4 (TR),task,To Do,todo,,,8,points,,,ERPFIN-533,ERPFIN-573;ERPFIN-827,2026-08-22T12:38:43Z,2026-08-22T12:38:43Z,,tr;wave1;sit
ERPFIN,Aurora ERP: Finance & Controlling,ERPFIN-904,SIT-2 Plan-to-Produce scenario 1 (FI-AP),task,To Do,todo,u-gustavo.martins,Gustavo Martins,2,points,,,,ERPFIN-681;ERPFIN-822,2026-08-22T23:56:00Z,2026-08-22T23:56:00Z,,fi-ap;wave1;sit
ERPFIN,Aurora ERP: Finance & Controlling,ERPFIN-905,SIT-2 Acquire-to-Retire scenario 4 (FI-AA),task,Done,done,u-ana.chen,Ana Chen,2,points,,,ERPFIN-542,ERPFIN-578,2026-08-23T11:19:46Z,2026-08-24T00:00:00Z,2026-08-24T14:29:04Z,fi-aa;wave1;sit
ERPFIN,Aurora ERP: Finance & Controlling,ERPFIN-906,SIT-2 Hire-to-Retire scenario 1 (FI-AP),task,In Progress,in_progress,u-isabela.iyer,Isabela Iyer,1,points,2026-08-23,2026-09-13,ERPFIN-519,ERPFIN-588,2026-08-24T01:51:32Z,2026-08-24T00:00:00Z,,fi-ap;wave1;sit
ERPFIN,Aurora ERP: Finance & Controlling,ERPFIN-907,SIT-2 Acquire-to-Retire scenario 5 (FI-AR),task,To Do,todo,u-isabela.iyer,Isabela Iyer,3,points,,2026-09-16,ERPFIN-475,ERPFIN-710;ERPFIN-803,2026-08-24T02:23:26Z,2026-08-24T00:00:00Z,,fi-ar;wave1;sit
ERPFIN,Aurora ERP: Finance & Controlling,ERPFIN-908,SIT-2 Plan-to-Produce scenario 3 (FI-AP),task,Ready,todo,,,8,points,2026-09-03,2026-09-19,ERPFIN-519,ERPFIN-639,2026-08-24T08:37:40Z,2026-08-24T00:00:00Z,,fi-ap;wave1;sit
ERPFIN,Aurora ERP: Finance & Controlling,ERPFIN-909,SIT-2 Hire-to-Retire scenario 3 (CO-PC),task,Backlog,todo,u-gustavo.martins,Gustavo Martins,3,points,,2026-09-17,ERPFIN-490,ERPFIN-660;ERPFIN-875,2026-08-24T09:52:46Z,2026-08-24T00:00:00Z,,co-pc;wave1;sit
ERPFIN,Aurora ERP: Finance & Controlling,ERPFIN-910,SIT-2 Plan-to-Produce scenario 5 (FI-GL),task,To Do,todo,u-gustavo.nguyen,Gustavo Nguyen,5,points,,2026-09-14,ERPFIN-472,ERPFIN-619;ERPFIN-800,2026-08-24T09:57:19Z,2026-08-24T00:00:00Z,,fi-gl;wave1;sit
ERPFIN,Aurora ERP: Finance & Controlling,ERPFIN-911,SIT-2 Acquire-to-Retire scenario 2 (FI-AP),task,Ready,todo,u-gustavo.nguyen,Gustavo Nguyen,8,points,,2026-10-01,ERPFIN-519,ERPFIN-720,2026-08-24T10:47:26Z,2026-08-24T00:00:00Z,,fi-ap;wave1;sit
ERPFIN,Aurora ERP: Finance & Controlling,ERPFIN-912,SIT-2 Hire-to-Retire scenario 2 (CO-PC),task,To Do,todo,u-gustavo.martins,Gustavo Martins,5,points,,2026-09-14,ERPFIN-490,ERPFIN-702;ERPFIN-808,2026-08-24T11:03:08Z,2026-08-24T00:00:00Z,,co-pc;wave1;sit
ERPFIN,Aurora ERP: Finance & Controlling,ERPFIN-913,Unit test Conversion: company code 1000 (Vetra Canada),task,To Do,todo,,,1,points,,2026-08-27,ERPFIN-126,ERPFIN-791,2026-08-24T11:42:43Z,2026-08-24T00:00:00Z,,fi-gl;wave1;wricef
ERPFIN,Aurora ERP: Finance & Controlling,ERPFIN-914,SIT-2 Order-to-Cash scenario 3 (CO-PA),task,To Do,todo,u-samuel.martins,Samuel Martins,3,points,,2026-09-12,ERPFIN-540,ERPFIN-713,2026-08-24T11:50:07Z,2026-08-24T00:00:00Z,,co-pa;wave1;sit
ERPFIN,Aurora ERP: Finance & Controlling,ERPFIN-915,SIT-2 Acquire-to-Retire scenario 2 (FI-AR),task,To Do,todo,,,13,points,,2026-09-14,ERPFIN-475,ERPFIN-751;ERPFIN-834,2026-08-24T12:43:47Z,2026-08-24T00:00:00Z,,fi-ar;wave1;sit
ERPFIN,Aurora ERP: Finance & Controlling,ERPFIN-916,SIT-2 Plan-to-Produce scenario 4 (FI-AP),task,To Do,todo,,,2,points,,2026-09-25,ERPFIN-519,ERPFIN-598,2026-08-24T12:43:57Z,2026-08-24T00:00:00Z,,fi-ap;wave1;sit
ERPFIN,Aurora ERP: Finance & Controlling,ERPFIN-917,SIT-2 Record-to-Report scenario 5 (TR),task,Backlog,todo,u-gustavo.martins,Gustavo Martins,5,points,,2026-09-22,ERPFIN-533,ERPFIN-608;ERPFIN-34,2026-08-24T13:14:44Z,2026-08-24T00:00:00Z,,tr;wave1;sit
ERPFIN,Aurora ERP: Finance & Controlling,ERPFIN-918,SIT-2 Hire-to-Retire scenario 4 (CO-PC),task,Backlog,todo,,,8,points,,,ERPFIN-490,ERPFIN-728;ERPFIN-846,2026-08-24T13:43:13Z,2026-08-24T00:00:00Z,,co-pc;wave1;sit
ERPFIN,Aurora ERP: Finance & Controlling,ERPFIN-919,SIT-2 Hire-to-Retire scenario 1 (CO-PC),task,Backlog,todo,,,13,points,,2026-09-17,ERPFIN-490,ERPFIN-731;ERPFIN-750,2026-08-24T14:03:19Z,2026-08-24T00:00:00Z,,co-pc;wave1;sit
ERPFIN,Aurora ERP: Finance & Controlling,ERPFIN-920,Authorization role for variance analysis for production orders for plant 1100 Guelph,task,Done,done,u-ana.chen,Ana Chen,5,points,,,ERPFIN-131,ERPFIN-658,2026-08-24T14:07:11Z,2026-08-24T00:00:00Z,2026-08-24T14:08:41Z,co-pc;wave1;realize;security
ERPFIN,Aurora ERP: Finance & Controlling,ERPFIN-921,SIT-2 Acquire-to-Retire scenario 1 (FI-AP),task,To Do,todo,,,2,points,2026-09-10,,ERPFIN-519,ERPFIN-683;ERPFIN-867,2026-08-24T15:27:48Z,2026-08-24T00:00:00Z,,fi-ap;wave1;sit
ERPFIN,Aurora ERP: Finance & Controlling,ERPFIN-922,SIT-2 Record-to-Report scenario 3 (TR),task,Ready,todo,,,3,points,,2026-09-21,ERPFIN-533,ERPFIN-723;ERPFIN-772,2026-08-24T15:35:12Z,2026-08-24T00:00:00Z,,tr;wave1;sit
ERPFIN,Aurora ERP: Finance & Controlling,ERPFIN-923,SIT-2 Record-to-Report scenario 7 (TR),task,To Do,todo,u-daniel.souza,Daniel Souza,3,points,,,ERPFIN-533,ERPFIN-673,2026-08-24T16:21:54Z,2026-08-24T00:00:00Z,,tr;wave1;sit
ERPFIN,Aurora ERP: Finance & Controlling,ERPFIN-924,SIT-2 Acquire-to-Retire scenario 3 (FI-AP),task,Backlog,todo,u-kevin.almeida,Kevin Almeida,13,points,,2026-09-27,ERPFIN-519,ERPFIN-715;ERPFIN-879,2026-08-24T17:08:10Z,2026-08-24T00:00:00Z,,fi-ap;wave1;sit
ERPFIN,Aurora ERP: Finance & Controlling,ERPFIN-925,Unit test Report: variance analysis for production orders for plant 1100 Guelph,task,Done,done,u-gustavo.martins,Gustavo Martins,2,points,,2026-08-13,ERPFIN-134,ERPFIN-859,2026-08-24T18:35:42Z,2026-08-24T00:00:00Z,2026-08-24T09:22:54Z,co-pc;wave1;wricef
ERPFIN,Aurora ERP: Finance & Controlling,ERPFIN-926,Unit test: period-end closing cockpit for plant 1100 Guelph,task,Closed,done,u-gustavo.martins,Gustavo Martins,8,points,2026-08-26,2026-08-14,ERPFIN-110,ERPFIN-734,2026-08-24T20:03:39Z,2026-08-24T00:00:00Z,2026-08-24T16:29:12Z,fi-gl;wave1;realize
ERPFIN,Aurora ERP: Finance & Controlling,ERPFIN-927,SIT-2 Acquire-to-Retire scenario 4 (FI-AR),task,Ready,todo,,,8,points,2026-08-28,2026-09-18,ERPFIN-475,ERPFIN-628;ERPFIN-833,2026-08-24T20:06:20Z,2026-08-24T00:00:00Z,,fi-ar;wave1;sit
ERPFIN,Aurora ERP: Finance & Controlling,ERPFIN-928,SIT-2 Hire-to-Retire scenario 6 (FI-AP),task,To Do,todo,,,2,points,2026-08-25,2026-09-15,ERPFIN-519,ERPFIN-603,2026-08-24T20:19:56Z,2026-08-24T00:00:00Z,,fi-ap;wave1;sit
ERPFIN,Aurora ERP: Finance & Controlling,ERPFIN-929,Unit test Workflow: in-house cash for intercompany,task,To Do,todo,u-nadia.gagnon,Nadia Gagnon,13,points,,,ERPFIN-111,ERPFIN-883,2026-08-24T20:50:24Z,2026-08-24T00:00:00Z,,tr;wave1;wricef
ERPFIN,Aurora ERP: Finance & Controlling,ERPFIN-930,SIT-2 Record-to-Report scenario 4 (FI-AA),task,To Do,todo,u-samuel.martins,Samuel Martins,5,points,,2026-09-15,ERPFIN-542,ERPFIN-711,2026-08-24T21:21:07Z,2026-08-24T00:00:00Z,,fi-aa;wave1;sit
ERPFIN,Aurora ERP: Finance & Controlling,ERPFIN-931,FIN: UAT and key user sign-off,epic,Ready,todo,u-nikhil.almeida,Nikhil Almeida,,points,2026-09-26,2026-10-26,,,2026-08-30T14:50:21Z,2026-08-16T00:00:00Z,,uat;wave1
ERPFIN,Aurora ERP: Finance & Controlling,ERPFIN-932,UAT script Acquire-to-Retire 1,task,To Do,todo,u-gustavo.martins,Gustavo Martins,8,points,,2026-10-08,ERPFIN-931,ERPFIN-568,2026-08-30T23:11:35Z,2026-08-24T00:00:00Z,,uat;wave1
ERPFIN,Aurora ERP: Finance & Controlling,ERPFIN-933,UAT script Order-to-Cash 1,task,Ready,todo,,,5,points,,2026-10-09,ERPFIN-931,ERPFIN-593,2026-08-31T00:07:51Z,2026-08-24T00:00:00Z,,uat;wave1
ERPFIN,Aurora ERP: Finance & Controlling,ERPFIN-934,UAT script Record-to-Report 1,task,Ready,todo,,,5,points,,,ERPFIN-931,ERPFIN-634,2026-08-31T00:56:18Z,2026-08-24T00:00:00Z,,uat;wave1
ERPFIN,Aurora ERP: Finance & Controlling,ERPFIN-935,UAT script Order-to-Cash 2,task,Backlog,todo,,,5,points,,2026-10-15,ERPFIN-931,ERPFIN-550,2026-08-31T01:29:24Z,2026-08-24T00:00:00Z,,uat;wave1
ERPFIN,Aurora ERP: Finance & Controlling,ERPFIN-936,UAT script Acquire-to-Retire 2,task,To Do,todo,u-gustavo.martins,Gustavo Martins,1,points,2026-10-10,2026-10-16,ERPFIN-931,ERPFIN-625,2026-08-31T01:49:14Z,2026-08-24T00:00:00Z,,uat;wave1
ERPFIN,Aurora ERP: Finance & Controlling,ERPFIN-937,UAT script Plan-to-Produce 2,task,Ready,todo,u-kevin.almeida,Kevin Almeida,1,points,2026-10-08,,ERPFIN-931,ERPFIN-642;ERPFIN-645,2026-08-31T02:53:26Z,2026-08-24T00:00:00Z,,uat;wave1
ERPFIN,Aurora ERP: Finance & Controlling,ERPFIN-938,UAT script Procure-to-Pay 2,task,To Do,todo,u-nikhil.almeida,Nikhil Almeida,3,points,2026-10-09,2026-10-14,ERPFIN-931,ERPFIN-568,2026-08-31T04:10:56Z,2026-08-24T00:00:00Z,,uat;wave1
ERPFIN,Aurora ERP: Finance & Controlling,ERPFIN-939,UAT script Hire-to-Retire 1,task,Ready,todo,,,2,points,2026-10-03,2026-10-09,ERPFIN-931,ERPFIN-550;ERPFIN-571,2026-08-31T04:28:04Z,2026-08-24T00:00:00Z,,uat;wave1
ERPFIN,Aurora ERP: Finance & Controlling,ERPFIN-940,UAT script Procure-to-Pay 1,task,Ready,todo,,,2,points,,,ERPFIN-931,ERPFIN-673;ERPFIN-648,2026-08-31T07:03:21Z,2026-08-24T00:00:00Z,,uat;wave1
ERPFIN,Aurora ERP: Finance & Controlling,ERPFIN-941,UAT script Plan-to-Produce 1,task,Ready,todo,u-gustavo.martins,Gustavo Martins,1,points,2026-10-02,,ERPFIN-931,ERPFIN-625;ERPFIN-288,2026-08-31T08:21:50Z,2026-08-24T00:00:00Z,,uat;wave1
ERPFIN,Aurora ERP: Finance & Controlling,ERPFIN-942,UAT script Record-to-Report 2,task,Backlog,todo,u-joao.kim,João Kim,5,points,,,ERPFIN-931,ERPFIN-668;ERPFIN-645,2026-08-31T11:00:05Z,2026-08-24T00:00:00Z,,uat;wave1
ERPFIN,Aurora ERP: Finance & Controlling,ERPFIN-943,Key user sign-off and exit criteria review,task,Backlog,todo,,,5,points,2026-10-22,2026-10-26,ERPFIN-931,,2026-08-31T11:28:12Z,2026-08-24T00:00:00Z,,uat;wave1
ERPFIN,Aurora ERP: Finance & Controlling,ERPFIN-944,UAT script Hire-to-Retire 2,task,Ready,todo,,,13,points,,2026-10-15,ERPFIN-931,ERPFIN-622;ERPFIN-82,2026-08-31T11:37:29Z,2026-08-24T00:00:00Z,,uat;wave1
ERPFIN,Aurora ERP: Finance & Controlling,ERPFIN-945,FIN: cutover readiness and hypercare,epic,Ready,todo,u-mariana.martins,Mariana Martins,,points,2026-11-09,2026-12-24,,,2026-09-20T19:29:17Z,2026-08-19T00:00:00Z,,hypercare;wave1
ERPFIN,Aurora ERP: Finance & Controlling,ERPFIN-946,classroom sessions plants (FIN),task,To Do,todo,,,3,points,2026-11-29,2026-12-09,ERPFIN-945,,2026-09-21T03:12:01Z,2026-08-24T00:00:00Z,,training;wave1
ERPFIN,Aurora ERP: Finance & Controlling,ERPFIN-947,train-the-trainer sessions (FIN),task,Ready,todo,,,,points,,2026-11-29,ERPFIN-945,,2026-09-21T06:26:52Z,2026-08-24T00:00:00Z,,training;wave1
ERPFIN,Aurora ERP: Finance & Controlling,ERPFIN-948,Hypercare ticket triage process (FIN),task,Backlog,todo,,,13,points,,2026-12-09,ERPFIN-945,,2026-09-21T06:56:42Z,2026-08-24T00:00:00Z,,hypercare;wave1
ERPFIN,Aurora ERP: Finance & Controlling,ERPFIN-949,end-user training materials (FIN),task,To Do,todo,u-nikhil.almeida,Nikhil Almeida,2,points,2026-11-11,2026-11-18,ERPFIN-945,,2026-09-21T11:15:36Z,2026-08-24T00:00:00Z,,training;wave1
ERPFIN,Aurora ERP: Finance & Controlling,ERPFIN-950,Hypercare known issues list (FIN),task,Ready,todo,,,3,points,,2026-12-01,ERPFIN-945,,2026-09-21T13:19:33Z,2026-08-24T00:00:00Z,,hypercare;wave1
ERPFIN,Aurora ERP: Finance & Controlling,ERPFIN-951,Hypercare hypercare rota (FIN),task,Backlog,todo,,,3,points,2026-11-14,2026-11-23,ERPFIN-945,,2026-09-21T13:34:18Z,2026-08-24T00:00:00Z,,hypercare;wave1
ERPFIN,Aurora ERP: Finance & Controlling,ERPFIN-952,Hypercare runbook (FIN),task,To Do,todo,,,3,points,2026-11-09,,ERPFIN-945,,2026-09-21T14:20:12Z,2026-08-24T00:00:00Z,,hypercare;wave1
ERPFIN,Aurora ERP: Finance & Controlling,ERPFIN-953,Hypercare exit criteria (FIN),task,Backlog,todo,,,,points,,2026-12-22,ERPFIN-945,,2026-09-21T15:00:59Z,2026-08-24T00:00:00Z,,hypercare;wave1
ERPFIN,Aurora ERP: Finance & Controlling,ERPFIN-954,Hypercare week 1 daily stand-up (FIN),task,In Review,in_progress,u-gustavo.nguyen,Gustavo Nguyen,5,points,,,ERPFIN-945,,2026-09-21T16:57:03Z,2026-08-24T00:00:00Z,,hypercare;wave1
ERPFIN,Aurora ERP: Finance & Controlling,ERPFIN-955,Wave 2: Mexico plant rollout,epic,To Do,todo,u-ana.chen,Ana Chen,,points,2027-03-03,,,,2027-01-29T18:33:37Z,2027-01-29T18:33:37Z,,wave2
ERPSCM,Aurora ERP: Supply Chain & Sales,ERPSCM-1,MM-PUR: fit-gap and process design,epic,Closed,done,u-wendy.reddy,Wendy Reddy,,points,2025-12-04,2026-03-05,,,2025-10-18T18:46:45Z,2026-03-07T00:00:00Z,2026-03-07T00:00:00Z,mm-pur;wave1;explore
ERPSCM,Aurora ERP: Supply Chain & Sales,ERPSCM-2,MRP: fit-gap and process design,epic,Done,done,u-bruno.costa,Bruno Costa,,points,2025-12-06,,,,2025-10-22T08:32:36Z,2026-02-23T00:00:00Z,2026-02-23T00:00:00Z,mrp;wave1;explore
ERPSCM,Aurora ERP: Supply Chain & Sales,ERPSCM-3,MM-IM: fit-gap and process design,epic,Closed,done,u-daniel.weber,Daniel Weber,,points,2025-12-02,,,,2025-10-29T14:11:18Z,2026-03-11T00:00:00Z,2026-03-11T00:00:00Z,mm-im;wave1;explore
ERPSCM,Aurora ERP: Supply Chain & Sales,ERPSCM-4,SD: fit-gap and process design,epic,Done,done,,,,points,2025-12-03,2026-02-22,,,2025-10-31T15:28:42Z,2026-02-24T00:00:00Z,2026-02-24T00:00:00Z,sd;wave1;explore
ERPSCM,Aurora ERP: Supply Chain & Sales,ERPSCM-5,Process design document: storage locations for Guelph plant,story,Closed,done,u-aarav.taylor,Aarav Taylor,,points,,2025-12-28,,ERPSCM-8,2025-11-07T14:27:18Z,2025-12-31T08:08:46Z,2025-12-29T15:46:19Z,mm-im;wave1;explore
ERPSCM,Aurora ERP: Supply Chain & Sales,ERPSCM-6,EWM: fit-gap and process design,epic,Closed,done,u-samuel.rocha,Samuel Rocha,,points,2025-11-26,,,,2025-11-08T17:37:25Z,2026-03-12T00:00:00Z,2026-03-12T00:00:00Z,ewm;wave1;explore
ERPSCM,Aurora ERP: Supply Chain & Sales,ERPSCM-7,Fit-gap workshop: warehouse structure Mississauga DC,task,Done,done,u-hannah.pereira,Hannah Pereira,8,points,,,ERPSCM-6,,2025-11-09T13:20:20Z,2025-12-10T13:49:34Z,2025-12-09T08:48:13Z,ewm;wave1;explore
ERPSCM,Aurora ERP: Supply Chain & Sales,ERPSCM-8,Fit-gap workshop: storage locations for Guelph plant,task,Ready,todo,,,,points,,2025-12-16,,,2025-11-09T16:30:04Z,2026-08-07T09:09:48Z,,mm-im;wave1;explore
ERPSCM,Aurora ERP: Supply Chain & Sales,ERPSCM-9,Fit-gap workshop: MRP areas per storage location,task,Done,done,u-nikhil.iyer,Nikhil Iyer,8,points,,2025-12-23,,,2025-11-10T21:10:38Z,2025-12-26T11:36:04Z,2025-12-26T05:29:26Z,mrp;wave1;explore
ERPSCM,Aurora ERP: Supply Chain & Sales,ERPSCM-10,Fit-gap workshop: purchasing org 1000 and groups,task,Closed,done,u-aarav.taylor,Aarav Taylor,1,points,2025-12-04,,ERPSCM-1,,2025-11-12T10:55:04Z,2025-12-27T07:33:49Z,2025-12-26T03:30:20Z,mm-pur;wave1;explore
ERPSCM,Aurora ERP: Supply Chain & Sales,ERPSCM-11,Fit-gap workshop: sales org and distribution channels,task,Closed,done,u-nikhil.iyer,Nikhil Iyer,13,points,,,ERPSCM-4,,2025-11-13T09:07:35Z,2025-12-15T15:35:22Z,2025-12-14T05:18:51Z,sd;wave1;explore
ERPSCM,Aurora ERP: Supply Chain & Sales,ERPSCM-12,Process design document: MRP types and lot sizing,story,Done,done,u-gustavo.patel,Gustavo Patel,3,points,,,ERPSCM-2,ERPSCM-37,2025-11-13T21:48:32Z,2025-12-30T16:26:18Z,2025-12-28T23:38:38Z,mrp;wave1;explore
ERPSCM,Aurora ERP: Supply Chain & Sales,ERPSCM-13,Fit-gap workshop: contracts and scheduling agreements,task,Done,done,u-bruno.costa,Bruno Costa,2,points,,2026-01-01,ERPSCM-1,,2025-11-15T21:21:17Z,2025-12-29T20:22:56Z,2025-12-28T19:37:41Z,mm-pur;wave1;explore
ERPSCM,Aurora ERP: Supply Chain & Sales,ERPSCM-14,Fit-gap workshop: release strategy for POs above 50k CAD,task,Backlog,todo,,,2,points,2025-12-05,,,,2025-11-15T21:25:17Z,2026-08-21T14:20:48Z,,mm-pur;wave1;explore
ERPSCM,Aurora ERP: Supply Chain & Sales,ERPSCM-15,Fit-gap workshop: physical inventory cycle counting,task,To Do,todo,u-marcus.gagnon,Marcus Gagnon,,points,2025-12-13,,ERPSCM-3,,2025-11-17T23:09:18Z,2026-02-01T08:49:06Z,,mm-im;wave1;explore
ERPSCM,Aurora ERP: Supply Chain & Sales,ERPSCM-16,Process design document: warehouse structure Mississauga DC,story,Done,done,u-nikhil.almeida,Nikhil Almeida,8,points,,,ERPSCM-6,ERPSCM-7,2025-11-18T13:45:48Z,2025-12-23T03:12:18Z,2025-12-22T00:35:42Z,ewm;wave1;explore
ERPSCM,Aurora ERP: Supply Chain & Sales,ERPSCM-17,Process design document: source list and quota arrangement,story,Ready,todo,u-nikhil.iyer,Nikhil Iyer,1,points,,,ERPSCM-1,ERPSCM-40,2025-11-19T15:56:52Z,2026-01-03T21:01:47Z,,mm-pur;wave1;explore
ERPSCM,Aurora ERP: Supply Chain & Sales,ERPSCM-18,Fit-gap workshop: safety stock and reorder points,task,Done,done,u-samuel.rocha,Samuel Rocha,5,points,2025-12-16,2026-01-03,ERPSCM-2,,2025-11-19T18:29:37Z,2026-01-06T20:42:56Z,2026-01-06T04:23:00Z,mrp;wave1;explore
ERPSCM,Aurora ERP: Supply Chain & Sales,ERPSCM-19,Process design document: MRP areas per storage location,story,Closed,done,u-daniel.weber,Daniel Weber,3,points,2025-12-16,2026-01-04,ERPSCM-2,ERPSCM-9,2025-11-21T09:42:40Z,2026-01-06T02:19:32Z,2026-01-05T11:33:22Z,mrp;wave1;explore
ERPSCM,Aurora ERP: Supply Chain & Sales,ERPSCM-20,Fit-gap workshop: pick/pack/ship strategies,task,Done,done,u-marcus.souza,Marcus Souza,2,points,,2025-12-28,ERPSCM-6,,2025-11-22T06:07:22Z,2026-01-06T17:31:36Z,2026-01-05T11:58:28Z,ewm;wave1;explore
ERPSCM,Aurora ERP: Supply Chain & Sales,ERPSCM-21,Fit-gap workshop: handling unit management,task,Blocked,in_progress,,,8,points,,2025-12-19,ERPSCM-6,,2025-11-22T07:52:20Z,2026-08-13T14:08:34Z,,ewm;wave1;explore
ERPSCM,Aurora ERP: Supply Chain & Sales,ERPSCM-22,Fit-gap workshop: pricing procedure ZVAA01,task,Closed,done,u-henrique.weber,Henrique Weber,3,points,2025-12-03,,,,2025-11-24T15:54:21Z,2025-12-17T20:17:25Z,2025-12-16T22:11:23Z,sd;wave1;explore
ERPSCM,Aurora ERP: Supply Chain & Sales,ERPSCM-23,Process design document: pricing procedure ZVAA01,story,Blocked,in_progress,u-nikhil.iyer,Nikhil Iyer,,points,,,ERPSCM-4,ERPSCM-22,2025-11-26T03:26:00Z,2026-08-13T13:21:16Z,,sd;wave1;explore
ERPSCM,Aurora ERP: Supply Chain & Sales,ERPSCM-24,Fit-gap workshop: putaway rules for hazardous goods,task,Closed,done,u-joao.costa,João Costa,3,points,,2026-01-07,ERPSCM-6,,2025-11-27T03:22:22Z,2026-01-08T10:44:11Z,2026-01-07T23:04:41Z,ewm;wave1;explore
ERPSCM,Aurora ERP: Supply Chain & Sales,ERPSCM-25,Fit-gap workshop: STO between plants 1100 and 1200,task,To Do,todo,,,5,points,,2026-01-15,ERPSCM-3,,2025-11-27T07:21:36Z,2026-03-10T13:02:33Z,,mm-im;wave1;explore
ERPSCM,Aurora ERP: Supply Chain & Sales,ERPSCM-26,Fit-gap workshop: movement types and reasons,task,Closed,done,u-henrique.weber,Henrique Weber,,points,,,ERPSCM-3,,2025-11-27T15:35:26Z,2025-12-26T21:07:55Z,2025-12-26T01:55:40Z,mm-im;wave1;explore
ERPSCM,Aurora ERP: Supply Chain & Sales,ERPSCM-27,Fit-gap workshop: ATP check with backorder processing,task,Blocked,in_progress,,,,points,2025-12-11,,ERPSCM-4,,2025-11-29T01:24:31Z,2026-08-24T00:00:00Z,,sd;wave1;explore
ERPSCM,Aurora ERP: Supply Chain & Sales,ERPSCM-28,Fit-gap workshop: output determination for delivery notes,task,Done,done,u-nikhil.almeida,Nikhil Almeida,1,points,2025-12-15,,ERPSCM-4,,2025-11-29T18:33:24Z,2026-01-06T07:22:43Z,2026-01-05T09:41:20Z,sd;wave1;explore
ERPSCM,Aurora ERP: Supply Chain & Sales,ERPSCM-29,Process design document: sales org and distribution channels,story,To Do,todo,u-bruno.costa,Bruno Costa,2,points,2025-12-05,2025-12-21,ERPSCM-4,ERPSCM-11,2025-12-02T11:29:59Z,2026-08-13T08:13:58Z,,sd;wave1;explore
ERPSCM,Aurora ERP: Supply Chain & Sales,ERPSCM-30,Process design document: planning calendar,story,Done,done,u-nikhil.iyer,Nikhil Iyer,5,points,,,ERPSCM-2,ERPSCM-34,2025-12-03T18:48:19Z,2026-01-23T05:01:11Z,2026-01-23T03:44:07Z,mrp;wave1;explore
ERPSCM,Aurora ERP: Supply Chain & Sales,ERPSCM-31,Fit-gap workshop: batch management and shelf life,task,Done,done,u-aarav.taylor,Aarav Taylor,3,points,,,ERPSCM-3,,2025-12-04T00:32:14Z,2026-01-10T10:10:37Z,2026-01-09T23:35:26Z,mm-im;wave1;explore
ERPSCM,Aurora ERP: Supply Chain & Sales,ERPSCM-32,Fit-gap workshop: intercompany sales US to Canada,task,Closed,done,u-wendy.reddy,Wendy Reddy,8,points,,2026-01-13,ERPSCM-4,,2025-12-04T14:25:37Z,2026-01-14T20:52:54Z,2026-01-13T02:29:31Z,sd;wave1;explore
ERPSCM,Aurora ERP: Supply Chain & Sales,ERPSCM-33,Process design document: purchasing org 1000 and groups,story,Closed,done,u-marcus.gagnon,Marcus Gagnon,5,points,2025-12-09,,,ERPSCM-10,2025-12-04T17:20:59Z,2025-12-24T13:08:01Z,2025-12-23T06:18:50Z,mm-pur;wave1;explore
ERPSCM,Aurora ERP: Supply Chain & Sales,ERPSCM-34,Fit-gap workshop: planning calendar,task,Blocked,in_progress,u-gustavo.patel,Gustavo Patel,2,points,,,ERPSCM-2,,2025-12-04T18:06:48Z,2026-08-12T11:18:49Z,,mrp;wave1;explore
ERPSCM,Aurora ERP: Supply Chain & Sales,ERPSCM-35,Fit-gap workshop: condition types for customer rebates,task,Done,done,,,8,points,2025-12-08,,,,2025-12-05T00:24:07Z,2025-12-29T01:31:05Z,2025-12-28T04:53:28Z,sd;wave1;explore
ERPSCM,Aurora ERP: Supply Chain & Sales,ERPSCM-36,Process design document: handling unit management,story,Done,done,u-nikhil.almeida,Nikhil Almeida,1,points,,,ERPSCM-6,ERPSCM-21,2025-12-06T07:45:09Z,2026-01-02T09:56:10Z,2025-12-31T13:16:36Z,ewm;wave1;explore
ERPSCM,Aurora ERP: Supply Chain & Sales,ERPSCM-37,Fit-gap workshop: MRP types and lot sizing,task,Done,done,u-samuel.rocha,Samuel Rocha,8,points,,,ERPSCM-2,,2025-12-06T19:31:16Z,2025-12-24T12:36:48Z,2025-12-24T06:44:12Z,mrp;wave1;explore
ERPSCM,Aurora ERP: Supply Chain & Sales,ERPSCM-38,Fit-gap workshop: export documents for US border (Livingston),task,In Review,in_progress,u-marcus.gagnon,Marcus Gagnon,1,points,,,ERPSCM-4,,2025-12-07T07:01:04Z,2026-08-12T19:26:31Z,,sd;wave1;explore
ERPSCM,Aurora ERP: Supply Chain & Sales,ERPSCM-39,Process design document: putaway rules for hazardous goods,story,Done,done,u-samuel.rocha,Samuel Rocha,3,points,,,ERPSCM-6,ERPSCM-24;ERPSCM-485,2025-12-07T17:40:29Z,2026-01-18T20:34:11Z,2026-01-16T20:45:48Z,ewm;wave1;explore
ERPSCM,Aurora ERP: Supply Chain & Sales,ERPSCM-40,Fit-gap workshop: source list and quota arrangement,task,Backlog,todo,,,3,points,,,ERPSCM-1,,2025-12-08T12:23:53Z,2026-05-31T20:06:14Z,,mm-pur;wave1;explore
ERPSCM,Aurora ERP: Supply Chain & Sales,ERPSCM-41,Fit-gap workshop: wave management,task,Done,done,u-ivan.almeida,Ivan Almeida,5,points,2025-12-30,,,,2025-12-10T20:20:43Z,2026-02-05T03:41:22Z,2026-02-04T13:54:39Z,ewm;wave1;explore
ERPSCM,Aurora ERP: Supply Chain & Sales,ERPSCM-42,Fit-gap workshop: MRP Live cockpit,task,Closed,done,u-aarav.taylor,Aarav Taylor,5,points,,,ERPSCM-2,,2025-12-11T05:31:45Z,2026-01-20T04:31:54Z,2026-01-18T21:43:52Z,mrp;wave1;explore
ERPSCM,Aurora ERP: Supply Chain & Sales,ERPSCM-43,Process design document: movement types and reasons,story,To Do,todo,u-nikhil.iyer,Nikhil Iyer,5,points,,2026-01-06,ERPSCM-3,ERPSCM-26;ERPSCM-317,2025-12-12T05:51:03Z,2026-07-29T20:36:00Z,,mm-im;wave1;explore
ERPSCM,Aurora ERP: Supply Chain & Sales,ERPSCM-44,Process design document: consignment stock process,story,In Progress,in_progress,u-marcus.souza,Marcus Souza,,points,,,ERPSCM-1,ERPSCM-64,2025-12-13T12:47:48Z,2026-08-14T19:53:13Z,,mm-pur;wave1;explore
ERPSCM,Aurora ERP: Supply Chain & Sales,ERPSCM-45,Process design document: wave management,story,Done,done,u-gustavo.patel,Gustavo Patel,8,points,,2026-01-31,ERPSCM-6,ERPSCM-41,2025-12-15T08:12:32Z,2026-02-05T10:26:04Z,2026-02-05T06:34:25Z,ewm;wave1;explore
ERPSCM,Aurora ERP: Supply Chain & Sales,ERPSCM-46,Fit-gap workshop: returns and credit memo process,task,Closed,done,u-gustavo.patel,Gustavo Patel,2,points,,,ERPSCM-4,,2025-12-15T21:20:52Z,2026-01-12T11:42:22Z,2026-01-11T04:57:52Z,sd;wave1;explore
ERPSCM,Aurora ERP: Supply Chain & Sales,ERPSCM-47,Fit-gap workshop: purchase requisition workflow,task,Done,done,u-nikhil.iyer,Nikhil Iyer,2,points,,,ERPSCM-1,,2025-12-16T16:31:11Z,2026-01-07T19:46:09Z,2026-01-07T09:27:47Z,mm-pur;wave1;explore
ERPSCM,Aurora ERP: Supply Chain & Sales,ERPSCM-48,Fit-gap workshop: demand management PIRs,task,Done,done,,,13,points,2026-01-05,,ERPSCM-2,,2025-12-16T18:23:49Z,2026-02-04T03:08:24Z,2026-02-03T06:11:55Z,mrp;wave1;explore
ERPSCM,Aurora ERP: Supply Chain & Sales,ERPSCM-49,Fit-gap workshop: MRP areas per storage location for plant 1100 Guelph,task,Closed,done,u-hannah.pereira,Hannah Pereira,13,points,,2026-02-05,,,2025-12-20T17:35:17Z,2026-02-11T22:21:17Z,2026-02-10T11:35:12Z,mrp;wave1;explore
ERPSCM,Aurora ERP: Supply Chain & Sales,ERPSCM-50,Fit-gap workshop: stock in transit valuation,task,Done,done,u-aarav.taylor,Aarav Taylor,8,points,2026-01-09,,ERPSCM-3,,2025-12-21T05:33:09Z,2026-02-06T12:54:50Z,2026-02-06T00:27:01Z,mm-im;wave1;explore
ERPSCM,Aurora ERP: Supply Chain & Sales,ERPSCM-51,Fit-gap workshop: vendor evaluation,task,Done,done,u-daniel.weber,Daniel Weber,5,points,,,ERPSCM-1,,2025-12-22T05:03:54Z,2026-01-20T17:31:55Z,2026-01-19T05:15:20Z,mm-pur;wave1;explore
ERPSCM,Aurora ERP: Supply Chain & Sales,ERPSCM-52,Process design document: STO between plants 1100 and 1200,story,Done,done,u-bruno.costa,Bruno Costa,5,points,,2026-01-25,ERPSCM-3,ERPSCM-25,2025-12-22T09:48:29Z,2026-01-25T09:37:47Z,,mm-im;wave1;explore
ERPSCM,Aurora ERP: Supply Chain & Sales,ERPSCM-53,Fit-gap workshop: RF device screens,task,Done,done,u-nikhil.almeida,Nikhil Almeida,5,points,,,ERPSCM-6,,2025-12-22T11:08:07Z,2026-01-13T15:43:32Z,2026-01-11T15:55:45Z,ewm;wave1;explore
ERPSCM,Aurora ERP: Supply Chain & Sales,ERPSCM-54,"Fit-gap workshop: carrier labels (Purolator, FedEx)",task,To Do,todo,,,,points,,2026-01-26,ERPSCM-6,,2025-12-23T22:47:42Z,2026-01-12T07:15:12Z,,ewm;wave1;explore
ERPSCM,Aurora ERP: Supply Chain & Sales,ERPSCM-55,Fit-gap workshop: pricing procedure ZVAA01 for plant 1100 Guelph,task,Done,done,u-nikhil.iyer,Nikhil Iyer,8,points,,,ERPSCM-4,,2025-12-24T05:03:01Z,2026-01-31T14:55:08Z,2026-01-30T22:44:03Z,sd;wave1;explore
ERPSCM,Aurora ERP: Supply Chain & Sales,ERPSCM-56,Fit-gap workshop: subcontracting with components,task,To Do,todo,,,3,points,2026-01-06,2026-01-26,ERPSCM-1,,2025-12-28T08:17:41Z,2026-04-06T13:34:39Z,,mm-pur;wave1;explore
ERPSCM,Aurora ERP: Supply Chain & Sales,ERPSCM-57,Fit-gap workshop: movement types and reasons for plant 1100 Guelph,task,In Progress,in_progress,u-ivan.almeida,Ivan Almeida,,points,2026-01-25,2026-02-13,ERPSCM-3,,2025-12-28T11:54:10Z,2026-06-24T10:11:03Z,,mm-im;wave1;explore
ERPSCM,Aurora ERP: Supply Chain & Sales,ERPSCM-58,Fit-gap workshop: release strategy for POs above 50k CAD for plant 1100 Guelph,task,Done,done,u-gustavo.patel,Gustavo Patel,2,points,,2026-02-14,,,2025-12-29T10:27:27Z,2026-02-17T10:06:34Z,2026-02-15T18:46:41Z,mm-pur;wave1;explore
ERPSCM,Aurora ERP: Supply Chain & Sales,ERPSCM-59,Fit-gap workshop: sales org and distribution channels for plant 1100 Guelph,task,Closed,done,u-gustavo.patel,Gustavo Patel,2,points,,,ERPSCM-4,,2025-12-29T18:41:06Z,2026-02-09T04:07:40Z,2026-02-07T04:19:45Z,sd;wave1;explore
ERPSCM,Aurora ERP: Supply Chain & Sales,ERPSCM-60,Fit-gap workshop: source list and quota arrangement for plant 1100 Guelph,task,Closed,done,u-ivan.almeida,Ivan Almeida,8,points,,,,,2025-12-29T18:54:25Z,2026-02-23T17:04:20Z,2026-02-22T13:13:49Z,mm-pur;wave1;explore
ERPSCM,Aurora ERP: Supply Chain & Sales,ERPSCM-61,Fit-gap workshop: customer hierarchy,task,Done,done,u-marcus.souza,Marcus Souza,5,points,,,,,2025-12-29T20:48:30Z,2026-01-16T08:48:37Z,2026-01-14T11:57:04Z,sd;wave1;explore
ERPSCM,Aurora ERP: Supply Chain & Sales,ERPSCM-62,Fit-gap workshop: Ariba supplier network readiness,task,Done,done,u-marcus.gagnon,Marcus Gagnon,3,points,,,ERPSCM-1,,2025-12-29T22:16:00Z,2026-02-13T13:46:18Z,2026-02-12T09:16:59Z,mm-pur;wave1;explore
ERPSCM,Aurora ERP: Supply Chain & Sales,ERPSCM-63,Fit-gap workshop: MRP types and lot sizing for plant 1100 Guelph,task,Done,done,u-samuel.rocha,Samuel Rocha,5,points,,2026-01-30,ERPSCM-2,,2025-12-30T16:01:57Z,2026-02-04T23:46:23Z,2026-02-04T01:21:34Z,mrp;wave1;explore
ERPSCM,Aurora ERP: Supply Chain & Sales,ERPSCM-64,Fit-gap workshop: consignment stock process,task,Closed,done,u-henrique.weber,Henrique Weber,3,points,2026-01-04,,,,2025-12-30T20:44:59Z,2026-01-29T19:22:24Z,,mm-pur;wave1;explore
ERPSCM,Aurora ERP: Supply Chain & Sales,ERPSCM-65,Fit-gap workshop: ATP check with backorder processing for plant 1100 Guelph,task,In Progress,in_progress,u-gustavo.patel,Gustavo Patel,8,points,,,ERPSCM-4,,2025-12-31T16:14:43Z,2026-08-14T09:04:44Z,,sd;wave1;explore
ERPSCM,Aurora ERP: Supply Chain & Sales,ERPSCM-66,Fit-gap workshop: goods receipt with inbound delivery,task,Done,done,u-gustavo.patel,Gustavo Patel,1,points,,2026-01-27,ERPSCM-3,,2026-01-01T21:44:59Z,2026-02-08T09:29:28Z,2026-02-06T10:58:32Z,mm-im;wave1;explore
ERPSCM,Aurora ERP: Supply Chain & Sales,ERPSCM-67,Fit-gap workshop: condition types for customer rebates for plant 1100 Guelph,task,Done,done,u-nikhil.almeida,Nikhil Almeida,13,points,2026-01-21,2026-02-05,ERPSCM-4,,2026-01-02T05:08:27Z,2026-02-11T22:29:52Z,,sd;wave1;explore
ERPSCM,Aurora ERP: Supply Chain & Sales,ERPSCM-68,Process design document: handling unit management for plant 1100 Guelph,story,Done,done,u-nikhil.iyer,Nikhil Iyer,8,points,2026-01-31,,ERPSCM-6,ERPSCM-91,2026-01-03T03:36:34Z,2026-03-04T11:06:56Z,2026-03-02T23:59:12Z,ewm;wave1;explore
ERPSCM,Aurora ERP: Supply Chain & Sales,ERPSCM-69,Process design document: subcontracting with components,story,Closed,done,u-wendy.reddy,Wendy Reddy,8,points,2026-01-15,2026-02-07,ERPSCM-1,ERPSCM-56;ERPSCM-7,2026-01-03T05:03:22Z,2026-02-08T13:23:37Z,2026-02-08T10:50:08Z,mm-pur;wave1;explore
ERPSCM,Aurora ERP: Supply Chain & Sales,ERPSCM-70,Process design document: customer hierarchy,story,Closed,done,u-victor.reddy,Victor Reddy,13,points,,2026-01-27,ERPSCM-4,ERPSCM-61,2026-01-05T01:24:08Z,2026-01-26T17:59:13Z,,sd;wave1;explore
ERPSCM,Aurora ERP: Supply Chain & Sales,ERPSCM-71,Process design document: storage locations for Guelph plant for plant 1100 Guelph,story,Closed,done,u-nikhil.iyer,Nikhil Iyer,5,points,,,ERPSCM-3,ERPSCM-74,2026-01-05T01:44:06Z,2026-02-15T23:56:39Z,2026-02-15T17:36:19Z,mm-im;wave1;explore
ERPSCM,Aurora ERP: Supply Chain & Sales,ERPSCM-72,Fit-gap workshop: safety stock and reorder points for plant 1100 Guelph,task,Done,done,u-joao.costa,João Costa,5,points,,,ERPSCM-2,,2026-01-05T05:56:57Z,2026-02-13T16:51:19Z,2026-02-13T01:53:07Z,mrp;wave1;explore
ERPSCM,Aurora ERP: Supply Chain & Sales,ERPSCM-73,Fit-gap workshop: returns and credit memo process for plant 1100 Guelph,task,Closed,done,u-wendy.reddy,Wendy Reddy,1,points,2026-02-02,,ERPSCM-4,,2026-01-05T15:51:07Z,2026-02-16T15:13:10Z,2026-02-15T15:11:44Z,sd;wave1;explore
ERPSCM,Aurora ERP: Supply Chain & Sales,ERPSCM-74,Fit-gap workshop: storage locations for Guelph plant for plant 1100 Guelph,task,Done,done,u-marcus.souza,Marcus Souza,8,points,2026-01-18,2026-02-07,ERPSCM-3,,2026-01-05T19:58:14Z,2026-02-18T04:31:34Z,2026-02-17T19:26:37Z,mm-im;wave1;explore
ERPSCM,Aurora ERP: Supply Chain & Sales,ERPSCM-75,Process design document: demand management PIRs,story,Closed,done,u-samuel.rocha,Samuel Rocha,3,points,2026-01-12,2026-01-28,ERPSCM-2,ERPSCM-48,2026-01-06T09:14:22Z,2026-01-29T20:08:58Z,2026-01-29T07:08:24Z,mrp;wave1;explore
ERPSCM,Aurora ERP: Supply Chain & Sales,ERPSCM-76,MRP: configuration and unit test,epic,Closed,done,u-joao.costa,João Costa,,points,2026-02-15,2026-08-14,,,2026-01-06T10:02:41Z,2026-08-16T00:00:00Z,2026-08-16T00:00:00Z,mrp;wave1;realize
ERPSCM,Aurora ERP: Supply Chain & Sales,ERPSCM-77,Process design document: movement types and reasons for plant 1100 Guelph,story,In Progress,in_progress,,,8,points,2026-02-03,,ERPSCM-3,ERPSCM-57,2026-01-08T02:58:43Z,2026-08-17T18:32:42Z,,mm-im;wave1;explore
ERPSCM,Aurora ERP: Supply Chain & Sales,ERPSCM-78,Fit-gap workshop: revenue recognition for service contracts,task,Ready,todo,u-joao.costa,João Costa,5,points,,,ERPSCM-4,,2026-01-08T08:38:37Z,2026-06-11T08:06:20Z,,sd;wave1;explore
ERPSCM,Aurora ERP: Supply Chain & Sales,ERPSCM-79,Fit-gap workshop: warehouse structure Mississauga DC for plant 1100 Guelph,task,Ready,todo,u-samuel.rocha,Samuel Rocha,5,points,,2026-02-02,ERPSCM-6,,2026-01-09T15:23:54Z,2026-07-10T08:49:35Z,,ewm;wave1;explore
ERPSCM,Aurora ERP: Supply Chain & Sales,ERPSCM-80,Fit-gap workshop: planning calendar for plant 1100 Guelph,task,Done,done,u-aarav.taylor,Aarav Taylor,8,points,,2026-02-19,ERPSCM-2,,2026-01-09T19:24:28Z,2026-02-23T04:25:10Z,2026-02-22T01:33:09Z,mrp;wave1;explore
ERPSCM,Aurora ERP: Supply Chain & Sales,ERPSCM-81,Process design document: revenue recognition for service contracts,story,Closed,done,u-aarav.taylor,Aarav Taylor,5,points,,,ERPSCM-4,ERPSCM-78;ERPSCM-59,2026-01-09T23:27:56Z,2026-01-28T01:25:25Z,2026-01-27T18:57:14Z,sd;wave1;explore
ERPSCM,Aurora ERP: Supply Chain & Sales,ERPSCM-82,Process design document: condition types for customer rebates for plant 1100 Guelph,story,Done,done,u-nikhil.iyer,Nikhil Iyer,2,points,2026-01-29,,ERPSCM-4,ERPSCM-67,2026-01-10T17:18:52Z,2026-02-19T04:58:50Z,2026-02-18T19:18:26Z,sd;wave1;explore
ERPSCM,Aurora ERP: Supply Chain & Sales,ERPSCM-83,Fit-gap workshop: batch management and shelf life for plant 1100 Guelph,task,Closed,done,u-aarav.taylor,Aarav Taylor,1,points,,2026-03-02,ERPSCM-3,,2026-01-10T23:14:18Z,2026-03-13T22:21:51Z,2026-03-12T13:40:48Z,mm-im;wave1;explore
ERPSCM,Aurora ERP: Supply Chain & Sales,ERPSCM-84,Fit-gap workshop: MRP Live cockpit for plant 1100 Guelph,task,Closed,done,u-samuel.rocha,Samuel Rocha,2,points,,,ERPSCM-2,,2026-01-12T12:24:59Z,2026-02-28T15:53:04Z,2026-02-28T10:08:30Z,mrp;wave1;explore
ERPSCM,Aurora ERP: Supply Chain & Sales,ERPSCM-85,Fit-gap workshop: purchase requisition workflow for plant 1100 Guelph,task,Closed,done,u-samuel.rocha,Samuel Rocha,5,points,,,,,2026-01-13T12:35:16Z,2026-03-09T10:13:03Z,2026-03-09T04:53:24Z,mm-pur;wave1;explore
ERPSCM,Aurora ERP: Supply Chain & Sales,ERPSCM-86,MM-IM: developments (WRICEF),epic,Closed,done,u-samuel.rocha,Samuel Rocha,,points,2026-02-22,2026-08-18,,,2026-01-13T13:23:58Z,2026-08-20T00:00:00Z,2026-08-20T00:00:00Z,mm-im;wave1;wricef
ERPSCM,Aurora ERP: Supply Chain & Sales,ERPSCM-87,SD: configuration and unit test,epic,Done,done,u-victor.reddy,Victor Reddy,,points,2026-02-19,2026-08-19,,,2026-01-14T07:15:34Z,2026-08-21T00:00:00Z,2026-08-21T00:00:00Z,sd;wave1;realize
ERPSCM,Aurora ERP: Supply Chain & Sales,ERPSCM-88,EWM: developments (WRICEF),epic,Done,done,u-hannah.pereira,Hannah Pereira,,points,2026-02-11,2026-08-17,,,2026-01-15T10:44:19Z,2026-08-19T00:00:00Z,2026-08-19T00:00:00Z,ewm;wave1;wricef
ERPSCM,Aurora ERP: Supply Chain & Sales,ERPSCM-89,EWM: configuration and unit test,epic,In Review,in_progress,u-victor.reddy,Victor Reddy,,points,2026-02-23,2026-08-07,,,2026-01-15T14:32:54Z,2026-08-17T00:00:00Z,,ewm;wave1;realize
ERPSCM,Aurora ERP: Supply Chain & Sales,ERPSCM-90,Fit-gap workshop: intercompany sales US to Canada for plant 1100 Guelph,task,Closed,done,u-ivan.almeida,Ivan Almeida,5,points,,2026-02-22,ERPSCM-4,,2026-01-17T18:26:05Z,2026-02-21T06:06:34Z,2026-02-19T20:50:01Z,sd;wave1;explore
ERPSCM,Aurora ERP: Supply Chain & Sales,ERPSCM-91,Fit-gap workshop: handling unit management for plant 1100 Guelph,task,Closed,done,u-wendy.reddy,Wendy Reddy,5,points,2026-01-23,,ERPSCM-6,,2026-01-18T20:42:43Z,2026-02-12T06:43:50Z,2026-02-10T22:46:45Z,ewm;wave1;explore
ERPSCM,Aurora ERP: Supply Chain & Sales,ERPSCM-92,Process design document: safety stock and reorder points for plant 1100 Guelph,story,Done,done,u-samuel.rocha,Samuel Rocha,5,points,,,ERPSCM-2,ERPSCM-72,2026-01-19T07:17:21Z,2026-02-22T05:51:13Z,2026-02-21T01:23:17Z,mrp;wave1;explore
ERPSCM,Aurora ERP: Supply Chain & Sales,ERPSCM-93,Configure MRP types and lot sizing,story,Done,done,u-marcus.souza,Marcus Souza,5,points,,2026-03-21,ERPSCM-76,ERPSCM-112,2026-01-19T09:36:24Z,2026-03-29T05:05:18Z,2026-03-27T15:42:19Z,mrp;wave1;realize;config
ERPSCM,Aurora ERP: Supply Chain & Sales,ERPSCM-94,Fit-gap workshop: purchasing org 1000 and groups for plant 1100 Guelph,task,Done,done,u-hannah.pereira,Hannah Pereira,1,points,,2026-02-08,ERPSCM-1,,2026-01-19T13:44:05Z,2026-02-12T11:33:55Z,2026-02-11T18:56:36Z,mm-pur;wave1;explore
ERPSCM,Aurora ERP: Supply Chain & Sales,ERPSCM-95,MM-PUR: developments (WRICEF),epic,Blocked,in_progress,u-gustavo.patel,Gustavo Patel,,points,2026-02-21,,,,2026-01-19T16:11:05Z,2026-08-18T00:00:00Z,,mm-pur;wave1;wricef
ERPSCM,Aurora ERP: Supply Chain & Sales,ERPSCM-96,Process design document: Ariba supplier network readiness,story,Closed,done,u-wendy.reddy,Wendy Reddy,3,points,,2026-02-07,ERPSCM-1,ERPSCM-62,2026-01-20T09:38:20Z,2026-02-16T22:12:55Z,2026-02-15T13:34:03Z,mm-pur;wave1;explore
ERPSCM,Aurora ERP: Supply Chain & Sales,ERPSCM-97,Fit-gap workshop: physical inventory cycle counting for plant 1100 Guelph,task,Closed,done,u-gustavo.patel,Gustavo Patel,5,points,,2026-02-21,ERPSCM-3,,2026-01-20T14:36:21Z,2026-02-20T12:25:51Z,,mm-im;wave1;explore
ERPSCM,Aurora ERP: Supply Chain & Sales,ERPSCM-98,Process design document: release strategy for POs above 50k CAD for plant 1100 Guelph,story,Done,done,u-samuel.rocha,Samuel Rocha,5,points,2026-02-02,2026-02-19,ERPSCM-1,ERPSCM-58,2026-01-20T19:08:49Z,2026-02-22T03:27:47Z,2026-02-20T06:09:09Z,mm-pur;wave1;explore
ERPSCM,Aurora ERP: Supply Chain & Sales,ERPSCM-99,Fit-gap workshop: vendor evaluation for plant 1100 Guelph,task,Done,done,u-nikhil.iyer,Nikhil Iyer,8,points,,2026-03-05,ERPSCM-1,,2026-01-21T04:05:24Z,2026-03-04T14:10:50Z,2026-03-03T15:23:50Z,mm-pur;wave1;explore
ERPSCM,Aurora ERP: Supply Chain & Sales,ERPSCM-100,Configure sales org and distribution channels,story,Closed,done,u-marcus.gagnon,Marcus Gagnon,,points,,,ERPSCM-87,,2026-01-21T09:59:52Z,2026-03-22T04:09:13Z,2026-03-21T22:55:13Z,sd;wave1;realize;config
ERPSCM,Aurora ERP: Supply Chain & Sales,ERPSCM-101,Fit-gap workshop: pick/pack/ship strategies for plant 1100 Guelph,task,Done,done,,,2,points,2026-01-31,2026-02-21,ERPSCM-6,,2026-01-22T09:11:20Z,2026-03-02T03:31:44Z,2026-03-01T23:44:02Z,ewm;wave1;explore
ERPSCM,Aurora ERP: Supply Chain & Sales,ERPSCM-102,Fit-gap workshop: putaway rules for hazardous goods for plant 1100 Guelph,task,Done,done,u-samuel.rocha,Samuel Rocha,,points,2026-02-10,,,,2026-01-22T19:33:58Z,2026-03-05T00:46:23Z,2026-03-05T00:06:17Z,ewm;wave1;explore
ERPSCM,Aurora ERP: Supply Chain & Sales,ERPSCM-103,MRP: developments (WRICEF),epic,In Review,in_progress,u-gustavo.patel,Gustavo Patel,,points,2026-02-14,,,,2026-01-22T19:58:11Z,2026-08-17T00:00:00Z,,mrp;wave1;wricef
ERPSCM,Aurora ERP: Supply Chain & Sales,ERPSCM-104,Fit-gap workshop: contracts and scheduling agreements for plant 1100 Guelph,task,Done,done,u-gustavo.nguyen,Gustavo Nguyen,8,points,2026-02-05,2026-02-28,ERPSCM-1,,2026-01-22T21:27:51Z,2026-02-27T21:46:50Z,,mm-pur;wave1;explore
ERPSCM,Aurora ERP: Supply Chain & Sales,ERPSCM-105,Fit-gap workshop: STO between plants 1100 and 1200 for plant 1100 Guelph,task,Closed,done,u-nikhil.iyer,Nikhil Iyer,5,points,,,ERPSCM-3,,2026-01-22T21:53:51Z,2026-03-14T09:43:04Z,2026-03-14T07:51:12Z,mm-im;wave1;explore
ERPSCM,Aurora ERP: Supply Chain & Sales,ERPSCM-106,Decision log and sign-off: MRP design (Hire-to-Retire),task,In Progress,in_progress,,,5,points,,,ERPSCM-2,ERPSCM-271,2026-01-23T00:52:13Z,2026-08-22T08:20:58Z,,mrp;wave1;explore
ERPSCM,Aurora ERP: Supply Chain & Sales,ERPSCM-107,Decision log and sign-off: SD design (Acquire-to-Retire),task,Closed,done,u-nikhil.iyer,Nikhil Iyer,2,points,2026-02-12,2026-02-22,ERPSCM-4,,2026-01-23T10:32:45Z,2026-03-01T12:37:43Z,2026-03-01T09:32:40Z,sd;wave1;explore
ERPSCM,Aurora ERP: Supply Chain & Sales,ERPSCM-108,Technical spec Conversion: planning calendar for plant 1100 Guelph,task,Done,done,u-gustavo.patel,Gustavo Patel,1,points,2026-02-16,,ERPSCM-103,ERPSCM-132,2026-01-23T14:15:59Z,2026-03-23T16:28:27Z,2026-03-23T04:58:37Z,mrp;wave1;wricef
ERPSCM,Aurora ERP: Supply Chain & Sales,ERPSCM-109,SD: developments (WRICEF),epic,Done,done,u-victor.reddy,Victor Reddy,,points,2026-02-22,2026-08-11,,,2026-01-24T15:07:01Z,2026-08-13T00:00:00Z,2026-08-13T00:00:00Z,sd;wave1;wricef
ERPSCM,Aurora ERP: Supply Chain & Sales,ERPSCM-110,MM-PUR: configuration and unit test,epic,In Review,in_progress,,,,points,2026-02-11,2026-08-08,,,2026-01-25T12:45:34Z,2026-08-14T00:00:00Z,,mm-pur;wave1;realize
ERPSCM,Aurora ERP: Supply Chain & Sales,ERPSCM-111,Functional spec Form: intercompany sales US to Canada for plant 1100 Guelph,task,In Progress,in_progress,,,8,points,,2026-03-25,ERPSCM-109,,2026-01-25T20:18:56Z,2026-08-20T15:01:51Z,,sd;wave1;wricef
ERPSCM,Aurora ERP: Supply Chain & Sales,ERPSCM-112,Functional spec: MRP types and lot sizing,task,Done,done,u-samuel.rocha,Samuel Rocha,3,points,,,ERPSCM-76,,2026-01-25T20:25:06Z,2026-03-18T09:15:26Z,2026-03-17T13:33:30Z,mrp;wave1;realize
ERPSCM,Aurora ERP: Supply Chain & Sales,ERPSCM-113,Functional spec: release strategy for POs above 50k CAD,task,In Review,in_progress,u-hannah.pereira,Hannah Pereira,3,points,2026-02-11,,ERPSCM-110,,2026-01-25T23:57:56Z,2026-07-16T15:31:02Z,,mm-pur;wave1;realize
ERPSCM,Aurora ERP: Supply Chain & Sales,ERPSCM-114,Configure release strategy for POs above 50k CAD,story,Blocked,in_progress,u-marcus.souza,Marcus Souza,8,points,2026-02-12,,ERPSCM-110,ERPSCM-113,2026-01-26T09:07:59Z,2026-08-18T12:38:59Z,,mm-pur;wave1;realize;config
ERPSCM,Aurora ERP: Supply Chain & Sales,ERPSCM-115,Configure pricing procedure ZVAA01,story,In Progress,in_progress,u-aarav.taylor,Aarav Taylor,,points,,,ERPSCM-87,ERPSCM-150,2026-01-27T10:35:41Z,2026-08-12T08:00:46Z,,sd;wave1;realize;config
ERPSCM,Aurora ERP: Supply Chain & Sales,ERPSCM-116,MM-IM: configuration and unit test,epic,Closed,done,u-victor.reddy,Victor Reddy,,points,2026-02-25,,,,2026-01-27T10:59:30Z,2026-08-23T00:00:00Z,2026-08-23T00:00:00Z,mm-im;wave1;realize
ERPSCM,Aurora ERP: Supply Chain & Sales,ERPSCM-117,Fit-gap workshop: goods receipt with inbound delivery for plant 1100 Guelph,task,Done,done,u-gustavo.patel,Gustavo Patel,8,points,2026-02-24,2026-03-09,ERPSCM-3,,2026-01-28T01:24:10Z,2026-03-08T11:41:29Z,2026-03-08T10:54:00Z,mm-im;wave1;explore
ERPSCM,Aurora ERP: Supply Chain & Sales,ERPSCM-118,Fit-gap workshop: wave management for plant 1100 Guelph,task,In Progress,in_progress,u-wendy.reddy,Wendy Reddy,13,points,,,ERPSCM-6,,2026-01-28T07:16:43Z,2026-08-14T13:05:49Z,,ewm;wave1;explore
ERPSCM,Aurora ERP: Supply Chain & Sales,ERPSCM-119,Process design document: physical inventory cycle counting for plant 1100 Guelph,story,In Review,in_progress,u-gustavo.patel,Gustavo Patel,,points,,2026-03-07,ERPSCM-3,ERPSCM-97,2026-01-28T10:55:13Z,2026-08-22T20:09:32Z,,mm-im;wave1;explore
ERPSCM,Aurora ERP: Supply Chain & Sales,ERPSCM-120,Process design document: planning calendar for plant 1100 Guelph,story,Backlog,todo,u-daniel.weber,Daniel Weber,,points,2026-02-11,2026-02-21,ERPSCM-2,ERPSCM-80,2026-01-29T10:43:27Z,2026-07-03T21:17:50Z,,mrp;wave1;explore
ERPSCM,Aurora ERP: Supply Chain & Sales,ERPSCM-121,Configure movement types and reasons,story,Done,done,u-wendy.reddy,Wendy Reddy,2,points,,,ERPSCM-116,,2026-01-30T16:13:39Z,2026-04-06T20:57:17Z,2026-04-05T22:17:42Z,mm-im;wave1;realize;config
ERPSCM,Aurora ERP: Supply Chain & Sales,ERPSCM-122,Configure warehouse structure Mississauga DC,story,Closed,done,u-nikhil.almeida,Nikhil Almeida,3,points,,,ERPSCM-89,ERPSCM-138,2026-01-30T17:30:11Z,2026-03-19T03:36:56Z,2026-03-19T00:17:10Z,ewm;wave1;realize;config
ERPSCM,Aurora ERP: Supply Chain & Sales,ERPSCM-123,Fit-gap workshop: output determination for delivery notes for plant 1100 Guelph,task,To Do,todo,u-aarav.taylor,Aarav Taylor,3,points,2026-01-30,,ERPSCM-4,,2026-01-31T09:43:43Z,2026-05-15T14:21:50Z,,sd;wave1;explore
ERPSCM,Aurora ERP: Supply Chain & Sales,ERPSCM-124,Decision log and sign-off: MM-PUR design (Plan-to-Produce),task,Done,done,u-nikhil.iyer,Nikhil Iyer,3,points,,,ERPSCM-1,,2026-01-31T15:03:33Z,2026-03-13T17:30:17Z,2026-03-12T10:35:28Z,mm-pur;wave1;explore
ERPSCM,Aurora ERP: Supply Chain & Sales,ERPSCM-125,Functional spec: condition types for customer rebates,task,Closed,done,u-ivan.almeida,Ivan Almeida,2,points,,2026-03-23,ERPSCM-87,ERPSCM-329,2026-01-31T17:06:25Z,2026-03-31T18:00:04Z,2026-03-30T13:00:45Z,sd;wave1;realize
ERPSCM,Aurora ERP: Supply Chain & Sales,ERPSCM-126,Functional spec: MRP areas per storage location,task,Done,done,u-aarav.taylor,Aarav Taylor,1,points,,,ERPSCM-76,ERPSCM-91,2026-02-01T11:15:43Z,2026-03-26T04:03:32Z,2026-03-25T05:48:29Z,mrp;wave1;realize
ERPSCM,Aurora ERP: Supply Chain & Sales,ERPSCM-127,Process design document: source list and quota arrangement for plant 1100 Guelph,story,Done,done,u-gustavo.patel,Gustavo Patel,2,points,,,ERPSCM-1,ERPSCM-60,2026-02-01T23:14:33Z,2026-03-11T11:35:15Z,2026-03-10T21:16:41Z,mm-pur;wave1;explore
ERPSCM,Aurora ERP: Supply Chain & Sales,ERPSCM-128,Unit test: purchasing org 1000 and groups,task,Closed,done,u-henrique.weber,Henrique Weber,5,points,,2026-04-01,ERPSCM-110,ERPSCM-139,2026-02-02T00:47:22Z,2026-04-13T02:12:13Z,2026-04-11T05:44:18Z,mm-pur;wave1;realize
ERPSCM,Aurora ERP: Supply Chain & Sales,ERPSCM-129,Configure MRP areas per storage location,story,Done,done,u-nikhil.iyer,Nikhil Iyer,5,points,,,ERPSCM-76,ERPSCM-126,2026-02-02T06:28:53Z,2026-03-31T15:33:23Z,2026-03-31T14:48:24Z,mrp;wave1;realize;config
ERPSCM,Aurora ERP: Supply Chain & Sales,ERPSCM-130,Technical spec Interface: purchase requisition workflow for plant 1100 Guelph,task,In Progress,in_progress,u-wendy.reddy,Wendy Reddy,5,points,,,ERPSCM-95,ERPSCM-145,2026-02-02T07:33:08Z,2026-08-23T16:24:24Z,,mm-pur;wave1;wricef
ERPSCM,Aurora ERP: Supply Chain & Sales,ERPSCM-131,Functional spec Interface: warehouse structure Mississauga DC for plant 1100 Guelph,task,To Do,todo,,,3,points,,2026-03-06,ERPSCM-88,,2026-02-02T11:36:27Z,2026-08-15T20:44:44Z,,ewm;wave1;wricef
ERPSCM,Aurora ERP: Supply Chain & Sales,ERPSCM-132,Functional spec Conversion: planning calendar for plant 1100 Guelph,task,Closed,done,u-aarav.taylor,Aarav Taylor,3,points,,,ERPSCM-103,,2026-02-02T16:21:25Z,2026-03-13T13:34:43Z,2026-03-12T10:13:56Z,mrp;wave1;wricef
ERPSCM,Aurora ERP: Supply Chain & Sales,ERPSCM-133,Process design document: vendor evaluation for plant 1100 Guelph,story,In Progress,in_progress,u-joao.costa,João Costa,13,points,,2026-03-05,ERPSCM-1,ERPSCM-99,2026-02-03T12:07:53Z,2026-08-16T16:19:33Z,,mm-pur;wave1;explore
ERPSCM,Aurora ERP: Supply Chain & Sales,ERPSCM-134,Decision log and sign-off: EWM design (Record-to-Report),task,Done,done,u-nikhil.iyer,Nikhil Iyer,13,points,,2026-03-10,ERPSCM-6,,2026-02-03T21:10:14Z,2026-03-06T11:18:40Z,2026-03-05T11:49:22Z,ewm;wave1;explore
ERPSCM,Aurora ERP: Supply Chain & Sales,ERPSCM-135,Technical spec Form: intercompany sales US to Canada for plant 1100 Guelph,task,Done,done,u-victor.reddy,Victor Reddy,5,points,,,ERPSCM-109,ERPSCM-111,2026-02-04T06:59:41Z,2026-04-01T08:01:23Z,2026-03-31T23:44:39Z,sd;wave1;wricef
ERPSCM,Aurora ERP: Supply Chain & Sales,ERPSCM-136,Fit-gap workshop: customer hierarchy for plant 1100 Guelph,task,Done,done,u-victor.reddy,Victor Reddy,5,points,,,ERPSCM-4,,2026-02-08T05:12:57Z,2026-02-26T02:20:22Z,2026-02-25T12:41:40Z,sd;wave1;explore
ERPSCM,Aurora ERP: Supply Chain & Sales,ERPSCM-137,Technical spec Conversion: safety stock and reorder points,task,Closed,done,u-hannah.pereira,Hannah Pereira,1,points,,,ERPSCM-103,ERPSCM-168,2026-02-08T08:40:44Z,2026-04-27T15:55:03Z,2026-04-25T23:49:45Z,mrp;wave1;wricef
ERPSCM,Aurora ERP: Supply Chain & Sales,ERPSCM-138,Functional spec: warehouse structure Mississauga DC,task,Done,done,u-hannah.pereira,Hannah Pereira,3,points,,,ERPSCM-89,,2026-02-08T12:37:23Z,2026-03-08T06:15:33Z,2026-03-06T20:27:47Z,ewm;wave1;realize
ERPSCM,Aurora ERP: Supply Chain & Sales,ERPSCM-139,Configure purchasing org 1000 and groups,story,Closed,done,,,8,points,,,ERPSCM-110,,2026-02-09T10:42:44Z,2026-03-24T23:51:19Z,2026-03-24T02:26:17Z,mm-pur;wave1;realize;config
ERPSCM,Aurora ERP: Supply Chain & Sales,ERPSCM-140,Technical spec Conversion: batch management and shelf life for plant 1100 Guelph,task,Closed,done,u-aarav.taylor,Aarav Taylor,5,points,,,ERPSCM-86,ERPSCM-172,2026-02-10T08:43:56Z,2026-04-06T18:45:44Z,2026-04-05T13:13:49Z,mm-im;wave1;wricef
ERPSCM,Aurora ERP: Supply Chain & Sales,ERPSCM-141,Process design document: contracts and scheduling agreements for plant 1100 Guelph,story,In Progress,in_progress,u-hannah.pereira,Hannah Pereira,1,points,,2026-03-05,ERPSCM-1,ERPSCM-104,2026-02-12T02:07:28Z,2026-08-16T15:25:06Z,,mm-pur;wave1;explore
ERPSCM,Aurora ERP: Supply Chain & Sales,ERPSCM-142,Decision log and sign-off: MM-IM design (Hire-to-Retire),task,Done,done,,,5,points,,2026-03-09,ERPSCM-3,,2026-02-12T02:28:53Z,2026-03-20T07:18:16Z,2026-03-18T17:53:21Z,mm-im;wave1;explore
ERPSCM,Aurora ERP: Supply Chain & Sales,ERPSCM-143,Fit-gap workshop: consignment stock process for plant 1100 Guelph,task,Done,done,u-henrique.weber,Henrique Weber,1,points,2026-02-22,,ERPSCM-1,,2026-02-12T06:19:48Z,2026-03-06T06:19:43Z,2026-03-04T13:25:57Z,mm-pur;wave1;explore
ERPSCM,Aurora ERP: Supply Chain & Sales,ERPSCM-144,Functional spec Workflow: demand management PIRs,task,Done,done,u-gustavo.patel,Gustavo Patel,5,points,,2026-04-21,ERPSCM-103,,2026-02-12T07:09:22Z,2026-04-27T01:24:40Z,2026-04-26T01:03:38Z,mrp;wave1;wricef
ERPSCM,Aurora ERP: Supply Chain & Sales,ERPSCM-145,Functional spec Interface: purchase requisition workflow for plant 1100 Guelph,task,Done,done,u-aarav.taylor,Aarav Taylor,8,points,,,ERPSCM-95,,2026-02-12T08:39:24Z,2026-03-27T20:47:45Z,2026-03-26T05:35:12Z,mm-pur;wave1;wricef
ERPSCM,Aurora ERP: Supply Chain & Sales,ERPSCM-146,Build Interface: warehouse structure Mississauga DC for plant 1100 Guelph,story,To Do,todo,u-samuel.rocha,Samuel Rocha,3,points,2026-03-04,,ERPSCM-88,ERPSCM-149;ERPSCM-163,2026-02-12T14:37:44Z,2026-08-12T11:47:28Z,,ewm;wave1;wricef
ERPSCM,Aurora ERP: Supply Chain & Sales,ERPSCM-147,Fit-gap workshop: RF device screens for plant 1100 Guelph,task,Done,done,u-gustavo.patel,Gustavo Patel,8,points,,,ERPSCM-6,,2026-02-12T17:27:34Z,2026-03-09T22:24:16Z,2026-03-08T19:21:29Z,ewm;wave1;explore
ERPSCM,Aurora ERP: Supply Chain & Sales,ERPSCM-148,Functional spec Interface: customer hierarchy,task,Done,done,u-samuel.rocha,Samuel Rocha,5,points,,2026-04-01,ERPSCM-109,,2026-02-13T05:21:39Z,2026-04-11T15:34:07Z,2026-04-10T20:52:41Z,sd;wave1;wricef
ERPSCM,Aurora ERP: Supply Chain & Sales,ERPSCM-149,Technical spec Interface: warehouse structure Mississauga DC for plant 1100 Guelph,task,Done,done,u-gustavo.patel,Gustavo Patel,,points,,,ERPSCM-88,ERPSCM-131,2026-02-13T09:17:40Z,2026-04-02T18:16:27Z,2026-04-02T02:27:12Z,ewm;wave1;wricef
ERPSCM,Aurora ERP: Supply Chain & Sales,ERPSCM-150,Functional spec: pricing procedure ZVAA01,task,Done,done,u-bruno.costa,Bruno Costa,2,points,,2026-03-23,ERPSCM-87,,2026-02-13T15:32:05Z,2026-03-27T15:37:24Z,2026-03-27T03:38:29Z,sd;wave1;realize
ERPSCM,Aurora ERP: Supply Chain & Sales,ERPSCM-151,Configure condition types for customer rebates,story,In Progress,in_progress,u-wendy.reddy,Wendy Reddy,,points,,,,ERPSCM-125,2026-02-13T17:56:23Z,2026-07-26T18:10:30Z,,sd;wave1;realize;config
ERPSCM,Aurora ERP: Supply Chain & Sales,ERPSCM-152,Technical spec Interface: customer hierarchy,task,Done,done,u-aarav.taylor,Aarav Taylor,13,points,,2026-04-22,,ERPSCM-148,2026-02-14T04:33:36Z,2026-04-30T02:03:40Z,2026-04-28T12:24:22Z,sd;wave1;wricef
ERPSCM,Aurora ERP: Supply Chain & Sales,ERPSCM-153,Configure pick/pack/ship strategies,story,Done,done,u-nikhil.iyer,Nikhil Iyer,5,points,2026-03-11,2026-04-13,ERPSCM-89,,2026-02-14T11:30:43Z,2026-04-21T19:18:02Z,,ewm;wave1;realize;config
ERPSCM,Aurora ERP: Supply Chain & Sales,ERPSCM-154,Functional spec Form: revenue recognition for service contracts,task,Closed,done,u-samuel.rocha,Samuel Rocha,,points,,2026-04-26,ERPSCM-109,,2026-02-15T04:23:08Z,2026-04-28T10:58:31Z,2026-04-27T01:04:26Z,sd;wave1;wricef
ERPSCM,Aurora ERP: Supply Chain & Sales,ERPSCM-155,Process design document: intercompany sales US to Canada for plant 1100 Guelph,story,In Progress,in_progress,u-ivan.almeida,Ivan Almeida,13,points,,,ERPSCM-4,ERPSCM-90,2026-02-15T14:06:37Z,2026-07-01T14:30:13Z,,sd;wave1;explore
ERPSCM,Aurora ERP: Supply Chain & Sales,ERPSCM-156,Configure source list and quota arrangement,story,Closed,done,u-samuel.rocha,Samuel Rocha,8,points,,2026-03-27,ERPSCM-110,ERPSCM-157,2026-02-15T16:38:04Z,2026-04-06T04:04:11Z,2026-04-05T18:38:35Z,mm-pur;wave1;realize;config
ERPSCM,Aurora ERP: Supply Chain & Sales,ERPSCM-157,Functional spec: source list and quota arrangement,task,Ready,todo,,,,points,2026-02-16,2026-03-30,ERPSCM-110,,2026-02-16T03:57:47Z,2026-03-29T12:55:33Z,,mm-pur;wave1;realize
ERPSCM,Aurora ERP: Supply Chain & Sales,ERPSCM-158,Build Conversion: planning calendar for plant 1100 Guelph,story,Closed,done,u-samuel.rocha,Samuel Rocha,5,points,2026-03-09,,,ERPSCM-108;ERPSCM-312,2026-02-16T15:43:45Z,2026-04-24T23:08:53Z,2026-04-23T01:56:33Z,mrp;wave1;wricef
ERPSCM,Aurora ERP: Supply Chain & Sales,ERPSCM-159,Unit test: storage locations for Guelph plant,task,Closed,done,u-victor.reddy,Victor Reddy,5,points,,2026-04-27,ERPSCM-116,ERPSCM-169,2026-02-16T22:31:34Z,2026-04-27T10:10:39Z,2026-04-27T07:31:58Z,mm-im;wave1;realize
ERPSCM,Aurora ERP: Supply Chain & Sales,ERPSCM-160,Unit test: pricing procedure ZVAA01,task,Closed,done,u-samuel.rocha,Samuel Rocha,5,points,2026-03-19,,,ERPSCM-115,2026-02-17T22:35:48Z,2026-04-30T14:07:20Z,2026-04-29T20:00:28Z,sd;wave1;realize
ERPSCM,Aurora ERP: Supply Chain & Sales,ERPSCM-161,Functional spec: storage locations for Guelph plant,task,Done,done,u-hannah.pereira,Hannah Pereira,2,points,,,ERPSCM-116,,2026-02-18T08:33:48Z,2026-03-27T10:57:04Z,2026-03-26T01:26:06Z,mm-im;wave1;realize
ERPSCM,Aurora ERP: Supply Chain & Sales,ERPSCM-162,Functional spec Conversion: wave management for plant 1100 Guelph,task,Done,done,u-marcus.gagnon,Marcus Gagnon,5,points,,,ERPSCM-88,,2026-02-18T19:58:39Z,2026-04-30T09:29:48Z,2026-04-28T12:01:29Z,ewm;wave1;wricef
ERPSCM,Aurora ERP: Supply Chain & Sales,ERPSCM-163,Configure handling unit management,story,Done,done,u-hannah.pereira,Hannah Pereira,3,points,,,ERPSCM-89,,2026-02-19T00:52:15Z,2026-04-12T18:05:50Z,,ewm;wave1;realize;config
ERPSCM,Aurora ERP: Supply Chain & Sales,ERPSCM-164,Authorization role for MRP types and lot sizing,task,Done,done,u-samuel.rocha,Samuel Rocha,2,points,,2026-04-24,ERPSCM-76,ERPSCM-93,2026-02-19T17:03:31Z,2026-04-21T08:14:29Z,,mrp;wave1;realize;security
ERPSCM,Aurora ERP: Supply Chain & Sales,ERPSCM-165,Functional spec Enhancement: purchase requisition workflow,task,Done,done,u-nikhil.iyer,Nikhil Iyer,3,points,,,ERPSCM-95,,2026-02-19T21:50:42Z,2026-04-16T11:01:36Z,2026-04-14T17:01:00Z,mm-pur;wave1;wricef
ERPSCM,Aurora ERP: Supply Chain & Sales,ERPSCM-166,Process design document: consignment stock process for plant 1100 Guelph,story,Closed,done,u-aarav.taylor,Aarav Taylor,3,points,,,ERPSCM-1,ERPSCM-143,2026-02-20T03:00:32Z,2026-03-03T19:54:10Z,2026-03-02T15:24:37Z,mm-pur;wave1;explore
ERPSCM,Aurora ERP: Supply Chain & Sales,ERPSCM-167,Functional spec: ATP check with backorder processing,task,In Review,in_progress,u-victor.reddy,Victor Reddy,5,points,,2026-04-16,ERPSCM-87,,2026-02-20T04:11:02Z,2026-08-18T20:48:51Z,,sd;wave1;realize
ERPSCM,Aurora ERP: Supply Chain & Sales,ERPSCM-168,Functional spec Conversion: safety stock and reorder points,task,In Progress,in_progress,u-joao.costa,João Costa,3,points,,2026-03-26,,ERPSCM-648,2026-02-20T18:19:36Z,2026-08-18T08:41:05Z,,mrp;wave1;wricef
ERPSCM,Aurora ERP: Supply Chain & Sales,ERPSCM-169,Configure storage locations for Guelph plant,story,Closed,done,u-hannah.pereira,Hannah Pereira,8,points,,,ERPSCM-116,ERPSCM-161,2026-02-21T13:10:35Z,2026-03-21T00:41:49Z,2026-03-19T16:27:30Z,mm-im;wave1;realize;config
ERPSCM,Aurora ERP: Supply Chain & Sales,ERPSCM-170,Configure contracts and scheduling agreements,story,To Do,todo,,,1,points,2026-03-04,2026-04-12,ERPSCM-110,,2026-02-22T09:58:16Z,2026-07-15T20:59:27Z,,mm-pur;wave1;realize;config
ERPSCM,Aurora ERP: Supply Chain & Sales,ERPSCM-171,Authorization role for warehouse structure Mississauga DC,task,Blocked,in_progress,u-hannah.pereira,Hannah Pereira,3,points,,,,ERPSCM-122,2026-02-22T14:04:36Z,2026-08-22T19:16:11Z,,ewm;wave1;realize;security
ERPSCM,Aurora ERP: Supply Chain & Sales,ERPSCM-172,Functional spec Conversion: batch management and shelf life for plant 1100 Guelph,task,Closed,done,u-marcus.souza,Marcus Souza,3,points,,2026-03-22,ERPSCM-86,,2026-02-22T15:18:35Z,2026-04-02T15:56:42Z,2026-04-01T11:01:22Z,mm-im;wave1;wricef
ERPSCM,Aurora ERP: Supply Chain & Sales,ERPSCM-173,Unit test: release strategy for POs above 50k CAD,task,In Progress,in_progress,u-aarav.taylor,Aarav Taylor,,points,,,ERPSCM-110,ERPSCM-114,2026-02-22T20:27:22Z,2026-08-17T13:58:51Z,,mm-pur;wave1;realize
ERPSCM,Aurora ERP: Supply Chain & Sales,ERPSCM-174,Configure purchase requisition workflow,story,Done,done,u-marcus.souza,Marcus Souza,1,points,,2026-04-26,ERPSCM-110,,2026-02-23T01:03:53Z,2026-04-25T14:50:23Z,2026-04-23T18:01:05Z,mm-pur;wave1;realize;config
ERPSCM,Aurora ERP: Supply Chain & Sales,ERPSCM-175,Functional spec Conversion: goods receipt with inbound delivery,task,Ready,todo,u-nikhil.almeida,Nikhil Almeida,,points,,2026-04-29,ERPSCM-86,,2026-02-25T01:29:52Z,2026-06-29T10:52:34Z,,mm-im;wave1;wricef
ERPSCM,Aurora ERP: Supply Chain & Sales,ERPSCM-176,Technical spec Conversion: wave management for plant 1100 Guelph,task,Done,done,,,2,points,,2026-04-29,ERPSCM-88,ERPSCM-162,2026-02-27T08:39:16Z,2026-05-08T22:28:09Z,2026-05-08T11:32:28Z,ewm;wave1;wricef
ERPSCM,Aurora ERP: Supply Chain & Sales,ERPSCM-177,Functional spec Enhancement: goods receipt with inbound delivery for plant 1100 Guelph,task,Closed,done,u-samuel.rocha,Samuel Rocha,3,points,,2026-04-10,ERPSCM-86,,2026-02-28T03:55:02Z,2026-04-20T21:30:48Z,2026-04-20T21:10:38Z,mm-im;wave1;wricef
ERPSCM,Aurora ERP: Supply Chain & Sales,ERPSCM-178,Configure output determination for delivery notes,story,Done,done,u-wendy.reddy,Wendy Reddy,13,points,,,ERPSCM-87,,2026-02-28T10:37:50Z,2026-05-03T14:17:40Z,2026-05-03T07:56:16Z,sd;wave1;realize;config
ERPSCM,Aurora ERP: Supply Chain & Sales,ERPSCM-179,Unit test: MRP areas per storage location,task,Done,done,u-hannah.pereira,Hannah Pereira,8,points,2026-03-24,,,ERPSCM-129,2026-02-28T14:36:42Z,2026-05-04T18:03:42Z,2026-05-04T07:02:06Z,mrp;wave1;realize
ERPSCM,Aurora ERP: Supply Chain & Sales,ERPSCM-180,Build Form: intercompany sales US to Canada for plant 1100 Guelph,story,Done,done,u-wendy.reddy,Wendy Reddy,5,points,,,ERPSCM-109,ERPSCM-135;ERPSCM-533,2026-03-01T05:57:22Z,2026-05-02T01:00:24Z,2026-05-01T09:08:03Z,sd;wave1;wricef
ERPSCM,Aurora ERP: Supply Chain & Sales,ERPSCM-181,Unit test: sales org and distribution channels,task,Blocked,in_progress,u-nikhil.iyer,Nikhil Iyer,5,points,2026-03-11,2026-04-19,ERPSCM-87,ERPSCM-100,2026-03-01T20:51:20Z,2026-08-12T07:23:24Z,,sd;wave1;realize
ERPSCM,Aurora ERP: Supply Chain & Sales,ERPSCM-182,Build Interface: purchase requisition workflow for plant 1100 Guelph,story,Closed,done,u-aarav.taylor,Aarav Taylor,8,points,,2026-04-17,ERPSCM-95,ERPSCM-130;ERPSCM-170,2026-03-01T23:31:40Z,2026-04-20T00:07:10Z,2026-04-18T06:42:48Z,mm-pur;wave1;wricef
ERPSCM,Aurora ERP: Supply Chain & Sales,ERPSCM-183,Configure ATP check with backorder processing,story,Closed,done,u-nikhil.iyer,Nikhil Iyer,5,points,2026-03-10,,ERPSCM-87,ERPSCM-167,2026-03-02T10:52:39Z,2026-04-23T18:28:16Z,2026-04-22T13:13:48Z,sd;wave1;realize;config
ERPSCM,Aurora ERP: Supply Chain & Sales,ERPSCM-184,Technical spec Enhancement: purchase requisition workflow,task,Done,done,u-gustavo.patel,Gustavo Patel,8,points,2026-03-15,,ERPSCM-95,ERPSCM-165,2026-03-02T22:53:06Z,2026-04-26T20:34:31Z,2026-04-26T01:06:38Z,mm-pur;wave1;wricef
ERPSCM,Aurora ERP: Supply Chain & Sales,ERPSCM-185,Configure safety stock and reorder points,story,Done,done,u-samuel.rocha,Samuel Rocha,3,points,2026-03-06,2026-04-13,,,2026-03-03T04:03:22Z,2026-04-21T07:35:19Z,2026-04-20T22:54:39Z,mrp;wave1;realize;config
ERPSCM,Aurora ERP: Supply Chain & Sales,ERPSCM-186,Unit test: safety stock and reorder points,task,Done,done,u-gustavo.patel,Gustavo Patel,2,points,2026-04-01,2026-05-19,ERPSCM-76,ERPSCM-185;ERPSCM-97,2026-03-03T06:59:47Z,2026-05-28T05:02:46Z,2026-05-27T17:43:27Z,mrp;wave1;realize
ERPSCM,Aurora ERP: Supply Chain & Sales,ERPSCM-187,Unit test: warehouse structure Mississauga DC,task,Closed,done,u-gustavo.patel,Gustavo Patel,3,points,2026-03-09,,ERPSCM-89,ERPSCM-122,2026-03-04T20:46:22Z,2026-04-22T14:29:18Z,2026-04-21T21:56:54Z,ewm;wave1;realize
ERPSCM,Aurora ERP: Supply Chain & Sales,ERPSCM-188,Build Conversion: batch management and shelf life for plant 1100 Guelph,story,Closed,done,u-marcus.gagnon,Marcus Gagnon,3,points,2026-03-20,,ERPSCM-86,ERPSCM-140;ERPSCM-329,2026-03-05T03:54:55Z,2026-04-26T10:19:35Z,2026-04-25T23:06:20Z,mm-im;wave1;wricef
ERPSCM,Aurora ERP: Supply Chain & Sales,ERPSCM-189,Unit test Interface: warehouse structure Mississauga DC for plant 1100 Guelph,task,Done,done,u-aarav.taylor,Aarav Taylor,13,points,,2026-05-02,,ERPSCM-146,2026-03-05T10:24:52Z,2026-05-05T06:31:11Z,2026-05-03T14:02:59Z,ewm;wave1;wricef
ERPSCM,Aurora ERP: Supply Chain & Sales,ERPSCM-190,Process design document: goods receipt with inbound delivery for plant 1100 Guelph,story,Closed,done,u-nikhil.almeida,Nikhil Almeida,5,points,,,ERPSCM-3,ERPSCM-117,2026-03-05T22:22:31Z,2026-03-14T02:10:57Z,2026-03-13T18:55:54Z,mm-im;wave1;explore
ERPSCM,Aurora ERP: Supply Chain & Sales,ERPSCM-191,Unit test: MRP types and lot sizing,task,Ready,todo,,,3,points,,,,ERPSCM-93,2026-03-07T00:48:43Z,2026-03-07T00:48:43Z,,mrp;wave1;realize
ERPSCM,Aurora ERP: Supply Chain & Sales,ERPSCM-192,Unit test Conversion: planning calendar for plant 1100 Guelph,task,Done,done,u-gustavo.patel,Gustavo Patel,2,points,2026-03-29,2026-05-16,ERPSCM-103,ERPSCM-158,2026-03-08T16:08:59Z,2026-05-19T03:12:58Z,2026-05-17T20:54:44Z,mrp;wave1;wricef
ERPSCM,Aurora ERP: Supply Chain & Sales,ERPSCM-193,Unit test: source list and quota arrangement,task,Done,done,u-bruno.costa,Bruno Costa,8,points,2026-03-25,2026-04-24,ERPSCM-110,ERPSCM-156,2026-03-10T04:22:13Z,2026-05-01T19:08:21Z,2026-04-30T21:41:50Z,mm-pur;wave1;realize
ERPSCM,Aurora ERP: Supply Chain & Sales,ERPSCM-194,Configure putaway rules for hazardous goods,story,Closed,done,u-aarav.taylor,Aarav Taylor,3,points,2026-03-22,,ERPSCM-89,,2026-03-10T18:42:20Z,2026-04-30T22:50:12Z,2026-04-29T00:56:03Z,ewm;wave1;realize;config
ERPSCM,Aurora ERP: Supply Chain & Sales,ERPSCM-195,Functional spec: wave management,task,To Do,todo,u-gustavo.patel,Gustavo Patel,5,points,,,ERPSCM-89,,2026-03-11T15:26:32Z,2026-03-12T18:17:40Z,,ewm;wave1;realize
ERPSCM,Aurora ERP: Supply Chain & Sales,ERPSCM-196,Configure returns and credit memo process,story,Closed,done,u-daniel.weber,Daniel Weber,2,points,,2026-05-14,ERPSCM-87,ERPSCM-205,2026-03-11T23:22:27Z,2026-05-13T00:27:08Z,2026-05-11T21:56:24Z,sd;wave1;realize;config
ERPSCM,Aurora ERP: Supply Chain & Sales,ERPSCM-197,Configure physical inventory cycle counting,story,In Progress,in_progress,u-aarav.taylor,Aarav Taylor,3,points,,,,,2026-03-11T23:26:45Z,2026-06-22T14:16:00Z,2026-06-20T04:18:50Z,mm-im;wave1;realize;config
ERPSCM,Aurora ERP: Supply Chain & Sales,ERPSCM-198,Build Interface: customer hierarchy,story,In Review,in_progress,u-aarav.taylor,Aarav Taylor,,points,,,ERPSCM-109,ERPSCM-152;ERPSCM-331,2026-03-12T17:44:52Z,2026-08-14T18:27:58Z,,sd;wave1;wricef
ERPSCM,Aurora ERP: Supply Chain & Sales,ERPSCM-199,Technical spec Form: revenue recognition for service contracts,task,Closed,done,u-daniel.weber,Daniel Weber,3,points,,,,ERPSCM-154,2026-03-12T20:09:29Z,2026-05-11T12:07:44Z,2026-05-11T10:39:36Z,sd;wave1;wricef
ERPSCM,Aurora ERP: Supply Chain & Sales,ERPSCM-200,Unit test: condition types for customer rebates,task,In Progress,in_progress,u-aarav.taylor,Aarav Taylor,5,points,2026-03-27,2026-05-05,ERPSCM-87,ERPSCM-151,2026-03-13T04:07:29Z,2026-08-21T19:31:06Z,,sd;wave1;realize
ERPSCM,Aurora ERP: Supply Chain & Sales,ERPSCM-201,Configure consignment stock process,story,Blocked,in_progress,u-ivan.almeida,Ivan Almeida,,points,,,ERPSCM-110,,2026-03-13T17:49:52Z,2026-08-19T20:16:24Z,,mm-pur;wave1;realize;config
ERPSCM,Aurora ERP: Supply Chain & Sales,ERPSCM-202,Functional spec Report: consignment stock process,task,Done,done,u-bruno.costa,Bruno Costa,5,points,2026-03-26,,ERPSCM-95,ERPSCM-156,2026-03-13T22:50:26Z,2026-04-25T01:48:36Z,2026-04-24T21:51:20Z,mm-pur;wave1;wricef
ERPSCM,Aurora ERP: Supply Chain & Sales,ERPSCM-203,Technical spec Enhancement: goods receipt with inbound delivery for plant 1100 Guelph,task,Done,done,u-victor.reddy,Victor Reddy,1,points,,,,ERPSCM-177,2026-03-14T15:36:56Z,2026-04-26T21:19:40Z,2026-04-25T18:52:02Z,mm-im;wave1;wricef
ERPSCM,Aurora ERP: Supply Chain & Sales,ERPSCM-204,Build Conversion: safety stock and reorder points,story,To Do,todo,,,2,points,,,ERPSCM-103,ERPSCM-137;ERPSCM-339,2026-03-16T04:32:59Z,2026-06-18T08:26:34Z,,mrp;wave1;wricef
ERPSCM,Aurora ERP: Supply Chain & Sales,ERPSCM-205,Functional spec: returns and credit memo process,task,Done,done,u-bruno.costa,Bruno Costa,2,points,,,ERPSCM-87,,2026-03-16T13:00:26Z,2026-05-08T11:47:16Z,2026-05-08T09:05:33Z,sd;wave1;realize
ERPSCM,Aurora ERP: Supply Chain & Sales,ERPSCM-206,Unit test: handling unit management,task,Done,done,u-aarav.taylor,Aarav Taylor,3,points,,2026-05-03,ERPSCM-89,ERPSCM-163,2026-03-16T15:44:18Z,2026-05-07T18:30:16Z,2026-05-07T08:55:11Z,ewm;wave1;realize
ERPSCM,Aurora ERP: Supply Chain & Sales,ERPSCM-207,Unit test: ATP check with backorder processing,task,In Progress,in_progress,u-joao.costa,João Costa,5,points,,2026-05-09,ERPSCM-87,ERPSCM-183,2026-03-16T20:34:47Z,2026-08-23T07:23:44Z,,sd;wave1;realize
ERPSCM,Aurora ERP: Supply Chain & Sales,ERPSCM-208,Configure intercompany sales US to Canada,story,Closed,done,u-aarav.taylor,Aarav Taylor,,points,,2026-05-20,ERPSCM-87,,2026-03-17T10:59:29Z,2026-05-27T05:45:43Z,2026-05-26T01:27:03Z,sd;wave1;realize;config
ERPSCM,Aurora ERP: Supply Chain & Sales,ERPSCM-209,Unit test: contracts and scheduling agreements,task,In Progress,in_progress,u-joao.costa,João Costa,8,points,,2026-05-05,ERPSCM-110,ERPSCM-170,2026-03-17T22:33:42Z,2026-06-21T09:29:12Z,,mm-pur;wave1;realize
ERPSCM,Aurora ERP: Supply Chain & Sales,ERPSCM-210,Configure STO between plants 1100 and 1200,story,Backlog,todo,,,,points,,,ERPSCM-116,,2026-03-17T22:34:50Z,2026-08-14T21:25:44Z,,mm-im;wave1;realize;config
ERPSCM,Aurora ERP: Supply Chain & Sales,ERPSCM-211,Functional spec: vendor evaluation,task,Done,done,u-gustavo.patel,Gustavo Patel,8,points,,,,,2026-03-18T13:15:45Z,2026-05-06T09:08:06Z,2026-05-05T07:39:08Z,mm-pur;wave1;realize
ERPSCM,Aurora ERP: Supply Chain & Sales,ERPSCM-212,Configure vendor evaluation,story,Closed,done,u-gustavo.nguyen,Gustavo Nguyen,3,points,,,ERPSCM-110,ERPSCM-211,2026-03-19T10:38:33Z,2026-05-20T00:50:03Z,2026-05-18T21:31:45Z,mm-pur;wave1;realize;config
ERPSCM,Aurora ERP: Supply Chain & Sales,ERPSCM-213,Configure planning calendar,story,Blocked,in_progress,u-gustavo.nguyen,Gustavo Nguyen,,points,2026-03-21,2026-04-27,ERPSCM-76,,2026-03-19T14:21:41Z,2026-08-14T20:19:31Z,,mrp;wave1;realize;config
ERPSCM,Aurora ERP: Supply Chain & Sales,ERPSCM-214,Unit test Form: intercompany sales US to Canada for plant 1100 Guelph,task,Closed,done,u-samuel.rocha,Samuel Rocha,5,points,,,ERPSCM-109,ERPSCM-180,2026-03-20T00:10:06Z,2026-05-14T11:53:51Z,2026-05-13T02:34:32Z,sd;wave1;wricef
ERPSCM,Aurora ERP: Supply Chain & Sales,ERPSCM-215,Unit test: putaway rules for hazardous goods,task,Done,done,,,5,points,,2026-05-26,ERPSCM-89,ERPSCM-194,2026-03-20T04:22:25Z,2026-05-22T22:17:33Z,2026-05-21T22:31:37Z,ewm;wave1;realize
ERPSCM,Aurora ERP: Supply Chain & Sales,ERPSCM-216,Build Enhancement: goods receipt with inbound delivery for plant 1100 Guelph,story,Closed,done,u-aarav.taylor,Aarav Taylor,3,points,,,ERPSCM-86,ERPSCM-203;ERPSCM-121,2026-03-20T09:56:15Z,2026-05-16T13:40:11Z,2026-05-15T21:28:57Z,mm-im;wave1;wricef
ERPSCM,Aurora ERP: Supply Chain & Sales,ERPSCM-217,Unit test: physical inventory cycle counting,task,Done,done,u-nikhil.iyer,Nikhil Iyer,1,points,2026-04-10,2026-05-13,ERPSCM-116,ERPSCM-197,2026-03-21T04:30:10Z,2026-05-18T14:11:38Z,2026-05-17T17:47:02Z,mm-im;wave1;realize
ERPSCM,Aurora ERP: Supply Chain & Sales,ERPSCM-218,Build Enhancement: purchase requisition workflow,story,Closed,done,u-samuel.rocha,Samuel Rocha,2,points,2026-04-02,,ERPSCM-95,ERPSCM-184;ERPSCM-528,2026-03-21T22:46:10Z,2026-05-13T23:18:46Z,2026-05-12T19:55:22Z,mm-pur;wave1;wricef
ERPSCM,Aurora ERP: Supply Chain & Sales,ERPSCM-219,Unit test: movement types and reasons,task,Done,done,u-hannah.pereira,Hannah Pereira,5,points,2026-03-25,,ERPSCM-116,ERPSCM-121;ERPSCM-393,2026-03-22T00:57:31Z,2026-05-12T01:29:33Z,2026-05-10T17:50:29Z,mm-im;wave1;realize
ERPSCM,Aurora ERP: Supply Chain & Sales,ERPSCM-220,Unit test Conversion: batch management and shelf life for plant 1100 Guelph,task,In Progress,in_progress,u-aarav.taylor,Aarav Taylor,8,points,,,ERPSCM-86,ERPSCM-188,2026-03-22T05:11:54Z,2026-08-20T15:36:17Z,,mm-im;wave1;wricef
ERPSCM,Aurora ERP: Supply Chain & Sales,ERPSCM-221,Unit test Interface: purchase requisition workflow for plant 1100 Guelph,task,Closed,done,u-aarav.taylor,Aarav Taylor,1,points,2026-04-03,,,ERPSCM-182,2026-03-22T16:28:43Z,2026-05-11T12:54:59Z,2026-05-10T21:43:46Z,mm-pur;wave1;wricef
ERPSCM,Aurora ERP: Supply Chain & Sales,ERPSCM-222,Functional spec Enhancement: planning calendar for plant 1100 Guelph,task,Closed,done,u-bruno.costa,Bruno Costa,3,points,,,,,2026-03-22T16:35:56Z,2026-05-12T20:03:23Z,2026-05-12T19:26:53Z,mrp;wave1;wricef
ERPSCM,Aurora ERP: Supply Chain & Sales,ERPSCM-223,Functional spec: subcontracting with components,task,Done,done,u-marcus.souza,Marcus Souza,1,points,,,ERPSCM-110,,2026-03-22T21:30:10Z,2026-05-31T23:33:57Z,2026-05-30T01:24:41Z,mm-pur;wave1;realize
ERPSCM,Aurora ERP: Supply Chain & Sales,ERPSCM-224,Technical spec Form: intercompany sales US to Canada,task,Closed,done,u-bruno.costa,Bruno Costa,3,points,2026-04-11,2026-05-15,ERPSCM-109,ERPSCM-227,2026-03-23T01:01:17Z,2026-05-17T01:56:21Z,2026-05-16T14:13:07Z,sd;wave1;wricef
ERPSCM,Aurora ERP: Supply Chain & Sales,ERPSCM-225,Technical spec Enhancement: planning calendar for plant 1100 Guelph,task,Closed,done,u-marcus.gagnon,Marcus Gagnon,8,points,2026-04-15,,ERPSCM-103,ERPSCM-222,2026-03-23T07:11:02Z,2026-05-22T20:57:32Z,2026-05-22T03:22:07Z,mrp;wave1;wricef
ERPSCM,Aurora ERP: Supply Chain & Sales,ERPSCM-226,Configure RF device screens,story,Done,done,u-samuel.rocha,Samuel Rocha,1,points,,2026-05-13,ERPSCM-89,,2026-03-24T22:53:06Z,2026-05-18T18:09:03Z,2026-05-17T00:51:42Z,ewm;wave1;realize;config
ERPSCM,Aurora ERP: Supply Chain & Sales,ERPSCM-227,Functional spec Form: intercompany sales US to Canada,task,Done,done,u-hannah.pereira,Hannah Pereira,2,points,,,,,2026-03-25T11:45:24Z,2026-04-30T22:19:48Z,2026-04-30T05:46:17Z,sd;wave1;wricef
ERPSCM,Aurora ERP: Supply Chain & Sales,ERPSCM-228,"Functional spec: carrier labels (Purolator, FedEx)",task,In Progress,in_progress,u-wendy.reddy,Wendy Reddy,3,points,,2026-05-31,ERPSCM-89,,2026-03-26T06:56:36Z,2026-07-20T19:00:43Z,,ewm;wave1;realize
ERPSCM,Aurora ERP: Supply Chain & Sales,ERPSCM-229,Unit test: output determination for delivery notes,task,Done,done,u-aarav.taylor,Aarav Taylor,13,points,,,ERPSCM-87,ERPSCM-178,2026-03-26T17:25:45Z,2026-05-26T12:19:57Z,2026-05-24T12:35:42Z,sd;wave1;realize
ERPSCM,Aurora ERP: Supply Chain & Sales,ERPSCM-230,Technical spec Workflow: demand management PIRs,task,Done,done,u-ivan.almeida,Ivan Almeida,2,points,,2026-05-10,ERPSCM-103,ERPSCM-144,2026-03-27T02:45:55Z,2026-05-19T02:00:27Z,2026-05-17T23:22:38Z,mrp;wave1;wricef
ERPSCM,Aurora ERP: Supply Chain & Sales,ERPSCM-231,Functional spec Workflow: safety stock and reorder points,task,Blocked,in_progress,u-wendy.reddy,Wendy Reddy,5,points,,2026-05-26,ERPSCM-103,,2026-03-27T05:10:37Z,2026-08-12T14:56:24Z,,mrp;wave1;wricef
ERPSCM,Aurora ERP: Supply Chain & Sales,ERPSCM-232,Configure subcontracting with components,story,Closed,done,u-aarav.taylor,Aarav Taylor,5,points,2026-04-22,2026-05-21,ERPSCM-110,ERPSCM-223,2026-03-27T17:20:18Z,2026-05-22T00:08:03Z,2026-05-20T02:20:25Z,mm-pur;wave1;realize;config
ERPSCM,Aurora ERP: Supply Chain & Sales,ERPSCM-233,Unit test: pick/pack/ship strategies,task,Closed,done,u-marcus.gagnon,Marcus Gagnon,8,points,2026-04-06,2026-05-15,ERPSCM-89,ERPSCM-153,2026-03-28T18:55:55Z,2026-05-19T16:48:17Z,2026-05-19T04:16:18Z,ewm;wave1;realize
ERPSCM,Aurora ERP: Supply Chain & Sales,ERPSCM-234,Technical spec Conversion: goods receipt with inbound delivery,task,To Do,todo,u-hannah.pereira,Hannah Pereira,,points,2026-04-09,2026-05-13,ERPSCM-86,ERPSCM-175,2026-03-29T12:33:39Z,2026-05-14T16:33:29Z,,mm-im;wave1;wricef
ERPSCM,Aurora ERP: Supply Chain & Sales,ERPSCM-235,Build Workflow: demand management PIRs,story,Blocked,in_progress,u-henrique.weber,Henrique Weber,,points,2026-04-12,2026-06-01,ERPSCM-103,ERPSCM-230;ERPSCM-298,2026-03-29T14:49:43Z,2026-08-05T15:24:15Z,,mrp;wave1;wricef
ERPSCM,Aurora ERP: Supply Chain & Sales,ERPSCM-236,Functional spec: export documents for US border (Livingston),task,Done,done,u-aarav.taylor,Aarav Taylor,1,points,,2026-05-29,ERPSCM-87,,2026-03-29T20:14:02Z,2026-05-27T06:46:39Z,2026-05-27T06:28:28Z,sd;wave1;realize
ERPSCM,Aurora ERP: Supply Chain & Sales,ERPSCM-237,Configure batch management and shelf life,story,Done,done,u-nikhil.almeida,Nikhil Almeida,8,points,,2026-05-04,,,2026-03-30T02:09:10Z,2026-05-13T16:42:20Z,2026-05-12T10:56:05Z,mm-im;wave1;realize;config
ERPSCM,Aurora ERP: Supply Chain & Sales,ERPSCM-238,Unit test: returns and credit memo process,task,Done,done,u-victor.reddy,Victor Reddy,1,points,,,ERPSCM-87,ERPSCM-196;ERPSCM-251,2026-03-30T05:17:08Z,2026-06-12T12:09:20Z,2026-06-11T14:39:22Z,sd;wave1;realize
ERPSCM,Aurora ERP: Supply Chain & Sales,ERPSCM-239,Build Conversion: goods receipt with inbound delivery,story,Closed,done,u-joao.costa,João Costa,3,points,2026-04-21,,ERPSCM-86,ERPSCM-234;ERPSCM-338,2026-03-31T07:27:25Z,2026-06-05T00:24:12Z,2026-06-03T10:33:21Z,mm-im;wave1;wricef
ERPSCM,Aurora ERP: Supply Chain & Sales,ERPSCM-240,Technical spec Interface: ATP check with backorder processing,task,Done,done,u-gustavo.nguyen,Gustavo Nguyen,8,points,,2026-06-11,,ERPSCM-242,2026-04-02T23:02:33Z,2026-06-18T18:17:24Z,2026-06-17T20:13:23Z,sd;wave1;wricef
ERPSCM,Aurora ERP: Supply Chain & Sales,ERPSCM-241,Configure MRP Live cockpit,story,Blocked,in_progress,,,3,points,2026-04-07,,ERPSCM-76,,2026-04-03T05:37:56Z,2026-08-19T07:46:11Z,,mrp;wave1;realize;config
ERPSCM,Aurora ERP: Supply Chain & Sales,ERPSCM-242,Functional spec Interface: ATP check with backorder processing,task,Done,done,u-aarav.taylor,Aarav Taylor,3,points,,,ERPSCM-109,,2026-04-04T06:09:13Z,2026-05-27T18:38:43Z,2026-05-26T13:36:53Z,sd;wave1;wricef
ERPSCM,Aurora ERP: Supply Chain & Sales,ERPSCM-243,Functional spec Report: wave management,task,Done,done,u-nikhil.iyer,Nikhil Iyer,8,points,,2026-05-21,,,2026-04-04T13:42:44Z,2026-05-29T09:03:22Z,2026-05-27T19:56:47Z,ewm;wave1;wricef
ERPSCM,Aurora ERP: Supply Chain & Sales,ERPSCM-244,Functional spec: Ariba supplier network readiness,task,Done,done,u-gustavo.patel,Gustavo Patel,3,points,,2026-06-06,ERPSCM-110,,2026-04-05T16:06:52Z,2026-06-02T05:31:54Z,2026-06-02T01:36:49Z,mm-pur;wave1;realize
ERPSCM,Aurora ERP: Supply Chain & Sales,ERPSCM-245,Configure customer hierarchy,story,Done,done,u-victor.reddy,Victor Reddy,5,points,2026-04-17,,ERPSCM-87,,2026-04-05T17:34:55Z,2026-05-24T08:40:37Z,2026-05-23T00:07:07Z,sd;wave1;realize;config
ERPSCM,Aurora ERP: Supply Chain & Sales,ERPSCM-246,Functional spec: demand management PIRs,task,In Progress,in_progress,u-samuel.rocha,Samuel Rocha,1,points,2026-04-18,2026-05-26,ERPSCM-76,,2026-04-05T22:16:32Z,2026-08-24T00:00:00Z,,mrp;wave1;realize
ERPSCM,Aurora ERP: Supply Chain & Sales,ERPSCM-247,"Configure carrier labels (Purolator, FedEx)",story,Done,done,u-samuel.rocha,Samuel Rocha,8,points,,2026-06-04,,ERPSCM-228,2026-04-06T06:01:36Z,2026-06-04T00:18:13Z,2026-06-03T20:11:40Z,ewm;wave1;realize;config
ERPSCM,Aurora ERP: Supply Chain & Sales,ERPSCM-248,Unit test: purchase requisition workflow,task,In Progress,in_progress,u-samuel.rocha,Samuel Rocha,2,points,,,ERPSCM-110,ERPSCM-174;ERPSCM-14,2026-04-06T08:35:53Z,2026-08-20T16:20:28Z,,mm-pur;wave1;realize
ERPSCM,Aurora ERP: Supply Chain & Sales,ERPSCM-249,Functional spec Conversion: contracts and scheduling agreements for plant 1100 Guelph,task,Done,done,u-samuel.rocha,Samuel Rocha,8,points,,2026-05-26,ERPSCM-95,,2026-04-06T12:42:26Z,2026-05-23T04:58:00Z,2026-05-23T04:53:40Z,mm-pur;wave1;wricef
ERPSCM,Aurora ERP: Supply Chain & Sales,ERPSCM-250,Unit test: vendor evaluation,task,Done,done,u-gustavo.nguyen,Gustavo Nguyen,8,points,2026-04-22,,ERPSCM-110,ERPSCM-212,2026-04-06T16:53:51Z,2026-05-31T17:10:10Z,2026-05-31T06:25:20Z,mm-pur;wave1;realize
ERPSCM,Aurora ERP: Supply Chain & Sales,ERPSCM-251,Configure Ariba supplier network readiness,story,Closed,done,u-wendy.reddy,Wendy Reddy,5,points,,2026-06-09,ERPSCM-110,ERPSCM-244,2026-04-07T08:37:34Z,2026-06-08T10:44:19Z,2026-06-07T10:32:40Z,mm-pur;wave1;realize;config
ERPSCM,Aurora ERP: Supply Chain & Sales,ERPSCM-252,Unit test Enhancement: goods receipt with inbound delivery for plant 1100 Guelph,task,Done,done,u-samuel.rocha,Samuel Rocha,3,points,,,ERPSCM-86,ERPSCM-216,2026-04-07T14:21:09Z,2026-06-19T20:17:26Z,2026-06-18T12:46:15Z,mm-im;wave1;wricef
ERPSCM,Aurora ERP: Supply Chain & Sales,ERPSCM-253,Functional spec Conversion: storage locations for Guelph plant,task,In Progress,in_progress,u-hannah.pereira,Hannah Pereira,,points,,,ERPSCM-86,,2026-04-07T17:51:20Z,2026-08-13T17:00:28Z,,mm-im;wave1;wricef
ERPSCM,Aurora ERP: Supply Chain & Sales,ERPSCM-254,Configure export documents for US border (Livingston),story,Done,done,u-nikhil.iyer,Nikhil Iyer,8,points,,,ERPSCM-87,ERPSCM-236,2026-04-07T19:38:32Z,2026-06-15T02:52:59Z,2026-06-15T01:19:30Z,sd;wave1;realize;config
ERPSCM,Aurora ERP: Supply Chain & Sales,ERPSCM-255,Authorization role for contracts and scheduling agreements,task,Done,done,u-henrique.weber,Henrique Weber,2,points,,,ERPSCM-110,ERPSCM-170,2026-04-08T04:13:09Z,2026-05-29T23:13:37Z,2026-05-28T15:11:58Z,mm-pur;wave1;realize;security
ERPSCM,Aurora ERP: Supply Chain & Sales,ERPSCM-256,Build Form: revenue recognition for service contracts,story,Closed,done,u-victor.reddy,Victor Reddy,13,points,,2026-05-25,ERPSCM-109,ERPSCM-199;ERPSCM-533,2026-04-09T00:45:03Z,2026-05-25T09:26:16Z,2026-05-24T19:30:33Z,sd;wave1;wricef
ERPSCM,Aurora ERP: Supply Chain & Sales,ERPSCM-257,Build Enhancement: planning calendar for plant 1100 Guelph,story,Ready,todo,,,,points,2026-05-02,,ERPSCM-103,ERPSCM-225;ERPSCM-312,2026-04-09T15:19:23Z,2026-05-14T18:25:40Z,,mrp;wave1;wricef
ERPSCM,Aurora ERP: Supply Chain & Sales,ERPSCM-258,Functional spec: purchasing org 1000 and groups for plant 1100 Guelph,task,Done,done,u-hannah.pereira,Hannah Pereira,1,points,2026-05-01,2026-06-08,ERPSCM-110,,2026-04-09T16:40:33Z,2026-06-20T00:28:41Z,2026-06-19T09:28:11Z,mm-pur;wave1;realize
ERPSCM,Aurora ERP: Supply Chain & Sales,ERPSCM-259,Configure goods receipt with inbound delivery,story,Done,done,u-nikhil.almeida,Nikhil Almeida,5,points,,,,,2026-04-10T00:37:43Z,2026-06-08T12:24:29Z,2026-06-06T14:19:19Z,mm-im;wave1;realize;config
ERPSCM,Aurora ERP: Supply Chain & Sales,ERPSCM-260,Build Form: intercompany sales US to Canada,story,Done,done,u-bruno.costa,Bruno Costa,1,points,,2026-05-30,ERPSCM-109,ERPSCM-224;ERPSCM-151,2026-04-10T09:18:31Z,2026-06-06T03:28:33Z,,sd;wave1;wricef
ERPSCM,Aurora ERP: Supply Chain & Sales,ERPSCM-261,Functional spec: sales org and distribution channels for plant 1100 Guelph,task,Closed,done,u-hannah.pereira,Hannah Pereira,8,points,2026-05-07,2026-06-24,ERPSCM-87,,2026-04-10T17:43:23Z,2026-07-04T10:56:24Z,2026-07-02T11:25:15Z,sd;wave1;realize
ERPSCM,Aurora ERP: Supply Chain & Sales,ERPSCM-262,Configure stock in transit valuation,story,In Progress,in_progress,u-samuel.rocha,Samuel Rocha,3,points,,,ERPSCM-116,ERPSCM-290;ERPSCM-311,2026-04-10T22:44:17Z,2026-07-21T18:27:31Z,,mm-im;wave1;realize;config
ERPSCM,Aurora ERP: Supply Chain & Sales,ERPSCM-263,Technical spec Report: consignment stock process,task,To Do,todo,u-aarav.taylor,Aarav Taylor,5,points,,2026-05-17,ERPSCM-95,ERPSCM-202,2026-04-11T02:16:35Z,2026-07-16T11:28:15Z,,mm-pur;wave1;wricef
ERPSCM,Aurora ERP: Supply Chain & Sales,ERPSCM-264,Functional spec Interface: sales org and distribution channels,task,In Review,in_progress,,,1,points,2026-04-28,2026-06-08,ERPSCM-109,ERPSCM-447,2026-04-11T03:07:45Z,2026-08-13T11:40:08Z,,sd;wave1;wricef
ERPSCM,Aurora ERP: Supply Chain & Sales,ERPSCM-265,Unit test: planning calendar,task,Closed,done,u-aarav.taylor,Aarav Taylor,2,points,2026-04-20,2026-06-04,ERPSCM-76,ERPSCM-213,2026-04-11T07:34:05Z,2026-06-08T08:08:36Z,2026-06-06T08:15:47Z,mrp;wave1;realize
ERPSCM,Aurora ERP: Supply Chain & Sales,ERPSCM-266,Unit test: intercompany sales US to Canada,task,Done,done,u-aarav.taylor,Aarav Taylor,3,points,,,ERPSCM-87,ERPSCM-208,2026-04-12T17:20:57Z,2026-06-22T21:21:58Z,2026-06-21T21:56:15Z,sd;wave1;realize
ERPSCM,Aurora ERP: Supply Chain & Sales,ERPSCM-267,Build Conversion: wave management for plant 1100 Guelph,story,To Do,todo,u-samuel.rocha,Samuel Rocha,,points,,2026-05-28,ERPSCM-88,ERPSCM-176;ERPSCM-163,2026-04-13T05:06:51Z,2026-07-06T09:00:10Z,,ewm;wave1;wricef
ERPSCM,Aurora ERP: Supply Chain & Sales,ERPSCM-268,Unit test Conversion: safety stock and reorder points,task,Closed,done,u-gustavo.nguyen,Gustavo Nguyen,5,points,,,ERPSCM-103,ERPSCM-204,2026-04-15T08:10:32Z,2026-05-31T23:20:37Z,2026-05-31T14:23:08Z,mrp;wave1;wricef
ERPSCM,Aurora ERP: Supply Chain & Sales,ERPSCM-269,Configure warehouse structure Mississauga DC for plant 1100 Guelph,story,To Do,todo,u-nikhil.iyer,Nikhil Iyer,,points,,2026-06-16,,ERPSCM-640,2026-04-15T21:08:34Z,2026-06-07T19:44:49Z,,ewm;wave1;realize;config
ERPSCM,Aurora ERP: Supply Chain & Sales,ERPSCM-270,Unit test Enhancement: purchase requisition workflow,task,Closed,done,u-aarav.taylor,Aarav Taylor,2,points,2026-04-26,,ERPSCM-95,ERPSCM-218,2026-04-16T02:20:22Z,2026-06-05T13:18:37Z,2026-06-03T13:49:18Z,mm-pur;wave1;wricef
ERPSCM,Aurora ERP: Supply Chain & Sales,ERPSCM-271,Unit test: STO between plants 1100 and 1200,task,In Review,in_progress,u-aarav.taylor,Aarav Taylor,8,points,,,,ERPSCM-210,2026-04-16T07:35:27Z,2026-08-14T11:00:48Z,,mm-im;wave1;realize
ERPSCM,Aurora ERP: Supply Chain & Sales,ERPSCM-272,Unit test Interface: customer hierarchy,task,Blocked,in_progress,u-aarav.taylor,Aarav Taylor,3,points,2026-04-15,,ERPSCM-109,ERPSCM-198;ERPSCM-538,2026-04-16T08:42:41Z,2026-06-24T21:08:21Z,,sd;wave1;wricef
ERPSCM,Aurora ERP: Supply Chain & Sales,ERPSCM-273,Build Interface: ATP check with backorder processing,story,Done,done,u-nikhil.iyer,Nikhil Iyer,5,points,,2026-06-16,ERPSCM-109,ERPSCM-240;ERPSCM-331,2026-04-17T01:23:41Z,2026-06-15T18:37:31Z,2026-06-14T12:02:15Z,sd;wave1;wricef
ERPSCM,Aurora ERP: Supply Chain & Sales,ERPSCM-274,Configure wave management,story,Done,done,u-bruno.costa,Bruno Costa,3,points,,,ERPSCM-89,ERPSCM-195,2026-04-17T06:02:58Z,2026-06-06T01:16:19Z,2026-06-04T05:39:46Z,ewm;wave1;realize;config
ERPSCM,Aurora ERP: Supply Chain & Sales,ERPSCM-275,Functional spec Enhancement: goods receipt with inbound delivery for plant 1100 Guelph,task,To Do,todo,,,,points,,2026-06-06,ERPSCM-86,,2026-04-17T11:22:06Z,2026-06-01T18:31:09Z,,mm-im;wave1;wricef
ERPSCM,Aurora ERP: Supply Chain & Sales,ERPSCM-276,Unit test Workflow: demand management PIRs,task,Done,done,u-gustavo.patel,Gustavo Patel,,points,,,ERPSCM-103,ERPSCM-235,2026-04-17T16:25:00Z,2026-06-17T17:57:19Z,2026-06-17T06:37:50Z,mrp;wave1;wricef
ERPSCM,Aurora ERP: Supply Chain & Sales,ERPSCM-277,Technical spec Interface: sales org and distribution channels,task,Closed,done,u-aarav.taylor,Aarav Taylor,5,points,,2026-06-25,ERPSCM-109,ERPSCM-264,2026-04-18T16:31:37Z,2026-06-26T06:06:36Z,2026-06-24T12:49:40Z,sd;wave1;wricef
ERPSCM,Aurora ERP: Supply Chain & Sales,ERPSCM-278,Unit test Form: revenue recognition for service contracts,task,In Progress,in_progress,u-wendy.reddy,Wendy Reddy,2,points,,2026-06-10,ERPSCM-109,ERPSCM-256,2026-04-18T19:51:44Z,2026-06-28T08:16:11Z,,sd;wave1;wricef
ERPSCM,Aurora ERP: Supply Chain & Sales,ERPSCM-279,Functional spec: pricing procedure ZVAA01 for plant 1100 Guelph,task,To Do,todo,u-nikhil.almeida,Nikhil Almeida,,points,,,,,2026-04-19T03:52:11Z,2026-04-19T03:52:11Z,,sd;wave1;realize
ERPSCM,Aurora ERP: Supply Chain & Sales,ERPSCM-280,Unit test: goods receipt with inbound delivery,task,Blocked,in_progress,u-gustavo.patel,Gustavo Patel,,points,2026-05-18,,ERPSCM-116,ERPSCM-259,2026-04-19T08:34:46Z,2026-08-15T18:57:49Z,,mm-im;wave1;realize
ERPSCM,Aurora ERP: Supply Chain & Sales,ERPSCM-281,Unit test Conversion: wave management for plant 1100 Guelph,task,To Do,todo,u-samuel.rocha,Samuel Rocha,5,points,2026-05-05,2026-06-14,ERPSCM-88,ERPSCM-267,2026-04-19T08:41:52Z,2026-05-04T14:27:21Z,,ewm;wave1;wricef
ERPSCM,Aurora ERP: Supply Chain & Sales,ERPSCM-282,Unit test: wave management,task,Closed,done,u-samuel.rocha,Samuel Rocha,3,points,,,ERPSCM-89,ERPSCM-274,2026-04-19T08:50:37Z,2026-06-13T01:13:46Z,2026-06-11T15:44:46Z,ewm;wave1;realize
ERPSCM,Aurora ERP: Supply Chain & Sales,ERPSCM-283,Technical spec Workflow: MRP Live cockpit,task,Closed,done,u-gustavo.patel,Gustavo Patel,13,points,2026-05-18,2026-06-22,ERPSCM-103,ERPSCM-285,2026-04-20T00:25:12Z,2026-07-02T16:52:08Z,2026-07-01T16:03:21Z,mrp;wave1;wricef
ERPSCM,Aurora ERP: Supply Chain & Sales,ERPSCM-284,Unit test: batch management and shelf life,task,Closed,done,u-hannah.pereira,Hannah Pereira,8,points,2026-04-26,2026-06-04,ERPSCM-116,ERPSCM-237,2026-04-20T09:17:50Z,2026-06-08T09:28:58Z,2026-06-07T06:15:42Z,mm-im;wave1;realize
ERPSCM,Aurora ERP: Supply Chain & Sales,ERPSCM-285,Functional spec Workflow: MRP Live cockpit,task,Done,done,u-nikhil.iyer,Nikhil Iyer,1,points,,2026-06-16,ERPSCM-103,,2026-04-21T11:53:44Z,2026-06-14T16:22:10Z,2026-06-14T08:40:34Z,mrp;wave1;wricef
ERPSCM,Aurora ERP: Supply Chain & Sales,ERPSCM-286,Technical spec Workflow: safety stock and reorder points,task,In Progress,in_progress,u-aarav.taylor,Aarav Taylor,5,points,,2026-06-05,ERPSCM-103,ERPSCM-231,2026-04-21T12:00:56Z,2026-08-02T18:19:33Z,,mrp;wave1;wricef
ERPSCM,Aurora ERP: Supply Chain & Sales,ERPSCM-287,Unit test: MRP Live cockpit,task,Closed,done,u-marcus.souza,Marcus Souza,1,points,,2026-06-12,ERPSCM-76,ERPSCM-241,2026-04-21T18:02:33Z,2026-06-10T03:35:01Z,2026-06-09T09:04:30Z,mrp;wave1;realize
ERPSCM,Aurora ERP: Supply Chain & Sales,ERPSCM-288,Functional spec Report: Ariba supplier network readiness,task,Backlog,todo,,,2,points,2026-05-08,,,,2026-04-21T19:19:46Z,2026-07-10T10:21:34Z,,mm-pur;wave1;wricef
ERPSCM,Aurora ERP: Supply Chain & Sales,ERPSCM-289,Unit test Conversion: goods receipt with inbound delivery,task,Closed,done,u-gustavo.nguyen,Gustavo Nguyen,5,points,,2026-06-16,ERPSCM-86,ERPSCM-239,2026-04-22T07:07:21Z,2026-06-18T20:36:19Z,2026-06-18T17:30:12Z,mm-im;wave1;wricef
ERPSCM,Aurora ERP: Supply Chain & Sales,ERPSCM-290,Functional spec: stock in transit valuation,task,Done,done,u-marcus.gagnon,Marcus Gagnon,5,points,2026-05-02,,ERPSCM-116,,2026-04-22T13:42:27Z,2026-06-02T16:21:51Z,2026-06-02T16:21:32Z,mm-im;wave1;realize
ERPSCM,Aurora ERP: Supply Chain & Sales,ERPSCM-291,Unit test: subcontracting with components,task,In Progress,in_progress,u-hannah.pereira,Hannah Pereira,2,points,,,ERPSCM-110,ERPSCM-232,2026-04-22T19:26:00Z,2026-08-13T15:35:22Z,,mm-pur;wave1;realize
ERPSCM,Aurora ERP: Supply Chain & Sales,ERPSCM-292,Configure purchasing org 1000 and groups for plant 1100 Guelph,story,Closed,done,u-gustavo.nguyen,Gustavo Nguyen,8,points,,2026-06-22,ERPSCM-110,ERPSCM-258,2026-04-22T21:55:32Z,2026-07-01T12:10:22Z,2026-06-30T14:57:30Z,mm-pur;wave1;realize;config
ERPSCM,Aurora ERP: Supply Chain & Sales,ERPSCM-293,Technical spec Conversion: contracts and scheduling agreements for plant 1100 Guelph,task,Closed,done,u-aarav.taylor,Aarav Taylor,3,points,,,ERPSCM-95,ERPSCM-249,2026-04-23T21:47:18Z,2026-06-04T18:04:25Z,2026-06-03T01:35:51Z,mm-pur;wave1;wricef
ERPSCM,Aurora ERP: Supply Chain & Sales,ERPSCM-294,Unit test: RF device screens,task,Ready,todo,u-aarav.taylor,Aarav Taylor,1,points,,,ERPSCM-89,ERPSCM-226,2026-04-25T07:11:08Z,2026-04-25T07:11:08Z,,ewm;wave1;realize
ERPSCM,Aurora ERP: Supply Chain & Sales,ERPSCM-295,Technical spec Report: wave management,task,In Progress,in_progress,u-aarav.taylor,Aarav Taylor,,points,,2026-06-12,ERPSCM-88,ERPSCM-243,2026-04-27T02:48:02Z,2026-08-04T15:32:52Z,,ewm;wave1;wricef
ERPSCM,Aurora ERP: Supply Chain & Sales,ERPSCM-296,Functional spec Workflow: warehouse structure Mississauga DC for plant 1100 Guelph,task,Closed,done,u-nikhil.iyer,Nikhil Iyer,3,points,,2026-06-26,ERPSCM-88,,2026-04-27T05:25:51Z,2026-06-29T04:14:09Z,2026-06-27T23:03:33Z,ewm;wave1;wricef
ERPSCM,Aurora ERP: Supply Chain & Sales,ERPSCM-297,Build Conversion: storage locations for Guelph plant,story,In Progress,in_progress,,,8,points,2026-05-13,,ERPSCM-86,ERPSCM-300;ERPSCM-210,2026-04-27T09:48:07Z,2026-08-14T14:24:36Z,,mm-im;wave1;wricef
ERPSCM,Aurora ERP: Supply Chain & Sales,ERPSCM-298,Configure demand management PIRs,story,Closed,done,u-bruno.costa,Bruno Costa,2,points,,,ERPSCM-76,ERPSCM-246,2026-04-27T14:28:00Z,2026-06-02T10:44:56Z,2026-06-01T11:13:50Z,mrp;wave1;realize;config
ERPSCM,Aurora ERP: Supply Chain & Sales,ERPSCM-299,Configure release strategy for POs above 50k CAD for plant 1100 Guelph,story,Closed,done,u-nikhil.almeida,Nikhil Almeida,8,points,2026-05-21,2026-06-30,ERPSCM-110,,2026-04-27T22:40:58Z,2026-07-08T02:48:24Z,2026-07-07T12:20:27Z,mm-pur;wave1;realize;config
ERPSCM,Aurora ERP: Supply Chain & Sales,ERPSCM-300,Technical spec Conversion: storage locations for Guelph plant,task,Done,done,u-victor.reddy,Victor Reddy,13,points,,2026-05-29,ERPSCM-86,ERPSCM-253,2026-04-28T00:29:38Z,2026-06-06T05:37:55Z,2026-06-04T06:45:01Z,mm-im;wave1;wricef
ERPSCM,Aurora ERP: Supply Chain & Sales,ERPSCM-301,Functional spec Form: customer hierarchy for plant 1100 Guelph,task,Done,done,u-wendy.reddy,Wendy Reddy,5,points,,2026-06-21,,ERPSCM-139,2026-04-29T06:50:12Z,2026-06-20T04:24:04Z,2026-06-18T22:33:05Z,sd;wave1;wricef
ERPSCM,Aurora ERP: Supply Chain & Sales,ERPSCM-302,Functional spec: source list and quota arrangement for plant 1100 Guelph,task,Closed,done,u-bruno.costa,Bruno Costa,5,points,,2026-07-04,ERPSCM-110,,2026-04-29T10:11:21Z,2026-07-15T09:17:13Z,2026-07-14T07:51:43Z,mm-pur;wave1;realize
ERPSCM,Aurora ERP: Supply Chain & Sales,ERPSCM-303,Build Report: consignment stock process,story,Closed,done,u-bruno.costa,Bruno Costa,13,points,,2026-06-05,ERPSCM-95,ERPSCM-263;ERPSCM-388,2026-04-29T20:29:41Z,2026-06-08T08:14:05Z,2026-06-07T08:13:58Z,mm-pur;wave1;wricef
ERPSCM,Aurora ERP: Supply Chain & Sales,ERPSCM-304,Configure revenue recognition for service contracts,story,In Review,in_progress,u-aarav.taylor,Aarav Taylor,5,points,,2026-06-20,ERPSCM-87,,2026-04-30T08:32:47Z,2026-08-12T20:04:01Z,,sd;wave1;realize;config
ERPSCM,Aurora ERP: Supply Chain & Sales,ERPSCM-305,Unit test: consignment stock process,task,Done,done,u-aarav.taylor,Aarav Taylor,5,points,,,ERPSCM-110,ERPSCM-201,2026-05-01T00:28:05Z,2026-06-09T03:25:33Z,2026-06-08T04:43:32Z,mm-pur;wave1;realize
ERPSCM,Aurora ERP: Supply Chain & Sales,ERPSCM-306,Technical spec Form: customer hierarchy for plant 1100 Guelph,task,To Do,todo,u-gustavo.patel,Gustavo Patel,8,points,,,ERPSCM-109,ERPSCM-301,2026-05-01T17:06:54Z,2026-06-23T19:25:11Z,,sd;wave1;wricef
ERPSCM,Aurora ERP: Supply Chain & Sales,ERPSCM-307,Authorization role for returns and credit memo process,task,In Review,in_progress,u-daniel.weber,Daniel Weber,1,points,,2026-06-17,ERPSCM-87,ERPSCM-196,2026-05-04T11:06:20Z,2026-06-29T19:11:32Z,,sd;wave1;realize;security
ERPSCM,Aurora ERP: Supply Chain & Sales,ERPSCM-308,Build Conversion: contracts and scheduling agreements for plant 1100 Guelph,story,Done,done,u-nikhil.almeida,Nikhil Almeida,5,points,,2026-06-26,ERPSCM-95,ERPSCM-293;ERPSCM-251,2026-05-04T12:26:28Z,2026-07-04T13:04:43Z,2026-07-04T04:22:46Z,mm-pur;wave1;wricef
ERPSCM,Aurora ERP: Supply Chain & Sales,ERPSCM-309,Unit test: export documents for US border (Livingston),task,Done,done,u-gustavo.patel,Gustavo Patel,1,points,2026-05-30,2026-07-11,ERPSCM-87,ERPSCM-254,2026-05-04T21:52:57Z,2026-07-13T11:56:49Z,2026-07-12T18:37:31Z,sd;wave1;realize
ERPSCM,Aurora ERP: Supply Chain & Sales,ERPSCM-310,Unit test Enhancement: planning calendar for plant 1100 Guelph,task,Closed,done,u-wendy.reddy,Wendy Reddy,8,points,2026-05-25,2026-07-08,ERPSCM-103,ERPSCM-257,2026-05-05T03:35:34Z,2026-07-11T07:30:05Z,2026-07-11T04:36:54Z,mrp;wave1;wricef
ERPSCM,Aurora ERP: Supply Chain & Sales,ERPSCM-311,Technical spec Enhancement: goods receipt with inbound delivery for plant 1100 Guelph,task,Done,done,u-aarav.taylor,Aarav Taylor,3,points,,,ERPSCM-86,ERPSCM-275,2026-05-05T20:26:58Z,2026-06-22T10:14:29Z,2026-06-22T03:12:42Z,mm-im;wave1;wricef
ERPSCM,Aurora ERP: Supply Chain & Sales,ERPSCM-312,Configure MRP types and lot sizing for plant 1100 Guelph,story,Closed,done,u-nikhil.iyer,Nikhil Iyer,2,points,,2026-06-15,,,2026-05-06T06:25:10Z,2026-06-22T22:38:17Z,2026-06-22T03:52:20Z,mrp;wave1;realize;config
ERPSCM,Aurora ERP: Supply Chain & Sales,ERPSCM-313,Technical spec Report: Ariba supplier network readiness,task,Closed,done,u-victor.reddy,Victor Reddy,3,points,,2026-06-23,ERPSCM-95,ERPSCM-288,2026-05-07T01:40:36Z,2026-06-30T12:43:39Z,2026-06-29T06:50:08Z,mm-pur;wave1;wricef
ERPSCM,Aurora ERP: Supply Chain & Sales,ERPSCM-314,Functional spec: storage locations for Guelph plant for plant 1100 Guelph,task,Closed,done,u-aarav.taylor,Aarav Taylor,5,points,,2026-06-19,ERPSCM-116,,2026-05-07T09:42:31Z,2026-06-27T00:43:03Z,2026-06-25T01:44:04Z,mm-im;wave1;realize
ERPSCM,Aurora ERP: Supply Chain & Sales,ERPSCM-315,"Unit test: carrier labels (Purolator, FedEx)",task,Done,done,u-henrique.weber,Henrique Weber,2,points,,,ERPSCM-89,ERPSCM-247,2026-05-07T11:03:22Z,2026-07-02T10:37:05Z,2026-07-01T09:24:25Z,ewm;wave1;realize
ERPSCM,Aurora ERP: Supply Chain & Sales,ERPSCM-316,Unit test Form: intercompany sales US to Canada,task,Closed,done,u-daniel.weber,Daniel Weber,2,points,,,ERPSCM-109,ERPSCM-260,2026-05-07T14:37:44Z,2026-06-24T18:33:23Z,2026-06-22T20:23:45Z,sd;wave1;wricef
ERPSCM,Aurora ERP: Supply Chain & Sales,ERPSCM-317,Technical spec Workflow: warehouse structure Mississauga DC for plant 1100 Guelph,task,To Do,todo,,,5,points,2026-06-04,2026-07-23,ERPSCM-88,ERPSCM-296,2026-05-09T03:57:38Z,2026-05-09T03:57:38Z,,ewm;wave1;wricef
ERPSCM,Aurora ERP: Supply Chain & Sales,ERPSCM-318,Functional spec Conversion: STO between plants 1100 and 1200,task,Done,done,u-nikhil.iyer,Nikhil Iyer,1,points,,,ERPSCM-86,,2026-05-09T09:09:57Z,2026-07-07T21:13:37Z,2026-07-05T21:43:28Z,mm-im;wave1;wricef
ERPSCM,Aurora ERP: Supply Chain & Sales,ERPSCM-319,Configure source list and quota arrangement for plant 1100 Guelph,story,Ready,todo,u-samuel.rocha,Samuel Rocha,,points,,,ERPSCM-110,ERPSCM-302,2026-05-09T15:49:44Z,2026-05-09T15:49:44Z,,mm-pur;wave1;realize;config
ERPSCM,Aurora ERP: Supply Chain & Sales,ERPSCM-320,Unit test Interface: ATP check with backorder processing,task,Closed,done,u-gustavo.patel,Gustavo Patel,13,points,,,ERPSCM-109,ERPSCM-273,2026-05-11T00:46:32Z,2026-07-23T12:54:53Z,2026-07-22T05:52:18Z,sd;wave1;wricef
ERPSCM,Aurora ERP: Supply Chain & Sales,ERPSCM-321,Build Enhancement: goods receipt with inbound delivery for plant 1100 Guelph,story,Done,done,u-henrique.weber,Henrique Weber,3,points,,2026-07-06,ERPSCM-86,ERPSCM-311;ERPSCM-534,2026-05-11T01:11:44Z,2026-07-08T19:33:21Z,2026-07-07T07:31:53Z,mm-im;wave1;wricef
ERPSCM,Aurora ERP: Supply Chain & Sales,ERPSCM-322,Technical spec Conversion: STO between plants 1100 and 1200,task,Blocked,in_progress,u-aarav.taylor,Aarav Taylor,3,points,,2026-07-15,ERPSCM-86,ERPSCM-318,2026-05-11T03:45:15Z,2026-08-22T11:26:07Z,,mm-im;wave1;wricef
ERPSCM,Aurora ERP: Supply Chain & Sales,ERPSCM-323,Configure pricing procedure ZVAA01 for plant 1100 Guelph,story,In Progress,in_progress,u-samuel.rocha,Samuel Rocha,8,points,2026-06-01,2026-07-06,ERPSCM-87,ERPSCM-279,2026-05-11T12:33:08Z,2026-07-18T11:42:30Z,,sd;wave1;realize;config
ERPSCM,Aurora ERP: Supply Chain & Sales,ERPSCM-324,Unit test: customer hierarchy,task,To Do,todo,,,3,points,,2026-06-28,ERPSCM-87,ERPSCM-245,2026-05-11T19:32:28Z,2026-06-10T07:34:47Z,,sd;wave1;realize
ERPSCM,Aurora ERP: Supply Chain & Sales,ERPSCM-325,Build Workflow: MRP Live cockpit,story,Closed,done,,,3,points,,2026-07-22,ERPSCM-103,ERPSCM-283;ERPSCM-376,2026-05-12T03:18:23Z,2026-07-26T08:05:05Z,2026-07-25T01:22:12Z,mrp;wave1;wricef
ERPSCM,Aurora ERP: Supply Chain & Sales,ERPSCM-326,Functional spec Conversion: MRP Live cockpit for plant 1100 Guelph,task,Closed,done,u-aarav.taylor,Aarav Taylor,8,points,,,ERPSCM-103,,2026-05-12T05:58:26Z,2026-07-16T01:52:49Z,2026-07-14T08:57:28Z,mrp;wave1;wricef
ERPSCM,Aurora ERP: Supply Chain & Sales,ERPSCM-327,Functional spec Conversion: purchase requisition workflow,task,Done,done,u-samuel.rocha,Samuel Rocha,8,points,,,ERPSCM-95,,2026-05-12T21:22:13Z,2026-07-12T00:18:00Z,2026-07-10T12:49:51Z,mm-pur;wave1;wricef
ERPSCM,Aurora ERP: Supply Chain & Sales,ERPSCM-328,Configure sales org and distribution channels for plant 1100 Guelph,story,Done,done,u-samuel.rocha,Samuel Rocha,1,points,,,ERPSCM-87,ERPSCM-261;ERPSCM-518,2026-05-13T07:17:39Z,2026-07-03T03:12:13Z,2026-07-02T06:10:24Z,sd;wave1;realize;config
ERPSCM,Aurora ERP: Supply Chain & Sales,ERPSCM-329,Configure storage locations for Guelph plant for plant 1100 Guelph,story,Closed,done,u-samuel.rocha,Samuel Rocha,13,points,,,,ERPSCM-314,2026-05-14T05:44:23Z,2026-07-11T15:33:17Z,2026-07-11T15:08:57Z,mm-im;wave1;realize;config
ERPSCM,Aurora ERP: Supply Chain & Sales,ERPSCM-330,Unit test: demand management PIRs,task,Done,done,u-victor.reddy,Victor Reddy,3,points,,2026-06-27,ERPSCM-76,ERPSCM-298,2026-05-15T05:28:03Z,2026-07-01T18:34:13Z,2026-07-01T10:28:16Z,mrp;wave1;realize
ERPSCM,Aurora ERP: Supply Chain & Sales,ERPSCM-331,Configure condition types for customer rebates for plant 1100 Guelph,story,Closed,done,u-samuel.rocha,Samuel Rocha,8,points,,2026-07-17,ERPSCM-87,,2026-05-15T09:02:36Z,2026-07-27T12:28:57Z,2026-07-26T03:16:36Z,sd;wave1;realize;config
ERPSCM,Aurora ERP: Supply Chain & Sales,ERPSCM-332,Configure handling unit management for plant 1100 Guelph,story,Closed,done,u-samuel.rocha,Samuel Rocha,,points,,,ERPSCM-89,ERPSCM-548,2026-05-16T20:47:47Z,2026-06-30T08:36:30Z,2026-06-28T12:49:12Z,ewm;wave1;realize;config
ERPSCM,Aurora ERP: Supply Chain & Sales,ERPSCM-333,Authorization role for wave management,task,Closed,done,u-samuel.rocha,Samuel Rocha,1,points,2026-05-22,2026-06-25,ERPSCM-89,ERPSCM-274,2026-05-18T06:39:46Z,2026-06-26T19:55:27Z,2026-06-25T05:39:34Z,ewm;wave1;realize;security
ERPSCM,Aurora ERP: Supply Chain & Sales,ERPSCM-334,Configure safety stock and reorder points for plant 1100 Guelph,story,Closed,done,u-gustavo.patel,Gustavo Patel,5,points,,,ERPSCM-76,,2026-05-18T21:06:03Z,2026-08-07T07:23:48Z,2026-08-06T04:43:33Z,mrp;wave1;realize;config
ERPSCM,Aurora ERP: Supply Chain & Sales,ERPSCM-335,Authorization role for export documents for US border (Livingston),task,Done,done,u-gustavo.patel,Gustavo Patel,5,points,,2026-07-19,ERPSCM-87,ERPSCM-254,2026-05-19T07:41:29Z,2026-07-22T04:03:25Z,,sd;wave1;realize;security
ERPSCM,Aurora ERP: Supply Chain & Sales,ERPSCM-336,Functional spec Form: planning calendar,task,Closed,done,u-gustavo.patel,Gustavo Patel,8,points,,,ERPSCM-103,,2026-05-19T10:32:00Z,2026-07-20T19:52:42Z,2026-07-19T17:21:05Z,mrp;wave1;wricef
ERPSCM,Aurora ERP: Supply Chain & Sales,ERPSCM-337,Build Report: wave management,story,Closed,done,u-aarav.taylor,Aarav Taylor,8,points,,,ERPSCM-88,ERPSCM-295;ERPSCM-226,2026-05-19T16:42:46Z,2026-07-07T04:10:08Z,2026-07-05T20:30:08Z,ewm;wave1;wricef
ERPSCM,Aurora ERP: Supply Chain & Sales,ERPSCM-338,Configure movement types and reasons for plant 1100 Guelph,story,Done,done,u-gustavo.patel,Gustavo Patel,5,points,,,ERPSCM-116,,2026-05-20T18:20:38Z,2026-07-27T06:01:16Z,2026-07-25T07:28:00Z,mm-im;wave1;realize;config
ERPSCM,Aurora ERP: Supply Chain & Sales,ERPSCM-339,Configure MRP areas per storage location for plant 1100 Guelph,story,Ready,todo,,,,points,,2026-07-12,ERPSCM-76,,2026-05-21T06:17:14Z,2026-05-21T06:17:14Z,,mrp;wave1;realize;config
ERPSCM,Aurora ERP: Supply Chain & Sales,ERPSCM-340,Configure pick/pack/ship strategies for plant 1100 Guelph,story,Closed,done,u-nikhil.iyer,Nikhil Iyer,8,points,2026-06-07,,ERPSCM-89,,2026-05-21T11:25:06Z,2026-07-18T15:16:09Z,,ewm;wave1;realize;config
ERPSCM,Aurora ERP: Supply Chain & Sales,ERPSCM-341,Unit test Report: consignment stock process,task,Closed,done,u-samuel.rocha,Samuel Rocha,5,points,2026-05-22,,ERPSCM-95,ERPSCM-303,2026-05-22T09:15:27Z,2026-07-05T07:51:59Z,2026-07-03T14:23:43Z,mm-pur;wave1;wricef
ERPSCM,Aurora ERP: Supply Chain & Sales,ERPSCM-342,Unit test: Ariba supplier network readiness,task,Closed,done,u-victor.reddy,Victor Reddy,5,points,,2026-07-09,ERPSCM-110,ERPSCM-251,2026-05-22T12:54:19Z,2026-07-16T18:18:45Z,2026-07-15T02:06:23Z,mm-pur;wave1;realize
ERPSCM,Aurora ERP: Supply Chain & Sales,ERPSCM-343,Build Workflow: safety stock and reorder points,story,In Review,in_progress,u-joao.costa,João Costa,,points,,2026-07-07,ERPSCM-103,ERPSCM-286;ERPSCM-129,2026-05-22T21:19:17Z,2026-08-03T19:01:01Z,,mrp;wave1;wricef
ERPSCM,Aurora ERP: Supply Chain & Sales,ERPSCM-344,Technical spec Report: sales org and distribution channels for plant 1100 Guelph,task,Closed,done,u-ivan.almeida,Ivan Almeida,3,points,,,ERPSCM-109,ERPSCM-359,2026-05-23T05:46:03Z,2026-07-30T01:03:14Z,2026-07-28T12:06:18Z,sd;wave1;wricef
ERPSCM,Aurora ERP: Supply Chain & Sales,ERPSCM-345,Unit test: storage locations for Guelph plant for plant 1100 Guelph,task,Done,done,u-nikhil.almeida,Nikhil Almeida,2,points,,2026-07-20,ERPSCM-116,ERPSCM-329,2026-05-24T11:39:33Z,2026-07-21T00:26:09Z,2026-07-20T19:15:20Z,mm-im;wave1;realize
ERPSCM,Aurora ERP: Supply Chain & Sales,ERPSCM-346,Unit test: purchasing org 1000 and groups for plant 1100 Guelph,task,Backlog,todo,u-joao.costa,João Costa,,points,2026-06-06,2026-07-18,ERPSCM-110,ERPSCM-292,2026-05-25T09:02:03Z,2026-05-25T09:02:03Z,,mm-pur;wave1;realize
ERPSCM,Aurora ERP: Supply Chain & Sales,ERPSCM-347,Unit test: pricing procedure ZVAA01 for plant 1100 Guelph,task,Done,done,u-victor.reddy,Victor Reddy,8,points,2026-06-23,2026-08-06,ERPSCM-87,ERPSCM-323,2026-05-25T09:47:27Z,2026-08-14T22:06:13Z,2026-08-13T10:39:06Z,sd;wave1;realize
ERPSCM,Aurora ERP: Supply Chain & Sales,ERPSCM-348,Unit test Workflow: MRP Live cockpit,task,Done,done,u-joao.costa,João Costa,8,points,,,,ERPSCM-325,2026-05-25T22:27:44Z,2026-08-24T00:00:00Z,2026-08-24T11:38:10Z,mrp;wave1;wricef
ERPSCM,Aurora ERP: Supply Chain & Sales,ERPSCM-349,Build Interface: sales org and distribution channels,story,Done,done,u-samuel.rocha,Samuel Rocha,3,points,,2026-07-11,ERPSCM-109,ERPSCM-277;ERPSCM-208,2026-05-26T09:11:07Z,2026-07-22T19:32:52Z,2026-07-20T21:36:47Z,sd;wave1;wricef
ERPSCM,Aurora ERP: Supply Chain & Sales,ERPSCM-350,MM-PUR: SIT cycles 1 and 2,epic,In Review,in_progress,,,,points,2026-07-03,2026-10-01,,,2026-05-26T16:57:05Z,2026-08-09T00:00:00Z,,mm-pur;wave1;sit
ERPSCM,Aurora ERP: Supply Chain & Sales,ERPSCM-351,Technical spec Conversion: purchase requisition workflow,task,Done,done,u-marcus.gagnon,Marcus Gagnon,2,points,,2026-07-14,ERPSCM-95,ERPSCM-327,2026-05-27T21:14:01Z,2026-07-12T04:43:56Z,2026-07-10T16:20:22Z,mm-pur;wave1;wricef
ERPSCM,Aurora ERP: Supply Chain & Sales,ERPSCM-352,Unit test: sales org and distribution channels for plant 1100 Guelph,task,In Progress,in_progress,u-victor.reddy,Victor Reddy,5,points,,,ERPSCM-87,ERPSCM-328,2026-05-28T08:04:19Z,2026-08-24T00:00:00Z,,sd;wave1;realize
ERPSCM,Aurora ERP: Supply Chain & Sales,ERPSCM-353,Build Report: Ariba supplier network readiness,story,Done,done,u-nikhil.iyer,Nikhil Iyer,5,points,,,ERPSCM-95,ERPSCM-313;ERPSCM-212,2026-05-28T13:59:41Z,2026-07-17T16:51:54Z,2026-07-16T11:40:59Z,mm-pur;wave1;wricef
ERPSCM,Aurora ERP: Supply Chain & Sales,ERPSCM-354,Unit test Interface: sales org and distribution channels,task,Ready,todo,,,8,points,2026-06-24,,ERPSCM-109,ERPSCM-349,2026-05-29T03:23:30Z,2026-08-15T15:24:30Z,,sd;wave1;wricef
ERPSCM,Aurora ERP: Supply Chain & Sales,ERPSCM-355,Configure physical inventory cycle counting for plant 1100 Guelph,story,Done,done,u-joao.costa,João Costa,3,points,,,ERPSCM-116,ERPSCM-389,2026-05-29T11:16:41Z,2026-08-03T01:49:05Z,2026-08-01T02:17:19Z,mm-im;wave1;realize;config
ERPSCM,Aurora ERP: Supply Chain & Sales,ERPSCM-356,MM-IM: SIT cycles 1 and 2,epic,In Progress,in_progress,,,,points,2026-07-16,,,,2026-05-29T19:42:10Z,2026-08-23T00:00:00Z,,mm-im;wave1;sit
ERPSCM,Aurora ERP: Supply Chain & Sales,ERPSCM-357,MRP: SIT cycles 1 and 2,epic,In Progress,in_progress,u-hannah.pereira,Hannah Pereira,,points,2026-07-10,,,,2026-05-29T20:08:55Z,2026-08-04T00:00:00Z,,mrp;wave1;sit
ERPSCM,Aurora ERP: Supply Chain & Sales,ERPSCM-358,SD: SIT cycles 1 and 2,epic,In Progress,in_progress,u-marcus.gagnon,Marcus Gagnon,,points,2026-07-08,2026-09-26,,,2026-05-29T21:07:56Z,2026-08-09T00:00:00Z,,sd;wave1;sit
ERPSCM,Aurora ERP: Supply Chain & Sales,ERPSCM-359,Functional spec Report: sales org and distribution channels for plant 1100 Guelph,task,Closed,done,u-victor.reddy,Victor Reddy,2,points,,2026-07-04,ERPSCM-109,,2026-05-29T22:50:25Z,2026-07-17T12:54:51Z,2026-07-15T13:26:37Z,sd;wave1;wricef
ERPSCM,Aurora ERP: Supply Chain & Sales,ERPSCM-360,Configure batch management and shelf life for plant 1100 Guelph,story,Closed,done,u-joao.costa,João Costa,1,points,2026-06-27,2026-08-09,ERPSCM-116,,2026-05-30T10:04:59Z,2026-08-20T21:48:31Z,2026-08-20T13:47:44Z,mm-im;wave1;realize;config
ERPSCM,Aurora ERP: Supply Chain & Sales,ERPSCM-361,Build Conversion: MRP Live cockpit for plant 1100 Guelph,story,Done,done,u-nikhil.iyer,Nikhil Iyer,3,points,,2026-08-05,ERPSCM-103,ERPSCM-362;ERPSCM-213,2026-05-31T03:18:41Z,2026-08-03T20:20:21Z,2026-08-03T13:43:36Z,mrp;wave1;wricef
ERPSCM,Aurora ERP: Supply Chain & Sales,ERPSCM-362,Technical spec Conversion: MRP Live cockpit for plant 1100 Guelph,task,To Do,todo,u-aarav.taylor,Aarav Taylor,5,points,,2026-07-10,ERPSCM-103,ERPSCM-326,2026-05-31T15:48:40Z,2026-06-16T09:12:21Z,,mrp;wave1;wricef
ERPSCM,Aurora ERP: Supply Chain & Sales,ERPSCM-363,Functional spec Enhancement: vendor evaluation for plant 1100 Guelph,task,Closed,done,u-marcus.gagnon,Marcus Gagnon,8,points,,2026-07-25,ERPSCM-95,,2026-06-01T07:31:51Z,2026-07-22T10:40:31Z,2026-07-21T08:48:52Z,mm-pur;wave1;wricef
ERPSCM,Aurora ERP: Supply Chain & Sales,ERPSCM-364,Unit test Workflow: safety stock and reorder points,task,Closed,done,u-victor.reddy,Victor Reddy,8,points,,2026-07-28,ERPSCM-103,ERPSCM-343,2026-06-01T14:17:34Z,2026-07-29T05:20:18Z,2026-07-29T03:03:17Z,mrp;wave1;wricef
ERPSCM,Aurora ERP: Supply Chain & Sales,ERPSCM-365,Unit test: MRP types and lot sizing for plant 1100 Guelph,task,Done,done,u-nikhil.iyer,Nikhil Iyer,3,points,,2026-07-12,ERPSCM-76,ERPSCM-312,2026-06-02T01:21:45Z,2026-07-24T04:47:36Z,2026-07-23T15:44:23Z,mrp;wave1;realize
ERPSCM,Aurora ERP: Supply Chain & Sales,ERPSCM-366,Configure purchase requisition workflow for plant 1100 Guelph,story,Closed,done,u-aarav.taylor,Aarav Taylor,1,points,2026-06-29,,ERPSCM-110,ERPSCM-554,2026-06-02T02:50:49Z,2026-07-26T16:13:17Z,2026-07-26T11:59:30Z,mm-pur;wave1;realize;config
ERPSCM,Aurora ERP: Supply Chain & Sales,ERPSCM-367,Unit test Conversion: contracts and scheduling agreements for plant 1100 Guelph,task,Closed,done,u-ivan.almeida,Ivan Almeida,8,points,2026-06-10,2026-07-23,ERPSCM-95,ERPSCM-308,2026-06-02T02:52:09Z,2026-07-31T15:11:42Z,2026-07-30T10:07:37Z,mm-pur;wave1;wricef
ERPSCM,Aurora ERP: Supply Chain & Sales,ERPSCM-368,Configure putaway rules for hazardous goods for plant 1100 Guelph,story,Closed,done,,,1,points,,,ERPSCM-89,ERPSCM-396,2026-06-02T15:07:08Z,2026-08-09T17:32:11Z,2026-08-08T19:14:06Z,ewm;wave1;realize;config
ERPSCM,Aurora ERP: Supply Chain & Sales,ERPSCM-369,Unit test Enhancement: goods receipt with inbound delivery for plant 1100 Guelph,task,In Progress,in_progress,u-gustavo.patel,Gustavo Patel,5,points,,2026-07-25,ERPSCM-86,ERPSCM-321,2026-06-02T23:30:02Z,2026-08-15T18:09:47Z,,mm-im;wave1;wricef
ERPSCM,Aurora ERP: Supply Chain & Sales,ERPSCM-370,Technical spec Form: planning calendar,task,Closed,done,u-henrique.weber,Henrique Weber,3,points,,2026-08-04,ERPSCM-103,ERPSCM-336,2026-06-03T00:08:38Z,2026-08-16T18:54:04Z,,mrp;wave1;wricef
ERPSCM,Aurora ERP: Supply Chain & Sales,ERPSCM-371,Unit test: stock in transit valuation,task,Closed,done,u-aarav.taylor,Aarav Taylor,,points,2026-06-07,2026-07-16,ERPSCM-116,ERPSCM-262,2026-06-03T01:43:53Z,2026-07-26T16:44:33Z,2026-07-26T01:49:59Z,mm-im;wave1;realize
ERPSCM,Aurora ERP: Supply Chain & Sales,ERPSCM-372,Unit test Report: wave management,task,Done,done,,,2,points,,2026-07-18,ERPSCM-88,ERPSCM-337,2026-06-04T01:39:21Z,2026-07-21T21:53:31Z,2026-07-20T02:34:15Z,ewm;wave1;wricef
ERPSCM,Aurora ERP: Supply Chain & Sales,ERPSCM-373,Build Workflow: warehouse structure Mississauga DC for plant 1100 Guelph,story,Done,done,u-gustavo.patel,Gustavo Patel,1,points,,,ERPSCM-88,ERPSCM-317;ERPSCM-332,2026-06-04T02:34:15Z,2026-08-05T21:19:26Z,2026-08-05T11:42:23Z,ewm;wave1;wricef
ERPSCM,Aurora ERP: Supply Chain & Sales,ERPSCM-374,Build Conversion: STO between plants 1100 and 1200,story,Closed,done,u-gustavo.patel,Gustavo Patel,,points,,2026-07-28,ERPSCM-86,ERPSCM-322;ERPSCM-355,2026-06-04T23:05:54Z,2026-08-03T06:05:56Z,2026-08-03T02:18:55Z,mm-im;wave1;wricef
ERPSCM,Aurora ERP: Supply Chain & Sales,ERPSCM-375,EWM: SIT cycles 1 and 2,epic,In Progress,in_progress,u-wendy.reddy,Wendy Reddy,,points,2026-07-16,2026-10-04,,,2026-06-05T15:52:41Z,2026-08-19T00:00:00Z,,ewm;wave1;sit
ERPSCM,Aurora ERP: Supply Chain & Sales,ERPSCM-376,Configure planning calendar for plant 1100 Guelph,story,In Progress,in_progress,u-henrique.weber,Henrique Weber,8,points,2026-06-30,2026-08-09,ERPSCM-76,ERPSCM-391,2026-06-06T02:53:24Z,2026-08-02T19:57:30Z,,mrp;wave1;realize;config
ERPSCM,Aurora ERP: Supply Chain & Sales,ERPSCM-377,Functional spec Conversion: goods receipt with inbound delivery for plant 1100 Guelph,task,Blocked,in_progress,u-aarav.taylor,Aarav Taylor,,points,,2026-07-12,ERPSCM-86,,2026-06-06T20:09:30Z,2026-08-12T14:30:27Z,,mm-im;wave1;wricef
ERPSCM,Aurora ERP: Supply Chain & Sales,ERPSCM-378,Functional spec Form: planning calendar for plant 1100 Guelph,task,In Progress,in_progress,u-samuel.rocha,Samuel Rocha,5,points,2026-06-19,2026-08-05,ERPSCM-103,,2026-06-06T21:37:53Z,2026-08-08T21:01:25Z,,mrp;wave1;wricef
ERPSCM,Aurora ERP: Supply Chain & Sales,ERPSCM-379,Unit test Report: Ariba supplier network readiness,task,In Progress,in_progress,u-ivan.almeida,Ivan Almeida,3,points,,,ERPSCM-95,ERPSCM-353,2026-06-07T04:19:04Z,2026-08-16T15:06:54Z,,mm-pur;wave1;wricef
ERPSCM,Aurora ERP: Supply Chain & Sales,ERPSCM-380,Unit test: revenue recognition for service contracts,task,Closed,done,u-nikhil.iyer,Nikhil Iyer,3,points,,,ERPSCM-87,ERPSCM-304,2026-06-07T08:44:47Z,2026-07-15T16:31:54Z,,sd;wave1;realize
ERPSCM,Aurora ERP: Supply Chain & Sales,ERPSCM-381,Unit test Conversion: storage locations for Guelph plant,task,Closed,done,u-aarav.taylor,Aarav Taylor,5,points,2026-06-07,2026-07-14,ERPSCM-86,ERPSCM-297;ERPSCM-63,2026-06-07T16:08:59Z,2026-07-12T22:40:56Z,2026-07-12T18:26:51Z,mm-im;wave1;wricef
ERPSCM,Aurora ERP: Supply Chain & Sales,ERPSCM-382,SIT-1 Acquire-to-Retire scenario 3 (MM-PUR),task,Closed,done,u-victor.reddy,Victor Reddy,3,points,,2026-07-24,ERPSCM-350,ERPSCM-319;ERPSCM-170,2026-06-07T16:55:06Z,2026-08-04T03:27:26Z,2026-08-02T17:14:32Z,mm-pur;wave1;sit
ERPSCM,Aurora ERP: Supply Chain & Sales,ERPSCM-383,Authorization role for revenue recognition for service contracts,task,To Do,todo,,,1,points,2026-06-16,2026-07-26,ERPSCM-87,ERPSCM-304,2026-06-07T17:34:05Z,2026-08-13T14:31:11Z,,sd;wave1;realize;security
ERPSCM,Aurora ERP: Supply Chain & Sales,ERPSCM-384,Functional spec Report: pick/pack/ship strategies for plant 1100 Guelph,task,Closed,done,u-aarav.taylor,Aarav Taylor,13,points,,2026-08-10,,,2026-06-07T23:10:07Z,2026-08-17T18:07:08Z,2026-08-17T12:41:17Z,ewm;wave1;wricef
ERPSCM,Aurora ERP: Supply Chain & Sales,ERPSCM-385,Technical spec Conversion: goods receipt with inbound delivery for plant 1100 Guelph,task,Closed,done,u-hannah.pereira,Hannah Pereira,3,points,2026-06-26,2026-08-02,ERPSCM-86,ERPSCM-377,2026-06-08T05:15:32Z,2026-08-05T02:42:53Z,2026-08-04T04:09:58Z,mm-im;wave1;wricef
ERPSCM,Aurora ERP: Supply Chain & Sales,ERPSCM-386,Unit test: movement types and reasons for plant 1100 Guelph,task,Closed,done,u-nikhil.iyer,Nikhil Iyer,13,points,2026-07-01,2026-08-11,ERPSCM-116,ERPSCM-338,2026-06-08T18:22:53Z,2026-08-14T21:01:18Z,2026-08-14T15:36:41Z,mm-im;wave1;realize
ERPSCM,Aurora ERP: Supply Chain & Sales,ERPSCM-387,Functional spec: output determination for delivery notes for plant 1100 Guelph,task,In Progress,in_progress,u-nikhil.almeida,Nikhil Almeida,3,points,2026-06-18,2026-07-23,,,2026-06-08T20:52:08Z,2026-08-14T07:57:07Z,,sd;wave1;realize
ERPSCM,Aurora ERP: Supply Chain & Sales,ERPSCM-388,Configure contracts and scheduling agreements for plant 1100 Guelph,story,In Progress,in_progress,u-gustavo.patel,Gustavo Patel,,points,,2026-07-28,ERPSCM-110,,2026-06-09T14:56:43Z,2026-08-15T12:13:35Z,,mm-pur;wave1;realize;config
ERPSCM,Aurora ERP: Supply Chain & Sales,ERPSCM-389,Functional spec: physical inventory cycle counting for plant 1100 Guelph,task,Done,done,u-samuel.rocha,Samuel Rocha,8,points,2026-06-13,2026-07-16,ERPSCM-116,,2026-06-09T16:31:39Z,2026-07-13T02:20:26Z,2026-07-11T18:48:59Z,mm-im;wave1;realize
ERPSCM,Aurora ERP: Supply Chain & Sales,ERPSCM-390,Configure output determination for delivery notes for plant 1100 Guelph,story,Done,done,u-aarav.taylor,Aarav Taylor,,points,,2026-08-07,ERPSCM-87,ERPSCM-387,2026-06-10T20:13:23Z,2026-08-18T15:43:41Z,2026-08-17T11:57:24Z,sd;wave1;realize;config
ERPSCM,Aurora ERP: Supply Chain & Sales,ERPSCM-391,Functional spec: planning calendar for plant 1100 Guelph,task,Done,done,u-hannah.pereira,Hannah Pereira,13,points,,,ERPSCM-76,,2026-06-10T20:50:34Z,2026-08-04T20:02:48Z,2026-08-03T03:55:19Z,mrp;wave1;realize
ERPSCM,Aurora ERP: Supply Chain & Sales,ERPSCM-392,SIT-1 Order-to-Cash scenario 2 (SD),task,Ready,todo,,,,points,,,ERPSCM-358,ERPSCM-323,2026-06-10T22:05:33Z,2026-06-18T17:24:35Z,,sd;wave1;sit
ERPSCM,Aurora ERP: Supply Chain & Sales,ERPSCM-393,SIT-1 Plan-to-Produce scenario 7 (MM-PUR),task,Closed,done,u-aarav.taylor,Aarav Taylor,13,points,2026-07-10,2026-07-31,ERPSCM-350,ERPSCM-232;ERPSCM-156,2026-06-11T06:55:13Z,2026-08-10T09:30:25Z,2026-08-09T13:05:50Z,mm-pur;wave1;sit
ERPSCM,Aurora ERP: Supply Chain & Sales,ERPSCM-394,SIT-1 Acquire-to-Retire scenario 2 (MM-PUR),task,Done,done,u-nikhil.iyer,Nikhil Iyer,3,points,,,ERPSCM-350,ERPSCM-251;ERPSCM-388,2026-06-11T09:45:09Z,2026-07-21T05:39:55Z,2026-07-19T15:32:27Z,mm-pur;wave1;sit
ERPSCM,Aurora ERP: Supply Chain & Sales,ERPSCM-395,SIT-1 Plan-to-Produce scenario 1 (MM-PUR),task,Done,done,u-nikhil.almeida,Nikhil Almeida,3,points,,,ERPSCM-350,ERPSCM-366;ERPSCM-156;ERPSCM-388,2026-06-11T10:53:46Z,2026-08-02T16:44:26Z,,mm-pur;wave1;sit
ERPSCM,Aurora ERP: Supply Chain & Sales,ERPSCM-396,Functional spec: putaway rules for hazardous goods for plant 1100 Guelph,task,Done,done,u-marcus.souza,Marcus Souza,5,points,2026-06-10,,ERPSCM-89,,2026-06-11T14:14:20Z,2026-07-15T12:23:37Z,2026-07-14T09:16:44Z,ewm;wave1;realize
ERPSCM,Aurora ERP: Supply Chain & Sales,ERPSCM-397,Functional spec Interface: movement types and reasons for plant 1100 Guelph,task,Closed,done,u-daniel.weber,Daniel Weber,3,points,,2026-08-13,ERPSCM-86,,2026-06-12T01:35:34Z,2026-08-13T22:08:44Z,2026-08-13T16:50:14Z,mm-im;wave1;wricef
ERPSCM,Aurora ERP: Supply Chain & Sales,ERPSCM-398,Unit test: warehouse structure Mississauga DC for plant 1100 Guelph,task,Closed,done,u-gustavo.patel,Gustavo Patel,3,points,2026-06-11,2026-07-10,ERPSCM-89,ERPSCM-269;ERPSCM-9000,2026-06-12T04:05:10Z,2026-07-07T09:21:42Z,2026-07-06T02:58:54Z,ewm;wave1;realize
ERPSCM,Aurora ERP: Supply Chain & Sales,ERPSCM-399,Technical spec Enhancement: vendor evaluation for plant 1100 Guelph,task,Done,done,u-nikhil.almeida,Nikhil Almeida,1,points,,,ERPSCM-95,ERPSCM-363,2026-06-13T05:57:51Z,2026-08-12T15:52:32Z,2026-08-11T23:19:46Z,mm-pur;wave1;wricef
ERPSCM,Aurora ERP: Supply Chain & Sales,ERPSCM-400,Functional spec Workflow: source list and quota arrangement,task,Closed,done,u-gustavo.patel,Gustavo Patel,3,points,2026-07-01,,ERPSCM-95,ERPSCM-164,2026-06-13T06:37:20Z,2026-08-24T00:00:00Z,2026-08-24T19:42:21Z,mm-pur;wave1;wricef
ERPSCM,Aurora ERP: Supply Chain & Sales,ERPSCM-401,Unit test Form: customer hierarchy for plant 1100 Guelph,task,Done,done,u-ivan.almeida,Ivan Almeida,3,points,,2026-08-06,ERPSCM-109,ERPSCM-406,2026-06-14T00:26:30Z,2026-08-17T10:20:21Z,2026-08-16T11:43:17Z,sd;wave1;wricef
ERPSCM,Aurora ERP: Supply Chain & Sales,ERPSCM-402,Authorization role for pricing procedure ZVAA01 for plant 1100 Guelph,task,In Review,in_progress,u-marcus.souza,Marcus Souza,5,points,,,ERPSCM-87,ERPSCM-323,2026-06-14T03:49:23Z,2026-08-12T13:01:04Z,,sd;wave1;realize;security
ERPSCM,Aurora ERP: Supply Chain & Sales,ERPSCM-403,Functional spec Enhancement: sales org and distribution channels for plant 1100 Guelph,task,Closed,done,u-gustavo.patel,Gustavo Patel,3,points,,2026-07-26,ERPSCM-109,,2026-06-14T15:02:43Z,2026-07-24T11:23:40Z,2026-07-23T01:58:30Z,sd;wave1;wricef
ERPSCM,Aurora ERP: Supply Chain & Sales,ERPSCM-404,Unit test: MRP areas per storage location for plant 1100 Guelph,task,In Review,in_progress,u-samuel.rocha,Samuel Rocha,8,points,,,ERPSCM-76,ERPSCM-339,2026-06-14T19:35:25Z,2026-08-16T14:04:47Z,,mrp;wave1;realize
ERPSCM,Aurora ERP: Supply Chain & Sales,ERPSCM-405,Unit test: physical inventory cycle counting for plant 1100 Guelph,task,Blocked,in_progress,u-gustavo.nguyen,Gustavo Nguyen,3,points,,2026-08-18,ERPSCM-116,ERPSCM-355,2026-06-15T03:08:13Z,2026-08-14T14:51:31Z,,mm-im;wave1;realize
ERPSCM,Aurora ERP: Supply Chain & Sales,ERPSCM-406,Build Form: customer hierarchy for plant 1100 Guelph,story,Done,done,u-marcus.souza,Marcus Souza,3,points,,2026-07-18,ERPSCM-109,ERPSCM-306;ERPSCM-580,2026-06-15T08:34:00Z,2026-07-26T23:58:47Z,2026-07-25T06:09:44Z,sd;wave1;wricef
ERPSCM,Aurora ERP: Supply Chain & Sales,ERPSCM-407,Unit test: condition types for customer rebates for plant 1100 Guelph,task,To Do,todo,,,,points,,,ERPSCM-87,ERPSCM-331,2026-06-16T00:38:27Z,2026-06-30T08:59:08Z,,sd;wave1;realize
ERPSCM,Aurora ERP: Supply Chain & Sales,ERPSCM-408,SIT-1 Plan-to-Produce scenario 6 (MM-PUR),task,Closed,done,u-samuel.rocha,Samuel Rocha,3,points,,2026-08-02,ERPSCM-350,ERPSCM-424;ERPSCM-319;ERPSCM-139,2026-06-16T12:40:40Z,2026-08-07T06:58:02Z,2026-08-05T20:08:50Z,mm-pur;wave1;sit
ERPSCM,Aurora ERP: Supply Chain & Sales,ERPSCM-409,SIT-1 Plan-to-Produce scenario 3 (MM-PUR),task,Closed,done,u-gustavo.patel,Gustavo Patel,8,points,2026-07-13,,ERPSCM-350,ERPSCM-424;ERPSCM-232;ERPSCM-170,2026-06-16T17:16:56Z,2026-07-28T21:07:16Z,2026-07-27T04:30:55Z,mm-pur;wave1;sit
ERPSCM,Aurora ERP: Supply Chain & Sales,ERPSCM-410,SIT-1 Plan-to-Produce scenario 4 (MM-PUR),task,In Progress,in_progress,u-nikhil.iyer,Nikhil Iyer,8,points,,,ERPSCM-350,ERPSCM-424;ERPSCM-201;ERPSCM-366,2026-06-17T10:12:25Z,2026-08-17T19:32:27Z,,mm-pur;wave1;sit
ERPSCM,Aurora ERP: Supply Chain & Sales,ERPSCM-411,Unit test Conversion: STO between plants 1100 and 1200,task,In Review,in_progress,u-nikhil.iyer,Nikhil Iyer,,points,,2026-08-14,ERPSCM-86,ERPSCM-374,2026-06-17T21:16:30Z,2026-08-20T09:50:23Z,,mm-im;wave1;wricef
ERPSCM,Aurora ERP: Supply Chain & Sales,ERPSCM-412,Unit test: release strategy for POs above 50k CAD for plant 1100 Guelph,task,Closed,done,u-wendy.reddy,Wendy Reddy,3,points,2026-06-18,,ERPSCM-110,ERPSCM-299,2026-06-18T17:43:10Z,2026-08-14T00:34:09Z,2026-08-13T10:25:55Z,mm-pur;wave1;realize
ERPSCM,Aurora ERP: Supply Chain & Sales,ERPSCM-413,Functional spec Enhancement: MRP types and lot sizing,task,In Review,in_progress,u-gustavo.nguyen,Gustavo Nguyen,,points,,2026-08-23,,,2026-06-18T18:53:13Z,2026-08-22T07:29:39Z,,mrp;wave1;wricef
ERPSCM,Aurora ERP: Supply Chain & Sales,ERPSCM-414,Build Report: sales org and distribution channels for plant 1100 Guelph,story,Done,done,,,5,points,,,ERPSCM-109,ERPSCM-344;ERPSCM-425,2026-06-19T00:41:53Z,2026-08-04T19:24:38Z,2026-08-04T03:50:48Z,sd;wave1;wricef
ERPSCM,Aurora ERP: Supply Chain & Sales,ERPSCM-415,SIT-1 Procure-to-Pay scenario 6 (SD),task,Ready,todo,u-hannah.pereira,Hannah Pereira,,points,2026-07-14,,ERPSCM-358,ERPSCM-331;ERPSCM-390;ERPSCM-533,2026-06-19T01:40:27Z,2026-06-19T01:40:27Z,,sd;wave1;sit
ERPSCM,Aurora ERP: Supply Chain & Sales,ERPSCM-416,Unit test Workflow: warehouse structure Mississauga DC for plant 1100 Guelph,task,Done,done,u-ivan.almeida,Ivan Almeida,3,points,,,ERPSCM-88,ERPSCM-373,2026-06-19T03:17:22Z,2026-08-24T00:00:00Z,2026-08-24T13:58:59Z,ewm;wave1;wricef
ERPSCM,Aurora ERP: Supply Chain & Sales,ERPSCM-417,Configure wave management for plant 1100 Guelph,story,Closed,done,u-gustavo.patel,Gustavo Patel,3,points,,,ERPSCM-89,,2026-06-19T06:49:37Z,2026-08-08T19:28:38Z,2026-08-08T08:57:09Z,ewm;wave1;realize;config
ERPSCM,Aurora ERP: Supply Chain & Sales,ERPSCM-418,SIT-1 Procure-to-Pay scenario 4 (SD),task,Closed,done,u-gustavo.patel,Gustavo Patel,3,points,,2026-07-29,ERPSCM-358,ERPSCM-183,2026-06-19T17:36:24Z,2026-07-30T02:10:31Z,2026-07-28T08:26:09Z,sd;wave1;sit
ERPSCM,Aurora ERP: Supply Chain & Sales,ERPSCM-419,Unit test Report: sales org and distribution channels for plant 1100 Guelph,task,Blocked,in_progress,u-gustavo.patel,Gustavo Patel,13,points,,,ERPSCM-109,ERPSCM-414,2026-06-19T18:44:53Z,2026-07-27T21:14:17Z,,sd;wave1;wricef
ERPSCM,Aurora ERP: Supply Chain & Sales,ERPSCM-420,Unit test: handling unit management for plant 1100 Guelph,task,Closed,done,u-aarav.taylor,Aarav Taylor,2,points,,2026-07-23,ERPSCM-89,ERPSCM-332;ERPSCM-139,2026-06-20T03:48:57Z,2026-07-30T19:09:16Z,2026-07-30T07:41:38Z,ewm;wave1;realize
ERPSCM,Aurora ERP: Supply Chain & Sales,ERPSCM-421,Configure MRP Live cockpit for plant 1100 Guelph,story,Closed,done,u-gustavo.patel,Gustavo Patel,5,points,2026-07-18,,ERPSCM-76,,2026-06-20T17:13:40Z,2026-08-16T18:55:57Z,2026-08-16T08:01:44Z,mrp;wave1;realize;config
ERPSCM,Aurora ERP: Supply Chain & Sales,ERPSCM-422,SIT-1 Record-to-Report scenario 3 (MRP),task,Done,done,u-aarav.taylor,Aarav Taylor,3,points,,,,ERPSCM-421,2026-06-21T00:34:52Z,2026-08-09T19:03:18Z,2026-08-08T23:43:58Z,mrp;wave1;sit
ERPSCM,Aurora ERP: Supply Chain & Sales,ERPSCM-423,SIT-1 Record-to-Report scenario 3 (EWM),task,Done,done,u-nikhil.iyer,Nikhil Iyer,8,points,,,ERPSCM-375,ERPSCM-194;ERPSCM-163;ERPSCM-153,2026-06-21T20:16:48Z,2026-08-12T19:00:16Z,2026-08-11T17:05:50Z,ewm;wave1;sit
ERPSCM,Aurora ERP: Supply Chain & Sales,ERPSCM-424,Configure vendor evaluation for plant 1100 Guelph,story,Closed,done,u-marcus.gagnon,Marcus Gagnon,8,points,,,ERPSCM-110,,2026-06-21T21:49:38Z,2026-08-13T10:19:03Z,2026-08-13T06:45:05Z,mm-pur;wave1;realize;config
ERPSCM,Aurora ERP: Supply Chain & Sales,ERPSCM-425,Configure ATP check with backorder processing for plant 1100 Guelph,story,Done,done,u-nikhil.iyer,Nikhil Iyer,2,points,,,ERPSCM-87,,2026-06-21T22:24:23Z,2026-08-12T13:44:48Z,2026-08-11T18:25:14Z,sd;wave1;realize;config
ERPSCM,Aurora ERP: Supply Chain & Sales,ERPSCM-426,SIT-1 Plan-to-Produce scenario 2 (MM-IM),task,Closed,done,u-wendy.reddy,Wendy Reddy,8,points,,2026-07-31,ERPSCM-356,ERPSCM-355;ERPSCM-338,2026-06-22T02:18:24Z,2026-08-04T14:30:25Z,2026-08-03T18:44:06Z,mm-im;wave1;sit
ERPSCM,Aurora ERP: Supply Chain & Sales,ERPSCM-427,Build Conversion: purchase requisition workflow,story,Done,done,u-aarav.taylor,Aarav Taylor,3,points,,,,ERPSCM-351;ERPSCM-139,2026-06-22T20:12:30Z,2026-08-10T03:10:52Z,2026-08-08T09:10:18Z,mm-pur;wave1;wricef
ERPSCM,Aurora ERP: Supply Chain & Sales,ERPSCM-428,SIT-1 Procure-to-Pay scenario 4 (EWM),task,Closed,done,u-aarav.taylor,Aarav Taylor,5,points,2026-07-22,2026-08-09,ERPSCM-375,ERPSCM-247;ERPSCM-340,2026-06-23T04:30:03Z,2026-08-16T13:46:46Z,2026-08-16T03:23:49Z,ewm;wave1;sit
ERPSCM,Aurora ERP: Supply Chain & Sales,ERPSCM-429,SIT-1 Acquire-to-Retire scenario 4 (MM-PUR),task,Closed,done,u-joao.costa,João Costa,13,points,2026-07-03,2026-07-22,,ERPSCM-528,2026-06-23T09:57:04Z,2026-07-24T09:08:44Z,2026-07-22T20:56:22Z,mm-pur;wave1;sit
ERPSCM,Aurora ERP: Supply Chain & Sales,ERPSCM-430,SIT-1 Order-to-Cash scenario 1 (SD),task,Closed,done,u-gustavo.nguyen,Gustavo Nguyen,8,points,,2026-07-26,ERPSCM-358,ERPSCM-245;ERPSCM-328,2026-06-23T11:23:36Z,2026-08-05T03:20:40Z,2026-08-04T16:08:55Z,sd;wave1;sit
ERPSCM,Aurora ERP: Supply Chain & Sales,ERPSCM-431,Unit test: safety stock and reorder points for plant 1100 Guelph,task,Closed,done,u-victor.reddy,Victor Reddy,5,points,2026-07-14,,ERPSCM-76,ERPSCM-334,2026-06-24T10:29:04Z,2026-08-17T19:27:43Z,2026-08-17T14:06:14Z,mrp;wave1;realize
ERPSCM,Aurora ERP: Supply Chain & Sales,ERPSCM-432,SIT-1 Order-to-Cash scenario 7 (SD),task,Done,done,u-daniel.weber,Daniel Weber,8,points,,2026-07-21,ERPSCM-358,ERPSCM-390;ERPSCM-183,2026-06-24T19:50:11Z,2026-07-30T10:08:40Z,2026-07-29T12:40:33Z,sd;wave1;sit
ERPSCM,Aurora ERP: Supply Chain & Sales,ERPSCM-433,Unit test: contracts and scheduling agreements for plant 1100 Guelph,task,Done,done,u-aarav.taylor,Aarav Taylor,13,points,,2026-08-08,ERPSCM-110,ERPSCM-388,2026-06-25T06:49:57Z,2026-08-19T13:31:25Z,2026-08-18T20:49:01Z,mm-pur;wave1;realize
ERPSCM,Aurora ERP: Supply Chain & Sales,ERPSCM-434,SIT-1 Record-to-Report scenario 1 (MRP),task,Done,done,u-nikhil.almeida,Nikhil Almeida,8,points,2026-07-16,2026-08-05,ERPSCM-357,ERPSCM-298,2026-06-25T15:41:55Z,2026-08-14T19:37:49Z,2026-08-13T10:59:09Z,mrp;wave1;sit
ERPSCM,Aurora ERP: Supply Chain & Sales,ERPSCM-435,SIT-1 Procure-to-Pay scenario 1 (MRP),task,Backlog,todo,u-samuel.rocha,Samuel Rocha,13,points,2026-07-11,,ERPSCM-357,ERPSCM-312;ERPSCM-93,2026-06-26T04:43:42Z,2026-06-26T04:43:42Z,,mrp;wave1;sit
ERPSCM,Aurora ERP: Supply Chain & Sales,ERPSCM-436,Functional spec: RF device screens for plant 1100 Guelph,task,In Progress,in_progress,u-samuel.rocha,Samuel Rocha,2,points,2026-06-26,,,,2026-06-26T06:29:04Z,2026-08-18T14:25:12Z,,ewm;wave1;realize
ERPSCM,Aurora ERP: Supply Chain & Sales,ERPSCM-437,SIT-1 Hire-to-Retire scenario 3 (MRP),task,Closed,done,u-samuel.rocha,Samuel Rocha,2,points,2026-07-23,,ERPSCM-357,ERPSCM-298;ERPSCM-129,2026-06-26T14:47:49Z,2026-08-13T06:18:18Z,2026-08-11T12:10:41Z,mrp;wave1;sit
ERPSCM,Aurora ERP: Supply Chain & Sales,ERPSCM-438,SIT-1 Order-to-Cash scenario 6 (SD),task,In Progress,in_progress,u-samuel.rocha,Samuel Rocha,,points,,,ERPSCM-358,ERPSCM-183;ERPSCM-254,2026-06-26T15:04:16Z,2026-07-31T11:35:09Z,,sd;wave1;sit
ERPSCM,Aurora ERP: Supply Chain & Sales,ERPSCM-439,SIT-1 Record-to-Report scenario 4 (MRP),task,Closed,done,u-samuel.rocha,Samuel Rocha,3,points,,,ERPSCM-357,ERPSCM-312,2026-06-26T15:55:47Z,2026-08-12T02:52:18Z,2026-08-11T13:49:59Z,mrp;wave1;sit
ERPSCM,Aurora ERP: Supply Chain & Sales,ERPSCM-440,SIT-1 Record-to-Report scenario 2 (MRP),task,Done,done,u-samuel.rocha,Samuel Rocha,5,points,,2026-08-05,ERPSCM-357,ERPSCM-421;ERPSCM-213;ERPSCM-376,2026-06-26T16:06:46Z,2026-08-11T21:42:53Z,2026-08-11T14:21:26Z,mrp;wave1;sit
ERPSCM,Aurora ERP: Supply Chain & Sales,ERPSCM-441,Technical spec Workflow: source list and quota arrangement,task,Ready,todo,,,3,points,,,ERPSCM-95,ERPSCM-400,2026-06-27T00:31:45Z,2026-06-27T00:31:45Z,,mm-pur;wave1;wricef
ERPSCM,Aurora ERP: Supply Chain & Sales,ERPSCM-442,SIT-1 Acquire-to-Retire scenario 1 (SD),task,Blocked,in_progress,u-marcus.gagnon,Marcus Gagnon,3,points,,,ERPSCM-358,ERPSCM-196,2026-06-27T04:02:55Z,2026-08-17T12:04:22Z,,sd;wave1;sit
ERPSCM,Aurora ERP: Supply Chain & Sales,ERPSCM-443,SIT-1 Procure-to-Pay scenario 4 (MM-PUR),task,Closed,done,u-gustavo.patel,Gustavo Patel,3,points,,2026-08-05,ERPSCM-350,ERPSCM-299,2026-06-27T04:57:24Z,2026-08-06T06:12:13Z,2026-08-04T09:03:21Z,mm-pur;wave1;sit
ERPSCM,Aurora ERP: Supply Chain & Sales,ERPSCM-444,SIT-1 Order-to-Cash scenario 5 (SD),task,In Review,in_progress,u-daniel.weber,Daniel Weber,,points,2026-07-08,2026-07-25,ERPSCM-358,ERPSCM-425,2026-06-27T13:55:10Z,2026-08-21T21:29:55Z,,sd;wave1;sit
ERPSCM,Aurora ERP: Supply Chain & Sales,ERPSCM-445,Unit test Conversion: MRP Live cockpit for plant 1100 Guelph,task,In Progress,in_progress,u-gustavo.patel,Gustavo Patel,3,points,,,,ERPSCM-361,2026-06-27T14:50:12Z,2026-08-15T18:35:28Z,,mrp;wave1;wricef
ERPSCM,Aurora ERP: Supply Chain & Sales,ERPSCM-446,Unit test: pick/pack/ship strategies for plant 1100 Guelph,task,In Review,in_progress,u-marcus.gagnon,Marcus Gagnon,,points,,2026-08-06,,ERPSCM-340,2026-06-27T17:41:39Z,2026-06-27T17:41:39Z,,ewm;wave1;realize
ERPSCM,Aurora ERP: Supply Chain & Sales,ERPSCM-447,Configure STO between plants 1100 and 1200 for plant 1100 Guelph,story,Closed,done,u-aarav.taylor,Aarav Taylor,,points,2026-07-18,2026-08-16,ERPSCM-116,,2026-06-27T19:16:13Z,2026-08-15T05:16:10Z,,mm-im;wave1;realize;config
ERPSCM,Aurora ERP: Supply Chain & Sales,ERPSCM-448,Technical spec Enhancement: sales org and distribution channels for plant 1100 Guelph,task,Done,done,u-nikhil.iyer,Nikhil Iyer,3,points,,2026-08-02,ERPSCM-109,ERPSCM-403,2026-06-27T19:38:51Z,2026-08-11T02:48:32Z,2026-08-10T06:53:06Z,sd;wave1;wricef
ERPSCM,Aurora ERP: Supply Chain & Sales,ERPSCM-449,SIT-1 Acquire-to-Retire scenario 1 (MM-PUR),task,To Do,todo,,,13,points,,,ERPSCM-350,ERPSCM-232;ERPSCM-292;ERPSCM-201,2026-06-28T07:43:10Z,2026-07-11T20:51:00Z,,mm-pur;wave1;sit
ERPSCM,Aurora ERP: Supply Chain & Sales,ERPSCM-450,SIT-1 Procure-to-Pay scenario 2 (MRP),task,Closed,done,u-samuel.rocha,Samuel Rocha,5,points,,,,ERPSCM-129;ERPSCM-185,2026-06-28T11:26:21Z,2026-08-05T06:27:55Z,2026-08-04T19:51:57Z,mrp;wave1;sit
ERPSCM,Aurora ERP: Supply Chain & Sales,ERPSCM-451,SIT-1 Acquire-to-Retire scenario 4 (SD),task,Closed,done,u-victor.reddy,Victor Reddy,8,points,2026-07-22,,ERPSCM-358,ERPSCM-196,2026-06-28T18:05:59Z,2026-08-20T03:06:13Z,2026-08-19T12:47:25Z,sd;wave1;sit
ERPSCM,Aurora ERP: Supply Chain & Sales,ERPSCM-452,Functional spec Report: consignment stock process,task,Blocked,in_progress,u-gustavo.patel,Gustavo Patel,5,points,,,ERPSCM-95,,2026-06-29T05:47:23Z,2026-06-29T05:47:23Z,,mm-pur;wave1;wricef
ERPSCM,Aurora ERP: Supply Chain & Sales,ERPSCM-453,Build Enhancement: vendor evaluation for plant 1100 Guelph,story,In Progress,in_progress,u-aarav.taylor,Aarav Taylor,,points,,,ERPSCM-95,ERPSCM-399;ERPSCM-251,2026-06-29T10:33:49Z,2026-07-28T13:10:25Z,,mm-pur;wave1;wricef
ERPSCM,Aurora ERP: Supply Chain & Sales,ERPSCM-454,Build Form: planning calendar,story,In Progress,in_progress,u-gustavo.patel,Gustavo Patel,,points,,,ERPSCM-103,ERPSCM-370;ERPSCM-213,2026-06-29T13:09:00Z,2026-08-19T07:20:59Z,2026-08-16T15:29:49Z,mrp;wave1;wricef
ERPSCM,Aurora ERP: Supply Chain & Sales,ERPSCM-455,Technical spec Form: planning calendar for plant 1100 Guelph,task,Done,done,u-aarav.taylor,Aarav Taylor,5,points,2026-07-12,,ERPSCM-103,ERPSCM-378,2026-06-29T16:07:05Z,2026-08-14T14:50:11Z,2026-08-14T02:39:17Z,mrp;wave1;wricef
ERPSCM,Aurora ERP: Supply Chain & Sales,ERPSCM-456,SIT-1 Plan-to-Produce scenario 4 (MM-IM),task,Done,done,u-marcus.gagnon,Marcus Gagnon,3,points,,,ERPSCM-356,ERPSCM-329;ERPSCM-447,2026-06-29T19:43:15Z,2026-08-06T15:07:32Z,2026-08-04T20:08:16Z,mm-im;wave1;sit
ERPSCM,Aurora ERP: Supply Chain & Sales,ERPSCM-457,SIT-1 Record-to-Report scenario 2 (EWM),task,Closed,done,u-samuel.rocha,Samuel Rocha,1,points,,2026-07-30,ERPSCM-375,ERPSCM-332;ERPSCM-368;ERPSCM-442,2026-06-30T06:39:49Z,2026-08-10T17:04:13Z,2026-08-08T23:44:21Z,ewm;wave1;sit
ERPSCM,Aurora ERP: Supply Chain & Sales,ERPSCM-458,SIT-1 Procure-to-Pay scenario 2 (EWM),task,To Do,todo,u-bruno.costa,Bruno Costa,8,points,2026-07-24,2026-08-08,ERPSCM-375,ERPSCM-163;ERPSCM-194;ERPSCM-340,2026-06-30T07:45:38Z,2026-06-30T07:45:38Z,,ewm;wave1;sit
ERPSCM,Aurora ERP: Supply Chain & Sales,ERPSCM-459,SIT-1 Procure-to-Pay scenario 3 (MRP),task,Closed,done,u-henrique.weber,Henrique Weber,2,points,,2026-07-27,ERPSCM-357,ERPSCM-241;ERPSCM-312,2026-06-30T09:54:45Z,2026-07-26T22:03:19Z,2026-07-24T23:22:15Z,mrp;wave1;sit
ERPSCM,Aurora ERP: Supply Chain & Sales,ERPSCM-460,Technical spec Enhancement: condition types for customer rebates for plant 1100 Guelph,task,Closed,done,u-marcus.gagnon,Marcus Gagnon,3,points,,,ERPSCM-109,ERPSCM-470;ERPSCM-260,2026-06-30T13:56:41Z,2026-08-15T01:51:47Z,2026-08-13T17:40:59Z,sd;wave1;wricef
ERPSCM,Aurora ERP: Supply Chain & Sales,ERPSCM-461,SIT-1 Hire-to-Retire scenario 2 (MRP),task,Backlog,todo,,,3,points,,,ERPSCM-357,ERPSCM-421;ERPSCM-339;ERPSCM-334,2026-06-30T14:33:42Z,2026-07-30T20:23:33Z,,mrp;wave1;sit
ERPSCM,Aurora ERP: Supply Chain & Sales,ERPSCM-462,Unit test: source list and quota arrangement for plant 1100 Guelph,task,Done,done,u-nikhil.iyer,Nikhil Iyer,5,points,,,ERPSCM-110,ERPSCM-319,2026-06-30T20:23:07Z,2026-08-09T23:04:57Z,2026-08-08T10:11:02Z,mm-pur;wave1;realize
ERPSCM,Aurora ERP: Supply Chain & Sales,ERPSCM-463,SIT-1 Procure-to-Pay scenario 1 (EWM),task,In Progress,in_progress,u-gustavo.nguyen,Gustavo Nguyen,,points,2026-07-23,2026-08-07,ERPSCM-375,ERPSCM-247,2026-06-30T21:41:23Z,2026-08-17T13:57:43Z,,ewm;wave1;sit
ERPSCM,Aurora ERP: Supply Chain & Sales,ERPSCM-464,Configure RF device screens for plant 1100 Guelph,story,Closed,done,u-henrique.weber,Henrique Weber,5,points,2026-07-02,2026-08-02,,ERPSCM-436,2026-07-01T03:24:50Z,2026-08-14T10:26:05Z,2026-08-13T08:30:22Z,ewm;wave1;realize;config
ERPSCM,Aurora ERP: Supply Chain & Sales,ERPSCM-465,SIT-1 Plan-to-Produce scenario 1 (MM-IM),task,Done,done,u-gustavo.nguyen,Gustavo Nguyen,8,points,,,ERPSCM-356,ERPSCM-447,2026-07-01T08:16:14Z,2026-08-08T07:33:51Z,2026-08-07T10:35:37Z,mm-im;wave1;sit
ERPSCM,Aurora ERP: Supply Chain & Sales,ERPSCM-466,SIT-1 Acquire-to-Retire scenario 3 (SD),task,Closed,done,u-gustavo.patel,Gustavo Patel,13,points,,,ERPSCM-358,ERPSCM-580;ERPSCM-100,2026-07-02T02:22:42Z,2026-08-19T08:10:23Z,2026-08-18T01:16:36Z,sd;wave1;sit
ERPSCM,Aurora ERP: Supply Chain & Sales,ERPSCM-467,SIT-1 Procure-to-Pay scenario 7 (MRP),task,Closed,done,u-victor.reddy,Victor Reddy,5,points,,,ERPSCM-357,ERPSCM-339,2026-07-02T12:27:13Z,2026-07-21T21:48:58Z,2026-07-20T06:16:51Z,mrp;wave1;sit
ERPSCM,Aurora ERP: Supply Chain & Sales,ERPSCM-468,Build Conversion: goods receipt with inbound delivery for plant 1100 Guelph,story,In Review,in_progress,u-gustavo.patel,Gustavo Patel,13,points,,2026-08-18,ERPSCM-86,ERPSCM-385;ERPSCM-262,2026-07-02T18:12:29Z,2026-08-23T10:23:09Z,,mm-im;wave1;wricef
ERPSCM,Aurora ERP: Supply Chain & Sales,ERPSCM-469,Defect: goods receipt posts to wrong valuation class (MM-IM),bug,Backlog,todo,,,3,points,,2026-08-16,,,2026-07-02T20:24:30Z,2026-07-02T20:24:30Z,,mm-im;wave1;sit;defect
ERPSCM,Aurora ERP: Supply Chain & Sales,ERPSCM-470,Functional spec Enhancement: condition types for customer rebates for plant 1100 Guelph,task,Closed,done,u-aarav.taylor,Aarav Taylor,5,points,,2026-08-11,ERPSCM-109,ERPSCM-114,2026-07-03T01:47:29Z,2026-08-11T16:20:11Z,2026-08-10T09:30:46Z,sd;wave1;wricef
ERPSCM,Aurora ERP: Supply Chain & Sales,ERPSCM-471,SIT-1 Plan-to-Produce scenario 5 (MM-PUR),task,Closed,done,,,5,points,,,ERPSCM-350,ERPSCM-201;ERPSCM-174;ERPSCM-232,2026-07-03T16:39:03Z,2026-08-04T06:25:40Z,2026-08-02T14:05:14Z,mm-pur;wave1;sit
ERPSCM,Aurora ERP: Supply Chain & Sales,ERPSCM-472,SIT-1 Acquire-to-Retire scenario 2 (SD),task,To Do,todo,,,3,points,,,,ERPSCM-100;ERPSCM-425,2026-07-03T21:43:54Z,2026-07-09T16:51:25Z,,sd;wave1;sit
ERPSCM,Aurora ERP: Supply Chain & Sales,ERPSCM-473,SIT-1 Acquire-to-Retire scenario 4 (MM-IM),task,In Progress,in_progress,u-victor.reddy,Victor Reddy,,points,2026-07-21,2026-08-07,ERPSCM-356,ERPSCM-447,2026-07-04T07:15:32Z,2026-08-24T00:00:00Z,2026-08-22T01:02:53Z,mm-im;wave1;sit
ERPSCM,Aurora ERP: Supply Chain & Sales,ERPSCM-474,SIT-1 Record-to-Report scenario 4 (EWM),task,Done,done,u-ivan.almeida,Ivan Almeida,8,points,,2026-07-30,ERPSCM-375,ERPSCM-417;ERPSCM-464,2026-07-04T09:49:24Z,2026-08-03T02:34:33Z,2026-08-02T12:49:17Z,ewm;wave1;sit
ERPSCM,Aurora ERP: Supply Chain & Sales,ERPSCM-475,SIT-1 Procure-to-Pay scenario 3 (EWM),task,Done,done,u-samuel.rocha,Samuel Rocha,2,points,,2026-08-09,ERPSCM-375,ERPSCM-163;ERPSCM-122;ERPSCM-332,2026-07-04T13:12:20Z,2026-08-13T08:09:13Z,2026-08-11T21:30:14Z,ewm;wave1;sit
ERPSCM,Aurora ERP: Supply Chain & Sales,ERPSCM-476,Defect: batch determination ignores shelf life (MRP),bug,To Do,todo,u-wendy.reddy,Wendy Reddy,8,points,,,ERPSCM-357,,2026-07-04T16:46:25Z,2026-07-04T16:46:25Z,,mrp;wave1;sit;defect
ERPSCM,Aurora ERP: Supply Chain & Sales,ERPSCM-477,Configure returns and credit memo process for plant 1100 Guelph,story,In Review,in_progress,u-nikhil.iyer,Nikhil Iyer,8,points,,,,,2026-07-04T17:51:42Z,2026-07-04T17:51:42Z,,sd;wave1;realize;config
ERPSCM,Aurora ERP: Supply Chain & Sales,ERPSCM-478,Authorization role for output determination for delivery notes for plant 1100 Guelph,task,In Progress,in_progress,u-samuel.rocha,Samuel Rocha,5,points,,,ERPSCM-87,ERPSCM-390,2026-07-04T22:54:16Z,2026-07-04T22:54:16Z,,sd;wave1;realize;security
ERPSCM,Aurora ERP: Supply Chain & Sales,ERPSCM-479,SIT-1 Procure-to-Pay scenario 3 (SD),task,Done,done,u-gustavo.patel,Gustavo Patel,5,points,2026-07-16,,ERPSCM-358,ERPSCM-100;ERPSCM-477;ERPSCM-151,2026-07-05T05:01:41Z,2026-08-07T01:39:54Z,2026-08-05T16:38:19Z,sd;wave1;sit
ERPSCM,Aurora ERP: Supply Chain & Sales,ERPSCM-480,SIT-1 Order-to-Cash scenario 2 (EWM),task,In Progress,in_progress,,,8,points,2026-07-31,,ERPSCM-375,ERPSCM-163;ERPSCM-153;ERPSCM-122,2026-07-06T00:11:20Z,2026-08-13T17:02:31Z,,ewm;wave1;sit
ERPSCM,Aurora ERP: Supply Chain & Sales,ERPSCM-481,Defect: MRP creates planned orders in closed periods (MM-PUR),bug,In Review,in_progress,u-aarav.taylor,Aarav Taylor,5,points,2026-08-03,,ERPSCM-350,,2026-07-06T17:04:18Z,2026-07-06T17:04:18Z,,mm-pur;wave1;sit;defect
ERPSCM,Aurora ERP: Supply Chain & Sales,ERPSCM-482,SIT-1 Procure-to-Pay scenario 4 (MRP),task,Done,done,u-bruno.costa,Bruno Costa,1,points,2026-07-10,,ERPSCM-357,ERPSCM-129,2026-07-06T18:01:06Z,2026-08-03T14:35:42Z,2026-08-01T20:12:49Z,mrp;wave1;sit
ERPSCM,Aurora ERP: Supply Chain & Sales,ERPSCM-483,SIT-1 Plan-to-Produce scenario 2 (MM-PUR),task,In Progress,in_progress,u-daniel.weber,Daniel Weber,,points,,2026-07-28,ERPSCM-350,ERPSCM-139;ERPSCM-292;ERPSCM-201,2026-07-07T02:44:06Z,2026-07-13T08:55:11Z,,mm-pur;wave1;sit
ERPSCM,Aurora ERP: Supply Chain & Sales,ERPSCM-484,SIT-1 Procure-to-Pay scenario 7 (SD),task,Closed,done,u-aarav.taylor,Aarav Taylor,5,points,,2026-08-04,ERPSCM-358,ERPSCM-208;ERPSCM-115;ERPSCM-151,2026-07-07T21:50:39Z,2026-08-16T07:46:55Z,2026-08-15T09:44:16Z,sd;wave1;sit
ERPSCM,Aurora ERP: Supply Chain & Sales,ERPSCM-485,Authorization role for safety stock and reorder points for plant 1100 Guelph,task,Done,done,u-aarav.taylor,Aarav Taylor,13,points,,,ERPSCM-76,ERPSCM-334,2026-07-07T21:55:48Z,2026-08-18T16:25:05Z,2026-08-18T08:48:19Z,mrp;wave1;realize;security
ERPSCM,Aurora ERP: Supply Chain & Sales,ERPSCM-486,SIT-1 Acquire-to-Retire scenario 1 (MM-IM),task,Done,done,u-aarav.taylor,Aarav Taylor,2,points,,,ERPSCM-356,ERPSCM-534;ERPSCM-121;ERPSCM-338,2026-07-07T23:28:10Z,2026-08-04T11:05:31Z,2026-08-02T12:59:49Z,mm-im;wave1;sit
ERPSCM,Aurora ERP: Supply Chain & Sales,ERPSCM-487,SIT-1 Hire-to-Retire scenario 1 (MRP),task,Done,done,,,8,points,2026-07-26,2026-08-13,ERPSCM-357,ERPSCM-421;ERPSCM-213;ERPSCM-339,2026-07-08T07:41:41Z,2026-08-16T23:33:31Z,2026-08-16T01:16:07Z,mrp;wave1;sit
ERPSCM,Aurora ERP: Supply Chain & Sales,ERPSCM-488,Technical spec Conversion: batch management and shelf life,task,To Do,todo,,,3,points,2026-08-02,2026-08-18,ERPSCM-86,ERPSCM-525,2026-07-08T12:58:38Z,2026-07-08T12:58:38Z,,mm-im;wave1;wricef
ERPSCM,Aurora ERP: Supply Chain & Sales,ERPSCM-489,Functional spec Conversion: MRP areas per storage location for plant 1100 Guelph,task,In Progress,in_progress,,,,points,2026-07-30,,ERPSCM-103,,2026-07-08T14:01:02Z,2026-08-22T18:01:00Z,,mrp;wave1;wricef
ERPSCM,Aurora ERP: Supply Chain & Sales,ERPSCM-490,Build Interface: movement types and reasons for plant 1100 Guelph,story,To Do,todo,u-victor.reddy,Victor Reddy,,points,2026-07-30,,ERPSCM-86,ERPSCM-498;ERPSCM-262,2026-07-09T00:16:27Z,2026-07-09T00:16:27Z,,mm-im;wave1;wricef
ERPSCM,Aurora ERP: Supply Chain & Sales,ERPSCM-491,Technical spec Report: pick/pack/ship strategies for plant 1100 Guelph,task,Closed,done,u-nikhil.almeida,Nikhil Almeida,3,points,,,ERPSCM-88,ERPSCM-384,2026-07-09T01:42:22Z,2026-08-24T00:00:00Z,2026-08-24T17:01:06Z,ewm;wave1;wricef
ERPSCM,Aurora ERP: Supply Chain & Sales,ERPSCM-492,SIT-1 Order-to-Cash scenario 4 (SD),task,Done,done,u-nikhil.almeida,Nikhil Almeida,3,points,,,ERPSCM-358,ERPSCM-477;ERPSCM-245,2026-07-09T02:02:09Z,2026-07-24T08:50:25Z,2026-07-24T03:54:21Z,sd;wave1;sit
ERPSCM,Aurora ERP: Supply Chain & Sales,ERPSCM-493,SIT-1 Record-to-Report scenario 1 (EWM),task,Ready,todo,,,2,points,2026-07-16,2026-07-31,ERPSCM-375,ERPSCM-194,2026-07-09T09:07:31Z,2026-07-09T09:07:31Z,,ewm;wave1;sit
ERPSCM,Aurora ERP: Supply Chain & Sales,ERPSCM-494,Unit test: purchase requisition workflow for plant 1100 Guelph,task,Closed,done,u-bruno.costa,Bruno Costa,8,points,,2026-08-08,ERPSCM-110,ERPSCM-366,2026-07-09T10:39:54Z,2026-08-16T04:50:34Z,2026-08-15T09:31:40Z,mm-pur;wave1;realize
ERPSCM,Aurora ERP: Supply Chain & Sales,ERPSCM-495,Unit test: putaway rules for hazardous goods for plant 1100 Guelph,task,To Do,todo,u-gustavo.patel,Gustavo Patel,,points,,,ERPSCM-89,ERPSCM-368,2026-07-09T14:57:54Z,2026-07-09T14:57:54Z,,ewm;wave1;realize
ERPSCM,Aurora ERP: Supply Chain & Sales,ERPSCM-496,SIT-1 Procure-to-Pay scenario 6 (MRP),task,To Do,todo,,,2,points,2026-07-10,,ERPSCM-357,ERPSCM-376,2026-07-09T15:04:21Z,2026-07-09T15:04:21Z,,mrp;wave1;sit
ERPSCM,Aurora ERP: Supply Chain & Sales,ERPSCM-497,SIT-1 Order-to-Cash scenario 3 (SD),task,Closed,done,u-daniel.weber,Daniel Weber,13,points,,,ERPSCM-358,ERPSCM-196;ERPSCM-100,2026-07-09T21:59:20Z,2026-07-25T06:10:57Z,2026-07-23T19:40:29Z,sd;wave1;sit
ERPSCM,Aurora ERP: Supply Chain & Sales,ERPSCM-498,Technical spec Interface: movement types and reasons for plant 1100 Guelph,task,Done,done,u-nikhil.almeida,Nikhil Almeida,3,points,2026-07-17,,ERPSCM-86,ERPSCM-397,2026-07-10T03:07:56Z,2026-08-24T00:00:00Z,2026-08-23T12:22:13Z,mm-im;wave1;wricef
ERPSCM,Aurora ERP: Supply Chain & Sales,ERPSCM-499,SIT-1 Order-to-Cash scenario 3 (EWM),task,In Review,in_progress,u-bruno.costa,Bruno Costa,13,points,,2026-08-14,ERPSCM-375,ERPSCM-340;ERPSCM-464,2026-07-10T04:27:59Z,2026-08-23T21:10:31Z,,ewm;wave1;sit
ERPSCM,Aurora ERP: Supply Chain & Sales,ERPSCM-500,SIT-1 Procure-to-Pay scenario 2 (MM-PUR),task,Done,done,u-hannah.pereira,Hannah Pereira,3,points,,,,ERPSCM-232;ERPSCM-366;ERPSCM-319,2026-07-10T07:33:34Z,2026-08-14T11:22:51Z,2026-08-13T08:03:00Z,mm-pur;wave1;sit
ERPSCM,Aurora ERP: Supply Chain & Sales,ERPSCM-501,Build Report: pick/pack/ship strategies for plant 1100 Guelph,story,Closed,done,u-victor.reddy,Victor Reddy,3,points,,2026-08-17,ERPSCM-88,ERPSCM-491;ERPSCM-368,2026-07-10T10:14:36Z,2026-08-23T17:46:15Z,2026-08-22T09:28:29Z,ewm;wave1;wricef
ERPSCM,Aurora ERP: Supply Chain & Sales,ERPSCM-502,Unit test Conversion: purchase requisition workflow,task,In Review,in_progress,u-joao.costa,João Costa,5,points,2026-07-21,2026-08-26,ERPSCM-95,ERPSCM-427,2026-07-10T11:57:17Z,2026-08-15T09:21:48Z,,mm-pur;wave1;wricef
ERPSCM,Aurora ERP: Supply Chain & Sales,ERPSCM-503,Defect: credit check blocks intercompany orders (MM-IM),bug,In Progress,in_progress,u-bruno.costa,Bruno Costa,5,points,,,ERPSCM-356,,2026-07-10T12:37:59Z,2026-08-21T16:16:20Z,,mm-im;wave1;sit;defect
ERPSCM,Aurora ERP: Supply Chain & Sales,ERPSCM-504,SIT-1 Record-to-Report scenario 5 (MM-IM),task,In Progress,in_progress,u-gustavo.patel,Gustavo Patel,,points,,,ERPSCM-356,ERPSCM-197,2026-07-10T15:24:46Z,2026-08-20T15:38:50Z,,mm-im;wave1;sit
ERPSCM,Aurora ERP: Supply Chain & Sales,ERPSCM-505,SIT-1 Procure-to-Pay scenario 5 (MRP),task,In Progress,in_progress,u-daniel.weber,Daniel Weber,5,points,2026-07-10,,ERPSCM-357,ERPSCM-421,2026-07-10T18:43:52Z,2026-08-13T13:22:26Z,,mrp;wave1;sit
ERPSCM,Aurora ERP: Supply Chain & Sales,ERPSCM-506,Technical spec Enhancement: MRP types and lot sizing,task,In Review,in_progress,u-bruno.costa,Bruno Costa,3,points,,2026-08-26,ERPSCM-103,ERPSCM-413,2026-07-10T21:53:06Z,2026-08-15T18:45:37Z,,mrp;wave1;wricef
ERPSCM,Aurora ERP: Supply Chain & Sales,ERPSCM-507,Unit test: ATP check with backorder processing for plant 1100 Guelph,task,To Do,todo,u-nikhil.almeida,Nikhil Almeida,8,points,,,ERPSCM-87,ERPSCM-425,2026-07-11T00:53:46Z,2026-07-11T00:53:46Z,,sd;wave1;realize
ERPSCM,Aurora ERP: Supply Chain & Sales,ERPSCM-508,Build Enhancement: sales org and distribution channels for plant 1100 Guelph,story,Closed,done,u-nikhil.iyer,Nikhil Iyer,5,points,,2026-08-11,,ERPSCM-448;ERPSCM-580,2026-07-11T01:49:18Z,2026-08-12T02:24:10Z,2026-08-10T14:52:31Z,sd;wave1;wricef
ERPSCM,Aurora ERP: Supply Chain & Sales,ERPSCM-509,Build Form: planning calendar for plant 1100 Guelph,story,To Do,todo,,,2,points,,2026-08-26,,ERPSCM-455;ERPSCM-129,2026-07-11T11:23:59Z,2026-07-11T11:23:59Z,,mrp;wave1;wricef
ERPSCM,Aurora ERP: Supply Chain & Sales,ERPSCM-510,Defect: ATP confirms quantity beyond safety stock (EWM),bug,Closed,done,u-nikhil.iyer,Nikhil Iyer,8,points,,2026-08-20,ERPSCM-375,,2026-07-11T14:27:36Z,2026-08-24T00:00:00Z,2026-08-24T18:46:31Z,ewm;wave1;sit;defect
ERPSCM,Aurora ERP: Supply Chain & Sales,ERPSCM-511,Defect: cost center hierarchy missing plant 1200 nodes (MM-IM),bug,Backlog,todo,,,13,points,,2026-08-21,ERPSCM-356,,2026-07-12T04:36:11Z,2026-07-12T04:36:11Z,,mm-im;wave1;sit;defect
ERPSCM,Aurora ERP: Supply Chain & Sales,ERPSCM-512,Build Enhancement: condition types for customer rebates for plant 1100 Guelph,story,Done,done,u-nikhil.iyer,Nikhil Iyer,60,points,,2026-08-11,ERPSCM-109,ERPSCM-460;ERPSCM-245,2026-07-12T09:43:06Z,2026-08-14T17:01:18Z,2026-08-13T12:05:54Z,sd;wave1;wricef
ERPSCM,Aurora ERP: Supply Chain & Sales,ERPSCM-513,SIT-1 Procure-to-Pay scenario 1 (MM-PUR),task,Closed,done,u-gustavo.patel,Gustavo Patel,2,points,,,ERPSCM-350,ERPSCM-366;ERPSCM-299;ERPSCM-292,2026-07-13T08:51:14Z,2026-08-17T00:31:47Z,2026-08-15T02:31:44Z,mm-pur;wave1;sit
ERPSCM,Aurora ERP: Supply Chain & Sales,ERPSCM-514,SIT-1 Plan-to-Produce scenario 3 (MM-IM),task,To Do,todo,,,5,points,2026-07-16,,ERPSCM-356,ERPSCM-259,2026-07-13T20:03:57Z,2026-08-22T12:39:18Z,,mm-im;wave1;sit
ERPSCM,Aurora ERP: Supply Chain & Sales,ERPSCM-515,Defect: ATP confirms quantity beyond safety stock (MRP),bug,In Progress,in_progress,u-nikhil.iyer,Nikhil Iyer,13,points,,2026-08-21,ERPSCM-357,,2026-07-13T23:09:48Z,2026-08-16T17:46:08Z,,mrp;wave1;sit;defect
ERPSCM,Aurora ERP: Supply Chain & Sales,ERPSCM-516,SIT-1 Record-to-Report scenario 2 (MM-IM),task,In Review,in_progress,u-hannah.pereira,Hannah Pereira,5,points,2026-07-30,,ERPSCM-356,ERPSCM-262;ERPSCM-197,2026-07-13T23:54:31Z,2026-08-21T09:47:17Z,,mm-im;wave1;sit
ERPSCM,Aurora ERP: Supply Chain & Sales,ERPSCM-517,Functional spec Conversion: customer hierarchy,task,Backlog,todo,,,2,points,,2026-08-11,ERPSCM-109,,2026-07-14T01:42:28Z,2026-07-14T01:42:28Z,,sd;wave1;wricef
ERPSCM,Aurora ERP: Supply Chain & Sales,ERPSCM-518,SIT-1 Procure-to-Pay scenario 5 (SD),task,Done,done,u-victor.reddy,Victor Reddy,8,points,,2026-08-01,ERPSCM-358,ERPSCM-533;ERPSCM-178;ERPSCM-254,2026-07-14T07:06:26Z,2026-07-29T17:41:10Z,2026-07-28T02:52:21Z,sd;wave1;sit
ERPSCM,Aurora ERP: Supply Chain & Sales,ERPSCM-519,SIT-1 Procure-to-Pay scenario 1 (SD),task,Done,done,u-gustavo.patel,Gustavo Patel,8,points,2026-07-14,2026-08-04,ERPSCM-358,ERPSCM-328;ERPSCM-151,2026-07-14T10:11:33Z,2026-08-11T02:03:03Z,2026-08-10T08:34:48Z,sd;wave1;sit
ERPSCM,Aurora ERP: Supply Chain & Sales,ERPSCM-520,Technical spec Report: consignment stock process,task,Ready,todo,,,1,points,,,,ERPSCM-452,2026-07-14T12:16:59Z,2026-07-14T12:16:59Z,,mm-pur;wave1;wricef
ERPSCM,Aurora ERP: Supply Chain & Sales,ERPSCM-521,Defect: batch determination ignores shelf life (SD),bug,Done,done,u-wendy.reddy,Wendy Reddy,3,points,,,ERPSCM-358,,2026-07-14T16:55:46Z,2026-08-12T13:08:39Z,2026-08-11T04:17:01Z,sd;wave1;sit;defect
ERPSCM,Aurora ERP: Supply Chain & Sales,ERPSCM-522,SIT-1 Procure-to-Pay scenario 2 (SD),task,Closed,done,u-bruno.costa,Bruno Costa,5,points,,,ERPSCM-358,ERPSCM-331;ERPSCM-178;ERPSCM-533,2026-07-14T22:15:41Z,2026-08-06T18:50:03Z,2026-08-06T00:27:01Z,sd;wave1;sit
ERPSCM,Aurora ERP: Supply Chain & Sales,ERPSCM-523,SIT-1 Acquire-to-Retire scenario 2 (MM-IM),task,Closed,done,u-nikhil.iyer,Nikhil Iyer,5,points,2026-07-23,,ERPSCM-356,ERPSCM-447;ERPSCM-534;ERPSCM-259,2026-07-15T08:52:36Z,2026-08-04T11:22:52Z,2026-08-02T12:19:27Z,mm-im;wave1;sit
ERPSCM,Aurora ERP: Supply Chain & Sales,ERPSCM-524,SIT-1 Order-to-Cash scenario 1 (EWM),task,Done,done,u-joao.costa,João Costa,2,points,,2026-08-16,ERPSCM-375,ERPSCM-368;ERPSCM-465,2026-07-15T15:45:18Z,2026-08-16T20:11:33Z,2026-08-15T12:10:38Z,ewm;wave1;sit
ERPSCM,Aurora ERP: Supply Chain & Sales,ERPSCM-525,Functional spec Conversion: batch management and shelf life,task,Ready,todo,u-gustavo.patel,Gustavo Patel,5,points,,,ERPSCM-86,,2026-07-16T00:47:29Z,2026-07-16T00:47:29Z,,mm-im;wave1;wricef
ERPSCM,Aurora ERP: Supply Chain & Sales,ERPSCM-526,SIT-1 Hire-to-Retire scenario 5 (MRP),task,To Do,todo,u-samuel.rocha,Samuel Rocha,,points,,2026-08-13,ERPSCM-357,ERPSCM-185,2026-07-16T07:48:47Z,2026-07-16T07:48:47Z,,mrp;wave1;sit
ERPSCM,Aurora ERP: Supply Chain & Sales,ERPSCM-527,Defect: confirmation from MES fails for rework orders (MM-IM),bug,In Review,in_progress,u-aarav.taylor,Aarav Taylor,5,points,,,ERPSCM-356,,2026-07-16T07:49:19Z,2026-07-16T07:49:19Z,,mm-im;wave1;sit;defect
ERPSCM,Aurora ERP: Supply Chain & Sales,ERPSCM-528,Configure consignment stock process for plant 1100 Guelph,story,Done,done,u-gustavo.patel,Gustavo Patel,5,points,,2026-08-08,ERPSCM-110,,2026-07-16T22:24:41Z,2026-08-13T17:33:28Z,2026-08-11T21:18:15Z,mm-pur;wave1;realize;config
ERPSCM,Aurora ERP: Supply Chain & Sales,ERPSCM-529,SIT-1 Record-to-Report scenario 7 (MM-IM),task,Backlog,todo,u-ivan.almeida,Ivan Almeida,,points,2026-07-30,2026-08-10,ERPSCM-356,ERPSCM-534;ERPSCM-259;ERPSCM-169,2026-07-17T01:51:59Z,2026-07-17T01:51:59Z,,mm-im;wave1;sit
ERPSCM,Aurora ERP: Supply Chain & Sales,ERPSCM-530,SIT-1 Record-to-Report scenario 4 (MM-IM),task,Done,done,u-gustavo.patel,Gustavo Patel,5,points,,,ERPSCM-356,ERPSCM-360,2026-07-17T05:27:28Z,2026-08-14T17:17:57Z,2026-08-14T13:04:46Z,mm-im;wave1;sit
ERPSCM,Aurora ERP: Supply Chain & Sales,ERPSCM-531,Build Conversion: customer hierarchy,story,Done,done,u-nikhil.iyer,Nikhil Iyer,3,points,2026-08-12,2026-08-11,,ERPSCM-536;ERPSCM-580,2026-07-17T07:48:05Z,2026-08-10T21:52:02Z,2026-08-10T17:41:06Z,sd;wave1;wricef
ERPSCM,Aurora ERP: Supply Chain & Sales,ERPSCM-532,SIT-1 Hire-to-Retire scenario 4 (MRP),task,Closed,done,u-samuel.rocha,Samuel Rocha,5,points,,,ERPSCM-357,ERPSCM-334;ERPSCM-241;ERPSCM-185,2026-07-18T03:41:48Z,2026-08-08T06:30:32Z,2026-08-07T20:04:07Z,mrp;wave1;sit
ERPSCM,Aurora ERP: Supply Chain & Sales,ERPSCM-533,Configure intercompany sales US to Canada for plant 1100 Guelph,story,In Review,in_progress,,,,points,,2026-08-19,ERPSCM-87,,2026-07-18T05:25:22Z,2026-08-19T17:10:14Z,,sd;wave1;realize;config
ERPSCM,Aurora ERP: Supply Chain & Sales,ERPSCM-534,Configure goods receipt with inbound delivery for plant 1100 Guelph,story,Blocked,in_progress,u-victor.reddy,Victor Reddy,5,points,,2026-08-21,ERPSCM-116,,2026-07-18T13:00:09Z,2026-08-18T12:38:20Z,,mm-im;wave1;realize;config
ERPSCM,Aurora ERP: Supply Chain & Sales,ERPSCM-535,Defect: GST rounding differs from JDE by 0.01 (SD),bug,Closed,done,u-samuel.rocha,Samuel Rocha,5,points,2026-08-06,2026-08-22,ERPSCM-358,,2026-07-18T16:02:42Z,2026-08-23T10:48:29Z,2026-08-21T11:52:23Z,sd;wave1;sit;defect
ERPSCM,Aurora ERP: Supply Chain & Sales,ERPSCM-536,Technical spec Conversion: customer hierarchy,task,Closed,done,u-nikhil.iyer,Nikhil Iyer,3,points,,,ERPSCM-109,ERPSCM-517,2026-07-18T16:16:08Z,2026-08-12T13:22:03Z,2026-08-11T10:40:44Z,sd;wave1;wricef
ERPSCM,Aurora ERP: Supply Chain & Sales,ERPSCM-537,Defect: usage decision does not release stock (SD),bug,To Do,todo,,,5,points,,,ERPSCM-358,,2026-07-18T16:37:11Z,2026-07-18T16:37:11Z,,sd;wave1;sit;defect
ERPSCM,Aurora ERP: Supply Chain & Sales,ERPSCM-538,Defect: cost center hierarchy missing plant 1200 nodes (MM-PUR),bug,Ready,todo,,,1,points,2026-07-26,2026-08-15,ERPSCM-350,ERPSCM-163,2026-07-19T00:23:57Z,2026-07-19T00:23:57Z,,mm-pur;wave1;sit;defect
ERPSCM,Aurora ERP: Supply Chain & Sales,ERPSCM-539,SIT-2 Acquire-to-Retire scenario 4 (MM-PUR),task,To Do,todo,u-samuel.rocha,Samuel Rocha,5,points,2026-08-16,,ERPSCM-350,ERPSCM-429;ERPSCM-549,2026-07-19T13:23:30Z,2026-07-19T13:23:30Z,,mm-pur;wave1;sit
ERPSCM,Aurora ERP: Supply Chain & Sales,ERPSCM-540,Unit test: wave management for plant 1100 Guelph,task,Done,done,u-samuel.rocha,Samuel Rocha,3,points,,2026-08-07,ERPSCM-89,ERPSCM-417,2026-07-19T13:55:11Z,2026-08-13T00:09:23Z,2026-08-12T10:33:09Z,ewm;wave1;realize
ERPSCM,Aurora ERP: Supply Chain & Sales,ERPSCM-541,Unit test: planning calendar for plant 1100 Guelph,task,Closed,done,,,3,points,2026-08-01,,ERPSCM-76,ERPSCM-376,2026-07-19T15:24:30Z,2026-08-11T10:53:09Z,2026-08-10T15:10:48Z,mrp;wave1;realize
ERPSCM,Aurora ERP: Supply Chain & Sales,ERPSCM-542,SIT-1 Acquire-to-Retire scenario 3 (MM-IM),task,Done,done,u-marcus.gagnon,Marcus Gagnon,8,points,,,ERPSCM-356,ERPSCM-329,2026-07-19T18:26:17Z,2026-08-08T05:07:09Z,2026-08-07T21:45:24Z,mm-im;wave1;sit
ERPSCM,Aurora ERP: Supply Chain & Sales,ERPSCM-543,SIT-1 Order-to-Cash scenario 4 (EWM),task,Closed,done,u-marcus.souza,Marcus Souza,3,points,,2026-08-14,ERPSCM-375,ERPSCM-417,2026-07-20T20:05:38Z,2026-08-17T22:49:46Z,2026-08-17T10:37:09Z,ewm;wave1;sit
ERPSCM,Aurora ERP: Supply Chain & Sales,ERPSCM-544,SIT-1 Procure-to-Pay scenario 3 (MM-PUR),task,Done,done,u-aarav.taylor,Aarav Taylor,2,points,2026-07-22,,ERPSCM-350,ERPSCM-251,2026-07-21T02:00:49Z,2026-08-08T00:51:32Z,2026-08-07T03:23:03Z,mm-pur;wave1;sit
ERPSCM,Aurora ERP: Supply Chain & Sales,ERPSCM-545,Defect: depreciation run skips assets acquired mid-month (MM-IM),bug,Done,done,u-marcus.souza,Marcus Souza,5,points,2026-07-31,,ERPSCM-356,,2026-07-21T13:52:24Z,2026-08-19T04:43:29Z,2026-08-18T05:01:31Z,mm-im;wave1;sit;defect
ERPSCM,Aurora ERP: Supply Chain & Sales,ERPSCM-546,SIT-2 Plan-to-Produce scenario 1 (MM-IM),task,To Do,todo,,,5,points,2026-08-20,,ERPSCM-356,ERPSCM-465;ERPSCM-469,2026-07-21T18:45:04Z,2026-07-31T16:33:28Z,,mm-im;wave1;sit
ERPSCM,Aurora ERP: Supply Chain & Sales,ERPSCM-547,SIT-1 Record-to-Report scenario 6 (MM-IM),task,Closed,done,,,13,points,,2026-08-14,ERPSCM-356,ERPSCM-329,2026-07-22T07:19:28Z,2026-08-12T16:47:10Z,2026-08-11T16:26:34Z,mm-im;wave1;sit
ERPSCM,Aurora ERP: Supply Chain & Sales,ERPSCM-548,Defect: RL-1 box 14 miscalculated for Quebec employees (MRP),bug,Closed,done,u-victor.reddy,Victor Reddy,5,points,,2026-08-17,ERPSCM-357,,2026-07-22T08:27:26Z,2026-08-24T00:00:00Z,2026-08-24T10:23:51Z,mrp;wave1;sit;defect
ERPSCM,Aurora ERP: Supply Chain & Sales,ERPSCM-549,Defect: depreciation run skips assets acquired mid-month (MM-PUR),bug,Done,done,u-joao.costa,João Costa,5,points,,2026-08-15,,,2026-07-22T13:09:09Z,2026-08-15T05:49:10Z,,mm-pur;wave1;sit;defect
ERPSCM,Aurora ERP: Supply Chain & Sales,ERPSCM-550,SIT-2 Procure-to-Pay scenario 2 (MRP),task,Blocked,in_progress,u-nikhil.iyer,Nikhil Iyer,2,points,,2026-09-05,ERPSCM-357,ERPSCM-450;ERPSCM-548,2026-07-22T16:45:14Z,2026-07-24T19:22:11Z,,mrp;wave1;sit
ERPSCM,Aurora ERP: Supply Chain & Sales,ERPSCM-551,Unit test Enhancement: condition types for customer rebates for plant 1100 Guelph,task,Blocked,in_progress,u-victor.reddy,Victor Reddy,5,points,2026-08-18,,ERPSCM-109,ERPSCM-512,2026-07-23T09:09:01Z,2026-07-31T15:58:10Z,,sd;wave1;wricef
ERPSCM,Aurora ERP: Supply Chain & Sales,ERPSCM-552,Defect: ATP confirms quantity beyond safety stock (MM-IM),bug,Ready,todo,,,3,points,2026-08-07,,ERPSCM-356,,2026-07-23T19:01:20Z,2026-07-23T19:01:20Z,,mm-im;wave1;sit;defect
ERPSCM,Aurora ERP: Supply Chain & Sales,ERPSCM-553,Defect: EDI 856 missing pallet level (MM-PUR),bug,In Review,in_progress,u-nikhil.almeida,Nikhil Almeida,5,points,,2026-08-22,ERPSCM-350,,2026-07-23T21:03:49Z,2026-08-24T00:00:00Z,,mm-pur;wave1;sit;defect
ERPSCM,Aurora ERP: Supply Chain & Sales,ERPSCM-554,SIT-1 Record-to-Report scenario 3 (MM-IM),task,Done,done,u-victor.reddy,Victor Reddy,2,points,,2026-08-11,ERPSCM-356,ERPSCM-259;ERPSCM-121,2026-07-24T10:07:05Z,2026-08-23T05:00:00Z,2026-08-22T16:14:26Z,mm-im;wave1;sit
ERPSCM,Aurora ERP: Supply Chain & Sales,ERPSCM-555,SIT-2 Order-to-Cash scenario 4 (SD),task,In Progress,in_progress,u-gustavo.patel,Gustavo Patel,2,points,2026-08-17,2026-09-03,ERPSCM-358,ERPSCM-492,2026-07-24T14:31:43Z,2026-07-24T14:31:43Z,,sd;wave1;sit
ERPSCM,Aurora ERP: Supply Chain & Sales,ERPSCM-556,Build Workflow: source list and quota arrangement,story,Blocked,in_progress,u-gustavo.patel,Gustavo Patel,5,points,2026-08-10,,ERPSCM-95,ERPSCM-441;ERPSCM-292,2026-07-25T07:44:46Z,2026-08-15T10:55:56Z,,mm-pur;wave1;wricef
ERPSCM,Aurora ERP: Supply Chain & Sales,ERPSCM-557,Unit test Enhancement: sales org and distribution channels for plant 1100 Guelph,task,Ready,todo,,,1,points,,2026-08-11,ERPSCM-109,ERPSCM-508,2026-07-25T18:45:15Z,2026-08-02T17:14:28Z,,sd;wave1;wricef
ERPSCM,Aurora ERP: Supply Chain & Sales,ERPSCM-558,SIT-2 Order-to-Cash scenario 6 (SD),task,In Progress,in_progress,u-daniel.weber,Daniel Weber,,points,,2026-08-31,ERPSCM-358,ERPSCM-438;ERPSCM-237,2026-07-25T21:13:16Z,2026-08-16T19:25:01Z,,sd;wave1;sit
ERPSCM,Aurora ERP: Supply Chain & Sales,ERPSCM-559,SIT-2 Acquire-to-Retire scenario 2 (MM-PUR),task,In Progress,in_progress,u-marcus.gagnon,Marcus Gagnon,,points,2026-08-15,2026-09-08,ERPSCM-350,ERPSCM-394,2026-07-25T23:17:49Z,2026-08-02T09:44:43Z,,mm-pur;wave1;sit
ERPSCM,Aurora ERP: Supply Chain & Sales,ERPSCM-560,Unit test: output determination for delivery notes for plant 1100 Guelph,task,In Progress,in_progress,u-samuel.rocha,Samuel Rocha,3,points,,2026-08-19,ERPSCM-87,ERPSCM-390,2026-07-26T00:03:19Z,2026-07-28T19:33:15Z,,sd;wave1;realize
ERPSCM,Aurora ERP: Supply Chain & Sales,ERPSCM-561,Defect: payment run selects blocked invoices (MRP),bug,Backlog,todo,u-ivan.almeida,Ivan Almeida,5,points,2026-08-05,,ERPSCM-357,,2026-07-26T01:32:31Z,2026-07-26T01:32:31Z,,mrp;wave1;sit;defect
ERPSCM,Aurora ERP: Supply Chain & Sales,ERPSCM-562,SIT-1 Record-to-Report scenario 1 (MM-IM),task,Closed,done,u-gustavo.patel,Gustavo Patel,5,points,2026-07-27,,ERPSCM-356,ERPSCM-169;ERPSCM-121,2026-07-26T03:22:47Z,2026-08-21T13:21:27Z,2026-08-19T16:43:11Z,mm-im;wave1;sit
ERPSCM,Aurora ERP: Supply Chain & Sales,ERPSCM-563,Unit test: returns and credit memo process for plant 1100 Guelph,task,In Progress,in_progress,u-daniel.weber,Daniel Weber,5,points,,,,ERPSCM-477,2026-07-26T10:03:50Z,2026-08-23T19:54:55Z,,sd;wave1;realize
ERPSCM,Aurora ERP: Supply Chain & Sales,ERPSCM-564,Unit test Form: planning calendar,task,Backlog,todo,,,3,points,,2026-08-26,ERPSCM-103,ERPSCM-454,2026-07-26T10:18:18Z,2026-07-26T10:18:18Z,,mrp;wave1;wricef
ERPSCM,Aurora ERP: Supply Chain & Sales,ERPSCM-565,SIT-2 Procure-to-Pay scenario 2 (SD),task,Backlog,todo,,,8,points,2026-08-25,,ERPSCM-358,ERPSCM-522,2026-07-26T20:48:12Z,2026-07-26T20:48:12Z,,sd;wave1;sit
ERPSCM,Aurora ERP: Supply Chain & Sales,ERPSCM-566,SIT-2 Order-to-Cash scenario 1 (SD),task,In Progress,in_progress,u-gustavo.patel,Gustavo Patel,2,points,2026-08-16,,ERPSCM-358,ERPSCM-430,2026-07-27T03:34:05Z,2026-08-09T12:10:28Z,,sd;wave1;sit
ERPSCM,Aurora ERP: Supply Chain & Sales,ERPSCM-567,Defect: payment run selects blocked invoices (MM-IM),bug,To Do,todo,u-gustavo.patel,Gustavo Patel,13,points,,2026-08-20,ERPSCM-356,,2026-07-27T11:34:51Z,2026-07-27T11:34:51Z,,mm-im;wave1;sit;defect
ERPSCM,Aurora ERP: Supply Chain & Sales,ERPSCM-568,Unit test Enhancement: vendor evaluation for plant 1100 Guelph,task,Backlog,todo,,,,points,,,ERPSCM-95,ERPSCM-453,2026-07-27T11:36:43Z,2026-08-13T11:06:21Z,,mm-pur;wave1;wricef
ERPSCM,Aurora ERP: Supply Chain & Sales,ERPSCM-569,Unit test: batch management and shelf life for plant 1100 Guelph,task,In Progress,in_progress,,,,points,2026-07-26,2026-08-21,ERPSCM-116,ERPSCM-360,2026-07-27T17:28:40Z,2026-07-27T17:28:40Z,,mm-im;wave1;realize
ERPSCM,Aurora ERP: Supply Chain & Sales,ERPSCM-570,Unit test Conversion: goods receipt with inbound delivery for plant 1100 Guelph,task,Blocked,in_progress,,,3,points,,,ERPSCM-86,ERPSCM-468,2026-07-27T21:25:30Z,2026-08-14T12:37:07Z,,mm-im;wave1;wricef
ERPSCM,Aurora ERP: Supply Chain & Sales,ERPSCM-571,Build Enhancement: MRP types and lot sizing,story,Blocked,in_progress,u-nikhil.iyer,Nikhil Iyer,,points,,2026-08-26,ERPSCM-103,ERPSCM-506;ERPSCM-421,2026-07-27T21:41:46Z,2026-08-23T19:17:32Z,,mrp;wave1;wricef
ERPSCM,Aurora ERP: Supply Chain & Sales,ERPSCM-572,Defect: bank statement posts to suspense account (MM-IM),bug,Done,done,u-gustavo.patel,Gustavo Patel,3,points,2026-08-14,,,,2026-07-28T13:05:35Z,2026-08-24T00:00:00Z,2026-08-24T10:54:51Z,mm-im;wave1;sit;defect
ERPSCM,Aurora ERP: Supply Chain & Sales,ERPSCM-573,Unit test: STO between plants 1100 and 1200 for plant 1100 Guelph,task,Blocked,in_progress,u-samuel.rocha,Samuel Rocha,2,points,2026-08-08,,ERPSCM-116,ERPSCM-447,2026-07-29T05:00:48Z,2026-07-29T05:00:48Z,,mm-im;wave1;realize
ERPSCM,Aurora ERP: Supply Chain & Sales,ERPSCM-574,Unit test Workflow: source list and quota arrangement,task,Ready,todo,,,3,points,,,,ERPSCM-556,2026-07-29T05:04:46Z,2026-07-29T05:04:46Z,,mm-pur;wave1;wricef
ERPSCM,Aurora ERP: Supply Chain & Sales,ERPSCM-575,Build Conversion: batch management and shelf life,story,In Progress,in_progress,,,2,points,,2026-08-18,ERPSCM-86,ERPSCM-488;ERPSCM-210,2026-07-29T10:58:10Z,2026-08-12T12:52:30Z,,mm-im;wave1;wricef
ERPSCM,Aurora ERP: Supply Chain & Sales,ERPSCM-576,SIT-2 Plan-to-Produce scenario 4 (MM-PUR),task,To Do,todo,u-gustavo.patel,Gustavo Patel,3,points,,2026-09-13,ERPSCM-350,ERPSCM-410,2026-07-29T13:44:55Z,2026-07-29T13:44:55Z,,mm-pur;wave1;sit
ERPSCM,Aurora ERP: Supply Chain & Sales,ERPSCM-577,SIT-2 Acquire-to-Retire scenario 2 (MM-IM),task,To Do,todo,,,3,points,,,ERPSCM-356,ERPSCM-523;ERPSCM-552,2026-07-29T17:51:49Z,2026-07-29T17:51:49Z,,mm-im;wave1;sit
ERPSCM,Aurora ERP: Supply Chain & Sales,ERPSCM-578,SIT-2 Procure-to-Pay scenario 3 (MRP),task,Ready,todo,u-ivan.almeida,Ivan Almeida,5,points,,,ERPSCM-357,ERPSCM-459,2026-07-29T20:51:01Z,2026-07-29T20:51:01Z,,mrp;wave1;sit
ERPSCM,Aurora ERP: Supply Chain & Sales,ERPSCM-579,Unit test Interface: movement types and reasons for plant 1100 Guelph,task,In Progress,in_progress,u-ivan.almeida,Ivan Almeida,13,points,2026-08-18,2026-08-18,ERPSCM-86,ERPSCM-490,2026-07-29T23:06:42Z,2026-08-22T12:53:09Z,,mm-im;wave1;wricef
ERPSCM,Aurora ERP: Supply Chain & Sales,ERPSCM-580,Configure customer hierarchy for plant 1100 Guelph,story,Backlog,todo,,,,points,,2026-08-19,ERPSCM-87,,2026-07-30T04:47:16Z,2026-07-30T04:47:16Z,,sd;wave1;realize;config
ERPSCM,Aurora ERP: Supply Chain & Sales,ERPSCM-581,Defect: goods receipt posts to wrong valuation class (MRP),bug,Closed,done,u-gustavo.patel,Gustavo Patel,2,points,2026-07-29,2026-08-16,ERPSCM-357,,2026-07-30T14:59:48Z,2026-08-24T00:00:00Z,2026-08-24T15:43:18Z,mrp;wave1;sit;defect
ERPSCM,Aurora ERP: Supply Chain & Sales,ERPSCM-582,SIT-2 Record-to-Report scenario 2 (MRP),task,In Progress,in_progress,,,3,points,,2026-09-11,,ERPSCM-440;ERPSCM-308,2026-07-30T15:34:42Z,2026-08-24T00:00:00Z,,mrp;wave1;sit
ERPSCM,Aurora ERP: Supply Chain & Sales,ERPSCM-583,SIT-2 Acquire-to-Retire scenario 1 (MM-IM),task,To Do,todo,u-gustavo.patel,Gustavo Patel,,points,,,ERPSCM-356,ERPSCM-486;ERPSCM-567,2026-07-30T18:09:02Z,2026-07-30T18:09:02Z,,mm-im;wave1;sit
ERPSCM,Aurora ERP: Supply Chain & Sales,ERPSCM-584,Unit test Form: planning calendar for plant 1100 Guelph,task,Blocked,in_progress,u-samuel.rocha,Samuel Rocha,,points,2026-08-19,,ERPSCM-103,ERPSCM-509,2026-07-30T20:49:43Z,2026-08-18T12:55:25Z,,mrp;wave1;wricef
ERPSCM,Aurora ERP: Supply Chain & Sales,ERPSCM-585,SIT-2 Plan-to-Produce scenario 2 (MM-IM),task,In Progress,in_progress,u-aarav.taylor,Aarav Taylor,,points,,2026-09-04,ERPSCM-356,ERPSCM-426;ERPSCM-527,2026-07-31T00:48:56Z,2026-08-23T15:14:03Z,,mm-im;wave1;sit
ERPSCM,Aurora ERP: Supply Chain & Sales,ERPSCM-586,SIT-2 Record-to-Report scenario 3 (EWM),task,Closed,done,u-samuel.rocha,Samuel Rocha,2,points,,2026-09-12,ERPSCM-375,ERPSCM-423,2026-07-31T06:00:17Z,2026-08-24T00:00:00Z,2026-08-24T17:17:04Z,ewm;wave1;sit
ERPSCM,Aurora ERP: Supply Chain & Sales,ERPSCM-587,SIT-2 Procure-to-Pay scenario 3 (SD),task,Backlog,todo,u-samuel.rocha,Samuel Rocha,8,points,,2026-09-07,ERPSCM-358,ERPSCM-479,2026-07-31T09:04:00Z,2026-07-31T09:04:00Z,,sd;wave1;sit
ERPSCM,Aurora ERP: Supply Chain & Sales,ERPSCM-588,Defect: batch determination ignores shelf life (SD),bug,In Progress,in_progress,u-nikhil.iyer,Nikhil Iyer,5,points,,,ERPSCM-358,ERPSCM-373,2026-07-31T09:23:12Z,2026-08-12T20:54:44Z,,sd;wave1;sit;defect
ERPSCM,Aurora ERP: Supply Chain & Sales,ERPSCM-589,SIT-2 Procure-to-Pay scenario 5 (SD),task,Backlog,todo,u-gustavo.patel,Gustavo Patel,5,points,2026-08-24,2026-09-11,,ERPSCM-518;ERPSCM-535,2026-07-31T17:45:30Z,2026-08-13T18:07:38Z,,sd;wave1;sit
ERPSCM,Aurora ERP: Supply Chain & Sales,ERPSCM-590,SIT-2 Procure-to-Pay scenario 7 (MRP),task,To Do,todo,,,,points,,2026-08-31,ERPSCM-357,ERPSCM-467,2026-08-01T07:39:05Z,2026-08-01T07:39:05Z,,mrp;wave1;sit
ERPSCM,Aurora ERP: Supply Chain & Sales,ERPSCM-591,Authorization role for MRP Live cockpit for plant 1100 Guelph,task,Closed,done,u-gustavo.patel,Gustavo Patel,5,points,2026-08-26,,ERPSCM-76,ERPSCM-421,2026-08-01T11:28:03Z,2026-08-20T04:51:46Z,2026-08-19T07:30:41Z,mrp;wave1;realize;security
ERPSCM,Aurora ERP: Supply Chain & Sales,ERPSCM-592,Unit test: RF device screens for plant 1100 Guelph,task,Done,done,u-henrique.weber,Henrique Weber,5,points,,2026-08-07,ERPSCM-89,ERPSCM-464,2026-08-01T12:58:41Z,2026-08-10T06:30:00Z,2026-08-09T08:25:34Z,ewm;wave1;realize
ERPSCM,Aurora ERP: Supply Chain & Sales,ERPSCM-593,SIT-2 Acquire-to-Retire scenario 3 (SD),task,To Do,todo,,,5,points,,2026-09-18,,ERPSCM-466,2026-08-01T13:15:03Z,2026-08-01T13:15:03Z,,sd;wave1;sit
ERPSCM,Aurora ERP: Supply Chain & Sales,ERPSCM-594,Unit test: vendor evaluation for plant 1100 Guelph,task,Closed,done,u-nikhil.iyer,Nikhil Iyer,5,points,2026-08-03,2026-08-08,,ERPSCM-424,2026-08-02T00:33:49Z,2026-08-08T03:07:47Z,2026-08-06T17:07:19Z,mm-pur;wave1;realize
ERPSCM,Aurora ERP: Supply Chain & Sales,ERPSCM-595,SIT-2 Order-to-Cash scenario 2 (SD),task,To Do,todo,u-daniel.weber,Daniel Weber,,points,,,ERPSCM-358,ERPSCM-392,2026-08-02T03:33:25Z,2026-08-02T03:33:25Z,,sd;wave1;sit
ERPSCM,Aurora ERP: Supply Chain & Sales,ERPSCM-596,SIT-2 Procure-to-Pay scenario 4 (MRP),task,In Progress,in_progress,u-henrique.weber,Henrique Weber,,points,2026-08-15,2026-08-31,ERPSCM-357,ERPSCM-482;ERPSCM-581,2026-08-03T07:21:05Z,2026-08-06T16:07:17Z,,mrp;wave1;sit
ERPSCM,Aurora ERP: Supply Chain & Sales,ERPSCM-597,SIT-2 Plan-to-Produce scenario 4 (MM-IM),task,In Review,in_progress,u-victor.reddy,Victor Reddy,8,points,2026-08-19,2026-09-04,ERPSCM-356,ERPSCM-456;ERPSCM-545,2026-08-03T07:47:02Z,2026-08-22T11:33:30Z,,mm-im;wave1;sit
ERPSCM,Aurora ERP: Supply Chain & Sales,ERPSCM-598,Unit test: MRP Live cockpit for plant 1100 Guelph,task,Closed,done,u-nikhil.almeida,Nikhil Almeida,5,points,,,ERPSCM-76,ERPSCM-421,2026-08-03T10:07:37Z,2026-08-20T03:12:52Z,2026-08-19T17:22:57Z,mrp;wave1;realize
ERPSCM,Aurora ERP: Supply Chain & Sales,ERPSCM-599,SIT-2 Hire-to-Retire scenario 1 (MRP),task,To Do,todo,,,5,points,,,ERPSCM-357,ERPSCM-487,2026-08-03T12:08:56Z,2026-08-03T12:08:56Z,,mrp;wave1;sit
ERPSCM,Aurora ERP: Supply Chain & Sales,ERPSCM-600,SIT-2 Plan-to-Produce scenario 3 (MM-PUR),task,Ready,todo,u-gustavo.nguyen,Gustavo Nguyen,8,points,2026-08-24,,ERPSCM-350,ERPSCM-409,2026-08-03T13:00:29Z,2026-08-03T13:00:29Z,,mm-pur;wave1;sit
ERPSCM,Aurora ERP: Supply Chain & Sales,ERPSCM-601,Unit test: consignment stock process for plant 1100 Guelph,task,To Do,todo,u-gustavo.patel,Gustavo Patel,8,points,,2026-08-08,,ERPSCM-528,2026-08-03T15:08:06Z,2026-08-07T16:19:14Z,,mm-pur;wave1;realize
ERPSCM,Aurora ERP: Supply Chain & Sales,ERPSCM-602,SIT-2 Acquire-to-Retire scenario 1 (MM-PUR),task,Done,done,u-nikhil.iyer,Nikhil Iyer,8,points,,,ERPSCM-350,ERPSCM-449,2026-08-04T00:20:53Z,2026-08-24T00:00:00Z,,mm-pur;wave1;sit
ERPSCM,Aurora ERP: Supply Chain & Sales,ERPSCM-603,Unit test: goods receipt with inbound delivery for plant 1100 Guelph,task,Ready,todo,,,8,points,,2026-08-21,ERPSCM-116,ERPSCM-534,2026-08-04T06:41:27Z,2026-08-04T06:41:27Z,,mm-im;wave1;realize
ERPSCM,Aurora ERP: Supply Chain & Sales,ERPSCM-604,Defect: dunning letter uses wrong language for Quebec customers (MRP),bug,In Progress,in_progress,u-aarav.taylor,Aarav Taylor,3,points,2026-08-12,,ERPSCM-357,,2026-08-04T10:00:22Z,2026-08-22T16:06:52Z,,mrp;wave1;sit;defect
ERPSCM,Aurora ERP: Supply Chain & Sales,ERPSCM-605,Defect: cost center hierarchy missing plant 1200 nodes (MRP),bug,Backlog,todo,,,8,points,,2026-08-20,ERPSCM-357,,2026-08-04T14:00:38Z,2026-08-04T14:00:38Z,2026-08-04T09:29:18Z,mrp;wave1;sit;defect
ERPSCM,Aurora ERP: Supply Chain & Sales,ERPSCM-606,SIT-2 Procure-to-Pay scenario 1 (EWM),task,To Do,todo,u-bruno.costa,Bruno Costa,8,points,,,,ERPSCM-463,2026-08-04T17:39:34Z,2026-08-04T17:39:34Z,,ewm;wave1;sit
ERPSCM,Aurora ERP: Supply Chain & Sales,ERPSCM-607,Technical spec Conversion: MRP areas per storage location for plant 1100 Guelph,task,Closed,done,u-aarav.taylor,Aarav Taylor,3,points,,2026-08-26,ERPSCM-103,ERPSCM-489,2026-08-06T01:46:03Z,2026-08-24T00:00:00Z,2026-08-24T13:12:08Z,mrp;wave1;wricef
ERPSCM,Aurora ERP: Supply Chain & Sales,ERPSCM-608,Defect: dunning letter uses wrong language for Quebec customers (MRP),bug,In Progress,in_progress,u-gustavo.nguyen,Gustavo Nguyen,,points,2026-08-12,2026-09-01,ERPSCM-357,,2026-08-06T02:12:41Z,2026-08-06T02:12:41Z,,mrp;wave1;sit;defect
ERPSCM,Aurora ERP: Supply Chain & Sales,ERPSCM-609,SIT-2 Procure-to-Pay scenario 5 (MRP),task,In Progress,in_progress,u-gustavo.patel,Gustavo Patel,8,points,,2026-09-02,ERPSCM-357,ERPSCM-505,2026-08-06T23:15:42Z,2026-08-22T18:35:31Z,,mrp;wave1;sit
ERPSCM,Aurora ERP: Supply Chain & Sales,ERPSCM-610,SIT-2 Plan-to-Produce scenario 6 (MM-PUR),task,To Do,todo,,,,points,,2026-09-16,ERPSCM-350,ERPSCM-408,2026-08-07T04:29:45Z,2026-08-07T04:29:45Z,,mm-pur;wave1;sit
ERPSCM,Aurora ERP: Supply Chain & Sales,ERPSCM-611,SIT-2 Procure-to-Pay scenario 7 (SD),task,To Do,todo,,,,points,2026-08-24,,ERPSCM-358,ERPSCM-484,2026-08-07T08:07:56Z,2026-08-07T08:07:56Z,,sd;wave1;sit
ERPSCM,Aurora ERP: Supply Chain & Sales,ERPSCM-612,SIT-2 Order-to-Cash scenario 3 (SD),task,To Do,todo,,,2,points,2026-08-17,2026-09-05,ERPSCM-358,ERPSCM-497,2026-08-07T17:01:42Z,2026-08-07T17:01:42Z,,sd;wave1;sit
ERPSCM,Aurora ERP: Supply Chain & Sales,ERPSCM-613,Defect: ATP confirms quantity beyond safety stock (SD),bug,Blocked,in_progress,,,3,points,,,ERPSCM-358,,2026-08-07T18:45:16Z,2026-08-20T11:40:25Z,,sd;wave1;sit;defect
ERPSCM,Aurora ERP: Supply Chain & Sales,ERPSCM-614,Defect: goods receipt posts to wrong valuation class (MM-IM),bug,In Progress,in_progress,u-gustavo.patel,Gustavo Patel,13,points,,,ERPSCM-356,,2026-08-07T22:44:13Z,2026-08-23T20:34:45Z,,mm-im;wave1;sit;defect
ERPSCM,Aurora ERP: Supply Chain & Sales,ERPSCM-615,SIT-2 Acquire-to-Retire scenario 4 (MM-IM),task,Backlog,todo,u-marcus.souza,Marcus Souza,13,points,,2026-09-11,ERPSCM-356,ERPSCM-473;ERPSCM-511,2026-08-08T03:25:36Z,2026-08-10T13:18:05Z,,mm-im;wave1;sit
ERPSCM,Aurora ERP: Supply Chain & Sales,ERPSCM-616,SIT-2 Record-to-Report scenario 4 (MRP),task,Ready,todo,u-gustavo.nguyen,Gustavo Nguyen,3,points,,2026-09-09,,ERPSCM-439;ERPSCM-605,2026-08-08T12:03:04Z,2026-08-09T16:23:44Z,2026-08-08T23:37:42Z,mrp;wave1;sit
ERPSCM,Aurora ERP: Supply Chain & Sales,ERPSCM-617,SIT-2 Plan-to-Produce scenario 2 (MM-PUR),task,Blocked,in_progress,u-victor.reddy,Victor Reddy,,points,,,ERPSCM-350,ERPSCM-483,2026-08-08T16:10:01Z,2026-08-13T20:29:46Z,,mm-pur;wave1;sit
ERPSCM,Aurora ERP: Supply Chain & Sales,ERPSCM-618,SIT-2 Plan-to-Produce scenario 5 (MM-PUR),task,Backlog,todo,,,2,points,,,ERPSCM-350,ERPSCM-471;ERPSCM-553,2026-08-08T17:32:58Z,2026-08-08T17:32:58Z,,mm-pur;wave1;sit
ERPSCM,Aurora ERP: Supply Chain & Sales,ERPSCM-619,SIT-2 Procure-to-Pay scenario 6 (SD),task,To Do,todo,,,8,points,,2026-09-09,ERPSCM-358,ERPSCM-415,2026-08-09T03:24:27Z,2026-08-09T03:24:27Z,,sd;wave1;sit
ERPSCM,Aurora ERP: Supply Chain & Sales,ERPSCM-620,Authorization role for planning calendar for plant 1100 Guelph,task,Closed,done,u-aarav.taylor,Aarav Taylor,3,points,,,ERPSCM-76,ERPSCM-376,2026-08-09T09:52:01Z,2026-08-19T03:34:51Z,,mrp;wave1;realize;security
ERPSCM,Aurora ERP: Supply Chain & Sales,ERPSCM-621,SIT-2 Record-to-Report scenario 2 (MM-IM),task,Ready,todo,u-nikhil.iyer,Nikhil Iyer,2,points,,2026-09-18,ERPSCM-356,ERPSCM-516,2026-08-09T14:26:18Z,2026-08-09T14:26:18Z,,mm-im;wave1;sit
ERPSCM,Aurora ERP: Supply Chain & Sales,ERPSCM-622,Build Report: consignment stock process,story,To Do,todo,,,2,points,,,ERPSCM-95,ERPSCM-520;ERPSCM-170,2026-08-10T00:52:39Z,2026-08-23T17:06:48Z,,mm-pur;wave1;wricef
ERPSCM,Aurora ERP: Supply Chain & Sales,ERPSCM-623,SIT-2 Record-to-Report scenario 4 (MM-IM),task,Backlog,todo,,,,points,,2026-09-16,ERPSCM-356,ERPSCM-530,2026-08-10T05:03:09Z,2026-08-10T05:03:09Z,,mm-im;wave1;sit
ERPSCM,Aurora ERP: Supply Chain & Sales,ERPSCM-624,SIT-2 Acquire-to-Retire scenario 2 (SD),task,Backlog,todo,u-nikhil.iyer,Nikhil Iyer,8,points,,2026-09-17,ERPSCM-358,ERPSCM-472;ERPSCM-588,2026-08-10T07:15:54Z,2026-08-10T07:15:54Z,,sd;wave1;sit
ERPSCM,Aurora ERP: Supply Chain & Sales,ERPSCM-625,SIT-2 Procure-to-Pay scenario 6 (MRP),task,Blocked,in_progress,u-bruno.costa,Bruno Costa,,points,,2026-09-01,ERPSCM-357,ERPSCM-496;ERPSCM-476,2026-08-10T14:06:29Z,2026-08-23T11:16:15Z,,mrp;wave1;sit
ERPSCM,Aurora ERP: Supply Chain & Sales,ERPSCM-626,SIT-2 Procure-to-Pay scenario 4 (EWM),task,To Do,todo,u-bruno.costa,Bruno Costa,5,points,2026-08-31,,,ERPSCM-428,2026-08-10T18:58:14Z,2026-08-10T18:58:14Z,,ewm;wave1;sit
ERPSCM,Aurora ERP: Supply Chain & Sales,ERPSCM-627,SIT-2 Record-to-Report scenario 1 (MRP),task,Ready,todo,u-nikhil.almeida,Nikhil Almeida,5,points,,2026-09-08,ERPSCM-357,ERPSCM-434;ERPSCM-561,2026-08-10T21:33:24Z,2026-08-10T21:33:24Z,,mrp;wave1;sit
ERPSCM,Aurora ERP: Supply Chain & Sales,ERPSCM-628,SIT-2 Acquire-to-Retire scenario 3 (MM-PUR),task,In Review,in_progress,u-nikhil.iyer,Nikhil Iyer,8,points,,2026-09-05,ERPSCM-350,ERPSCM-382;ERPSCM-538,2026-08-11T03:08:41Z,2026-08-12T10:40:36Z,,mm-pur;wave1;sit
ERPSCM,Aurora ERP: Supply Chain & Sales,ERPSCM-629,SIT-2 Record-to-Report scenario 4 (EWM),task,In Progress,in_progress,u-henrique.weber,Henrique Weber,,points,2026-08-22,,ERPSCM-375,ERPSCM-474,2026-08-11T03:35:26Z,2026-08-11T03:35:26Z,,ewm;wave1;sit
ERPSCM,Aurora ERP: Supply Chain & Sales,ERPSCM-630,Unit test Report: pick/pack/ship strategies for plant 1100 Guelph,task,Blocked,in_progress,u-nikhil.iyer,Nikhil Iyer,1,points,,,ERPSCM-88,ERPSCM-501,2026-08-11T06:48:22Z,2026-08-17T13:53:41Z,,ewm;wave1;wricef
ERPSCM,Aurora ERP: Supply Chain & Sales,ERPSCM-631,SIT-2 Acquire-to-Retire scenario 4 (SD),task,Ready,todo,,,8,points,2026-08-31,2026-09-15,,ERPSCM-451;ERPSCM-537,2026-08-11T14:56:15Z,2026-08-11T14:56:15Z,2026-08-11T12:17:06Z,sd;wave1;sit
ERPSCM,Aurora ERP: Supply Chain & Sales,ERPSCM-632,SIT-2 Hire-to-Retire scenario 4 (MRP),task,To Do,todo,,,1,points,2026-09-02,2026-09-18,,ERPSCM-532,2026-08-11T17:17:51Z,2026-08-11T17:17:51Z,,mrp;wave1;sit
ERPSCM,Aurora ERP: Supply Chain & Sales,ERPSCM-633,SIT-2 Order-to-Cash scenario 7 (SD),task,Backlog,todo,u-nikhil.almeida,Nikhil Almeida,8,points,,2026-09-02,ERPSCM-358,ERPSCM-432;ERPSCM-521,2026-08-11T19:45:00Z,2026-08-11T19:45:00Z,,sd;wave1;sit
ERPSCM,Aurora ERP: Supply Chain & Sales,ERPSCM-634,Unit test: intercompany sales US to Canada for plant 1100 Guelph,task,Blocked,in_progress,u-nikhil.iyer,Nikhil Iyer,3,points,,2026-08-19,ERPSCM-87,ERPSCM-533,2026-08-11T21:05:58Z,2026-08-14T20:00:02Z,,sd;wave1;realize
ERPSCM,Aurora ERP: Supply Chain & Sales,ERPSCM-635,SIT-2 Order-to-Cash scenario 5 (SD),task,In Review,in_progress,u-nikhil.almeida,Nikhil Almeida,1,points,,,ERPSCM-358,ERPSCM-444,2026-08-11T22:43:58Z,2026-08-18T13:31:59Z,,sd;wave1;sit
ERPSCM,Aurora ERP: Supply Chain & Sales,ERPSCM-636,Defect: Fiori tile shows stale inventory figures (EWM),bug,To Do,todo,,,5,points,2026-08-13,,ERPSCM-375,,2026-08-12T01:02:14Z,2026-08-12T01:02:14Z,,ewm;wave1;sit;defect
ERPSCM,Aurora ERP: Supply Chain & Sales,ERPSCM-637,SIT-2 Order-to-Cash scenario 1 (EWM),task,Ready,todo,,,8,points,2026-09-07,2026-09-24,ERPSCM-375,ERPSCM-524,2026-08-12T03:24:38Z,2026-08-12T03:24:38Z,,ewm;wave1;sit
ERPSCM,Aurora ERP: Supply Chain & Sales,ERPSCM-638,SIT-2 Record-to-Report scenario 7 (MM-IM),task,Ready,todo,u-gustavo.patel,Gustavo Patel,13,points,,,ERPSCM-356,ERPSCM-529,2026-08-12T12:50:29Z,2026-08-12T12:50:29Z,,mm-im;wave1;sit
ERPSCM,Aurora ERP: Supply Chain & Sales,ERPSCM-639,SIT-2 Acquire-to-Retire scenario 1 (SD),task,Backlog,todo,,,,points,,,ERPSCM-358,ERPSCM-442;ERPSCM-613,2026-08-12T18:49:01Z,2026-08-12T18:49:01Z,,sd;wave1;sit
ERPSCM,Aurora ERP: Supply Chain & Sales,ERPSCM-640,SIT-2 Record-to-Report scenario 5 (MM-IM),task,To Do,todo,u-wendy.reddy,Wendy Reddy,2,points,,,ERPSCM-356,ERPSCM-504;ERPSCM-641,2026-08-12T22:21:25Z,2026-08-12T22:21:25Z,,mm-im;wave1;sit
ERPSCM,Aurora ERP: Supply Chain & Sales,ERPSCM-641,Defect: variant configuration price not recalculated (MM-IM),bug,Backlog,todo,,,,points,2026-08-13,2026-08-27,ERPSCM-356,,2026-08-13T00:42:22Z,2026-08-13T00:42:22Z,,mm-im;wave1;sit;defect
ERPSCM,Aurora ERP: Supply Chain & Sales,ERPSCM-642,Unit test Enhancement: MRP types and lot sizing,task,To Do,todo,,,,points,2026-09-11,,ERPSCM-103,ERPSCM-571,2026-08-13T06:15:57Z,2026-08-13T06:15:57Z,,mrp;wave1;wricef
ERPSCM,Aurora ERP: Supply Chain & Sales,ERPSCM-643,SIT-2 Order-to-Cash scenario 4 (EWM),task,Ready,todo,u-gustavo.patel,Gustavo Patel,,points,,2026-09-26,ERPSCM-375,ERPSCM-543;ERPSCM-647,2026-08-13T12:27:00Z,2026-08-13T12:27:00Z,,ewm;wave1;sit
ERPSCM,Aurora ERP: Supply Chain & Sales,ERPSCM-644,SIT-2 Procure-to-Pay scenario 1 (MRP),task,Blocked,in_progress,,,2,points,,2026-09-03,ERPSCM-357,ERPSCM-435,2026-08-14T02:58:40Z,2026-08-17T12:40:14Z,,mrp;wave1;sit
ERPSCM,Aurora ERP: Supply Chain & Sales,ERPSCM-645,SIT-2 Order-to-Cash scenario 2 (EWM),task,To Do,todo,u-marcus.souza,Marcus Souza,8,points,,,ERPSCM-375,ERPSCM-480,2026-08-14T08:31:32Z,2026-08-14T08:31:32Z,,ewm;wave1;sit
ERPSCM,Aurora ERP: Supply Chain & Sales,ERPSCM-646,SIT-2 Record-to-Report scenario 2 (EWM),task,Done,done,u-ivan.almeida,Ivan Almeida,5,points,,,ERPSCM-375,ERPSCM-457;ERPSCM-510,2026-08-15T05:16:38Z,2026-08-24T00:00:00Z,2026-08-24T13:01:10Z,ewm;wave1;sit
ERPSCM,Aurora ERP: Supply Chain & Sales,ERPSCM-647,Defect: confirmation from MES fails for rework orders (EWM),bug,To Do,todo,,,,points,,2026-09-05,,,2026-08-15T08:03:10Z,2026-08-15T08:03:10Z,,ewm;wave1;sit;defect
ERPSCM,Aurora ERP: Supply Chain & Sales,ERPSCM-648,SIT-2 Procure-to-Pay scenario 1 (SD),task,To Do,todo,,,13,points,,2026-09-13,,ERPSCM-519,2026-08-15T10:58:20Z,2026-08-15T10:58:20Z,,sd;wave1;sit
ERPSCM,Aurora ERP: Supply Chain & Sales,ERPSCM-649,SIT-2 Plan-to-Produce scenario 1 (MM-PUR),task,Backlog,todo,,,2,points,,,ERPSCM-350,ERPSCM-395,2026-08-16T13:19:25Z,2026-08-16T13:19:25Z,,mm-pur;wave1;sit
ERPSCM,Aurora ERP: Supply Chain & Sales,ERPSCM-650,SIT-2 Plan-to-Produce scenario 3 (MM-IM),task,Ready,todo,,,13,points,,,ERPSCM-356,ERPSCM-514;ERPSCM-503,2026-08-18T20:45:05Z,2026-08-18T20:45:05Z,,mm-im;wave1;sit
ERPSCM,Aurora ERP: Supply Chain & Sales,ERPSCM-651,SIT-2 Record-to-Report scenario 1 (EWM),task,Backlog,todo,,,1,points,2026-08-23,2026-09-07,ERPSCM-375,ERPSCM-493,2026-08-19T12:44:52Z,2026-08-19T12:44:52Z,,ewm;wave1;sit
ERPSCM,Aurora ERP: Supply Chain & Sales,ERPSCM-652,SIT-2 Procure-to-Pay scenario 2 (MM-PUR),task,Backlog,todo,,,5,points,,,ERPSCM-350,ERPSCM-500,2026-08-19T13:36:20Z,2026-08-19T13:36:20Z,2026-08-19T03:49:38Z,mm-pur;wave1;sit
ERPSCM,Aurora ERP: Supply Chain & Sales,ERPSCM-653,SIT-2 Procure-to-Pay scenario 2 (EWM),task,To Do,todo,,,3,points,2026-08-31,,ERPSCM-375,ERPSCM-458,2026-08-19T13:52:15Z,2026-08-19T13:52:15Z,,ewm;wave1;sit
ERPSCM,Aurora ERP: Supply Chain & Sales,ERPSCM-654,SIT-2 Acquire-to-Retire scenario 3 (MM-IM),task,To Do,todo,u-gustavo.patel,Gustavo Patel,5,points,,,ERPSCM-356,ERPSCM-542;ERPSCM-614,2026-08-19T18:01:31Z,2026-08-19T18:01:31Z,,mm-im;wave1;sit
ERPSCM,Aurora ERP: Supply Chain & Sales,ERPSCM-655,SIT-2 Record-to-Report scenario 3 (MRP),task,To Do,todo,,,5,points,,,ERPSCM-357,ERPSCM-422;ERPSCM-515,2026-08-20T04:19:10Z,2026-08-20T04:19:10Z,,mrp;wave1;sit
ERPSCM,Aurora ERP: Supply Chain & Sales,ERPSCM-656,SIT-2 Hire-to-Retire scenario 5 (MRP),task,Ready,todo,u-nikhil.almeida,Nikhil Almeida,3,points,,,ERPSCM-357,ERPSCM-526,2026-08-21T02:02:32Z,2026-08-21T02:02:32Z,,mrp;wave1;sit
ERPSCM,Aurora ERP: Supply Chain & Sales,ERPSCM-657,SIT-2 Procure-to-Pay scenario 4 (SD),task,Backlog,todo,,,8,points,2026-08-26,2026-09-08,ERPSCM-358,ERPSCM-418,2026-08-21T02:53:21Z,2026-08-21T02:53:21Z,,sd;wave1;sit
ERPSCM,Aurora ERP: Supply Chain & Sales,ERPSCM-658,SIT-2 Record-to-Report scenario 3 (MM-IM),task,Ready,todo,,,13,points,,2026-09-15,ERPSCM-356,ERPSCM-554,2026-08-22T05:20:16Z,2026-08-22T05:20:16Z,,mm-im;wave1;sit
ERPSCM,Aurora ERP: Supply Chain & Sales,ERPSCM-659,Unit test Conversion: customer hierarchy,task,Closed,done,u-daniel.weber,Daniel Weber,2,points,,2026-08-11,ERPSCM-109,ERPSCM-531,2026-08-23T07:08:17Z,2026-08-24T00:00:00Z,2026-08-24T12:43:46Z,sd;wave1;wricef
ERPSCM,Aurora ERP: Supply Chain & Sales,ERPSCM-660,SIT-2 Procure-to-Pay scenario 1 (MM-PUR),task,To Do,todo,,,,points,,2026-09-24,ERPSCM-350,ERPSCM-513,2026-08-23T09:49:02Z,2026-08-23T09:49:02Z,,mm-pur;wave1;sit
ERPSCM,Aurora ERP: Supply Chain & Sales,ERPSCM-661,SIT-2 Record-to-Report scenario 1 (MM-IM),task,To Do,todo,u-aarav.taylor,Aarav Taylor,5,points,2026-09-01,2026-09-17,,ERPSCM-562,2026-08-23T12:46:23Z,2026-08-23T12:46:23Z,,mm-im;wave1;sit
ERPSCM,Aurora ERP: Supply Chain & Sales,ERPSCM-662,Unit test: customer hierarchy for plant 1100 Guelph,task,Backlog,todo,,,13,points,2026-08-24,,ERPSCM-87,ERPSCM-580,2026-08-23T13:16:30Z,2026-08-23T13:16:30Z,,sd;wave1;realize
ERPSCM,Aurora ERP: Supply Chain & Sales,ERPSCM-663,Unit test Conversion: MRP areas per storage location for plant 1100 Guelph,task,Ready,todo,u-nikhil.iyer,Nikhil Iyer,,points,,,,ERPSCM-667,2026-08-24T07:35:18Z,2026-08-24T00:00:00Z,,mrp;wave1;wricef
ERPSCM,Aurora ERP: Supply Chain & Sales,ERPSCM-664,SIT-2 Hire-to-Retire scenario 2 (MRP),task,To Do,todo,,,13,points,,,,ERPSCM-461;ERPSCM-608,2026-08-24T09:09:54Z,2026-08-24T00:00:00Z,,mrp;wave1;sit
ERPSCM,Aurora ERP: Supply Chain & Sales,ERPSCM-665,SIT-2 Hire-to-Retire scenario 3 (MRP),task,To Do,todo,u-wendy.reddy,Wendy Reddy,,points,,2026-09-17,,ERPSCM-437;ERPSCM-604,2026-08-24T09:10:31Z,2026-08-24T00:00:00Z,,mrp;wave1;sit
ERPSCM,Aurora ERP: Supply Chain & Sales,ERPSCM-666,SIT-2 Procure-to-Pay scenario 3 (MM-PUR),task,To Do,todo,u-gustavo.patel,Gustavo Patel,,points,,,,ERPSCM-544,2026-08-24T10:14:10Z,2026-08-24T00:00:00Z,,mm-pur;wave1;sit
ERPSCM,Aurora ERP: Supply Chain & Sales,ERPSCM-667,Build Conversion: MRP areas per storage location for plant 1100 Guelph,story,To Do,todo,,,8,points,2026-09-05,,ERPSCM-103,ERPSCM-607;ERPSCM-298,2026-08-24T13:05:36Z,2026-08-24T00:00:00Z,,mrp;wave1;wricef
ERPSCM,Aurora ERP: Supply Chain & Sales,ERPSCM-668,Unit test Report: consignment stock process,task,In Progress,in_progress,u-gustavo.patel,Gustavo Patel,3,points,2026-09-20,2026-08-26,ERPSCM-95,ERPSCM-622,2026-08-24T13:21:24Z,2026-08-24T00:00:00Z,,mm-pur;wave1;wricef
ERPSCM,Aurora ERP: Supply Chain & Sales,ERPSCM-669,SIT-2 Record-to-Report scenario 6 (MM-IM),task,To Do,todo,,,13,points,,2026-09-14,ERPSCM-356,ERPSCM-547;ERPSCM-572,2026-08-24T14:34:22Z,2026-08-24T00:00:00Z,,mm-im;wave1;sit
ERPSCM,Aurora ERP: Supply Chain & Sales,ERPSCM-670,SIT-2 Procure-to-Pay scenario 4 (MM-PUR),task,Ready,todo,,,13,points,,2026-09-19,ERPSCM-350,ERPSCM-443,2026-08-24T14:55:29Z,2026-08-24T00:00:00Z,,mm-pur;wave1;sit
ERPSCM,Aurora ERP: Supply Chain & Sales,ERPSCM-671,SIT-2 Plan-to-Produce scenario 7 (MM-PUR),task,Blocked,in_progress,u-marcus.gagnon,Marcus Gagnon,,points,,,ERPSCM-350,ERPSCM-393;ERPSCM-481,2026-08-24T18:00:38Z,2026-08-24T00:00:00Z,,mm-pur;wave1;sit
ERPSCM,Aurora ERP: Supply Chain & Sales,ERPSCM-672,Unit test Conversion: batch management and shelf life,task,Ready,todo,,,8,points,2026-09-14,2026-08-18,ERPSCM-86,ERPSCM-575,2026-08-24T18:16:27Z,2026-08-24T00:00:00Z,,mm-im;wave1;wricef
ERPSCM,Aurora ERP: Supply Chain & Sales,ERPSCM-673,SIT-2 Order-to-Cash scenario 3 (EWM),task,Ready,todo,u-marcus.souza,Marcus Souza,5,points,,2026-09-23,ERPSCM-375,ERPSCM-499,2026-08-24T19:10:05Z,2026-08-24T00:00:00Z,,ewm;wave1;sit
ERPSCM,Aurora ERP: Supply Chain & Sales,ERPSCM-674,SIT-2 Procure-to-Pay scenario 3 (EWM),task,To Do,todo,,,2,points,2026-09-01,,ERPSCM-375,ERPSCM-475;ERPSCM-636,2026-08-24T20:56:10Z,2026-08-24T00:00:00Z,,ewm;wave1;sit
ERPSCM,Aurora ERP: Supply Chain & Sales,ERPSCM-675,SCM: UAT and key user sign-off,epic,To Do,todo,,,,points,2026-10-07,,,,2026-08-27T10:36:14Z,2026-08-09T00:00:00Z,,uat;wave1
ERPSCM,Aurora ERP: Supply Chain & Sales,ERPSCM-676,UAT script Hire-to-Retire 2,task,Backlog,todo,,,2,points,,,ERPSCM-675,ERPSCM-532,2026-08-27T18:35:44Z,2026-08-24T00:00:00Z,2026-08-27T03:58:42Z,uat;wave1
ERPSCM,Aurora ERP: Supply Chain & Sales,ERPSCM-677,UAT script Acquire-to-Retire 1,task,Ready,todo,,,2,points,,,ERPSCM-675,ERPSCM-439,2026-08-27T19:22:35Z,2026-08-24T00:00:00Z,,uat;wave1
ERPSCM,Aurora ERP: Supply Chain & Sales,ERPSCM-678,Key user sign-off and exit criteria review,task,To Do,todo,u-nikhil.almeida,Nikhil Almeida,8,points,,2026-10-17,ERPSCM-675,,2026-08-27T20:56:16Z,2026-08-24T00:00:00Z,,uat;wave1
ERPSCM,Aurora ERP: Supply Chain & Sales,ERPSCM-679,UAT script Order-to-Cash 1,task,Backlog,todo,u-aarav.taylor,Aarav Taylor,3,points,,,ERPSCM-675,ERPSCM-382;ERPSCM-496,2026-08-27T21:04:30Z,2026-08-24T00:00:00Z,,uat;wave1
ERPSCM,Aurora ERP: Supply Chain & Sales,ERPSCM-680,UAT script Record-to-Report 2,task,To Do,todo,u-gustavo.patel,Gustavo Patel,5,points,,2026-10-13,ERPSCM-675,ERPSCM-440;ERPSCM-451,2026-08-27T22:13:36Z,2026-08-24T00:00:00Z,,uat;wave1
ERPSCM,Aurora ERP: Supply Chain & Sales,ERPSCM-681,UAT script Order-to-Cash 2,task,To Do,todo,,,8,points,,2026-10-13,ERPSCM-675,ERPSCM-393,2026-08-27T22:24:53Z,2026-08-24T00:00:00Z,,uat;wave1
ERPSCM,Aurora ERP: Supply Chain & Sales,ERPSCM-682,UAT script Procure-to-Pay 2,task,To Do,todo,,,3,points,,,ERPSCM-675,ERPSCM-434;ERPSCM-562,2026-08-28T00:03:59Z,2026-08-24T00:00:00Z,,uat;wave1
ERPSCM,Aurora ERP: Supply Chain & Sales,ERPSCM-683,UAT script Plan-to-Produce 1,task,To Do,todo,,,1,points,2026-10-09,2026-10-11,ERPSCM-675,ERPSCM-483,2026-08-28T00:34:08Z,2026-08-24T00:00:00Z,,uat;wave1
ERPSCM,Aurora ERP: Supply Chain & Sales,ERPSCM-684,UAT script Record-to-Report 1,task,To Do,todo,,,,points,,,ERPSCM-675,ERPSCM-423;ERPSCM-442,2026-08-28T01:46:01Z,2026-08-24T00:00:00Z,,uat;wave1
ERPSCM,Aurora ERP: Supply Chain & Sales,ERPSCM-685,UAT script Hire-to-Retire 1,task,Ready,todo,,,8,points,,,ERPSCM-675,ERPSCM-459,2026-08-28T04:05:20Z,2026-08-24T00:00:00Z,,uat;wave1
ERPSCM,Aurora ERP: Supply Chain & Sales,ERPSCM-686,UAT script Plan-to-Produce 2,task,To Do,todo,,,3,points,,2026-10-13,ERPSCM-675,ERPSCM-483;ERPSCM-467,2026-08-28T04:40:22Z,2026-08-24T00:00:00Z,,uat;wave1
ERPSCM,Aurora ERP: Supply Chain & Sales,ERPSCM-687,UAT script Procure-to-Pay 1,task,Ready,todo,u-henrique.weber,Henrique Weber,5,points,,2026-10-11,ERPSCM-675,ERPSCM-482;ERPSCM-500;ERPSCM-579,2026-08-28T05:23:48Z,2026-08-24T00:00:00Z,,uat;wave1
ERPSCM,Aurora ERP: Supply Chain & Sales,ERPSCM-688,UAT script Acquire-to-Retire 2,task,To Do,todo,u-gustavo.patel,Gustavo Patel,2,points,,2026-10-13,ERPSCM-675,ERPSCM-456,2026-08-28T06:24:57Z,2026-08-24T00:00:00Z,,uat;wave1
ERPSCM,Aurora ERP: Supply Chain & Sales,ERPSCM-689,SCM: cutover readiness and hypercare,epic,Ready,todo,,,,points,2026-11-12,,,,2026-09-23T18:15:58Z,2026-08-11T00:00:00Z,,hypercare;wave1
ERPSCM,Aurora ERP: Supply Chain & Sales,ERPSCM-690,end-user training materials (SCM),task,Ready,todo,,,2,points,,2026-11-23,ERPSCM-689,,2026-09-24T04:17:33Z,2026-08-24T00:00:00Z,,training;wave1
ERPSCM,Aurora ERP: Supply Chain & Sales,ERPSCM-691,Hypercare exit criteria (SCM),task,To Do,todo,,,13,points,2026-12-14,,ERPSCM-689,,2026-09-24T04:25:49Z,2026-08-24T00:00:00Z,,hypercare;wave1
ERPSCM,Aurora ERP: Supply Chain & Sales,ERPSCM-692,train-the-trainer sessions (SCM),task,Ready,todo,,,3,points,,2026-12-01,ERPSCM-689,,2026-09-24T05:57:48Z,2026-08-24T00:00:00Z,,training;wave1
ERPSCM,Aurora ERP: Supply Chain & Sales,ERPSCM-693,Hypercare week 1 daily stand-up (SCM),task,Backlog,todo,,,13,points,,,ERPSCM-689,,2026-09-24T09:04:55Z,2026-08-24T00:00:00Z,,hypercare;wave1
ERPSCM,Aurora ERP: Supply Chain & Sales,ERPSCM-694,Hypercare hypercare rota (SCM),task,Backlog,todo,,,5,points,2026-11-17,2026-11-25,ERPSCM-689,,2026-09-24T11:22:17Z,2026-08-24T00:00:00Z,2026-09-23T20:49:43Z,hypercare;wave1
ERPSCM,Aurora ERP: Supply Chain & Sales,ERPSCM-695,Hypercare known issues list (SCM),task,To Do,todo,u-bruno.costa,Bruno Costa,3,points,,2026-12-02,ERPSCM-689,,2026-09-24T11:58:12Z,2026-08-24T00:00:00Z,,hypercare;wave1
ERPSCM,Aurora ERP: Supply Chain & Sales,ERPSCM-696,classroom sessions plants (SCM),task,Backlog,todo,,,1,points,2026-12-01,,ERPSCM-689,,2026-09-24T12:38:31Z,2026-08-24T00:00:00Z,,training;wave1
ERPSCM,Aurora ERP: Supply Chain & Sales,ERPSCM-697,Hypercare runbook (SCM),task,To Do,todo,u-nikhil.iyer,Nikhil Iyer,8,points,,,ERPSCM-689,,2026-09-24T14:50:42Z,2026-08-24T00:00:00Z,,hypercare;wave1
ERPSCM,Aurora ERP: Supply Chain & Sales,ERPSCM-698,Hypercare ticket triage process (SCM),task,Ready,todo,,,,points,2026-11-30,,ERPSCM-689,,2026-09-24T14:51:15Z,2026-08-24T00:00:00Z,,hypercare;wave1
ERPSCM,Aurora ERP: Supply Chain & Sales,ERPSCM-699,Wave 2: Central Finance for group reporting,epic,Ready,todo,u-gustavo.patel,Gustavo Patel,,points,2027-03-09,,,,2027-01-26T10:18:39Z,2027-01-26T10:18:39Z,,wave2
ERPSCM,Aurora ERP: Supply Chain & Sales,ERPSCM-700,Wave 2: Mexico plant rollout,epic,Ready,todo,u-aarav.taylor,Aarav Taylor,,points,2027-02-25,,,,2027-01-31T10:28:04Z,2027-01-31T10:28:04Z,,wave2
ERPSCM,Aurora ERP: Supply Chain & Sales,ERPSCM-701,"Wave 2: Brazil localization (NF-e, SPED)",epic,To Do,todo,u-nikhil.iyer,Nikhil Iyer,,points,2027-02-26,,,,2027-02-07T11:18:55Z,2027-02-07T11:18:55Z,,wave2
ERPMFG,Aurora ERP: Manufacturing & Quality,ERPMFG-1,PP: fit-gap and process design,epic,Blocked,in_progress,,,,points,2025-12-05,,,,2025-10-27T14:00:37Z,2026-08-21T00:00:00Z,,pp;wave1;explore
ERPMFG,Aurora ERP: Manufacturing & Quality,ERPMFG-2,PP-SFC: fit-gap and process design,epic,Done,done,u-gustavo.nguyen,Gustavo Nguyen,,points,2025-12-10,2026-02-28,,,2025-10-30T20:45:00Z,2026-03-02T00:00:00Z,2026-03-02T00:00:00Z,pp-sfc;wave1;explore
ERPMFG,Aurora ERP: Manufacturing & Quality,ERPMFG-3,PM: fit-gap and process design,epic,Done,done,u-henrique.reddy,Henrique Reddy,,points,2025-11-27,2026-03-12,,,2025-11-05T09:22:18Z,2026-03-14T00:00:00Z,2026-03-14T00:00:00Z,pm;wave1;explore
ERPMFG,Aurora ERP: Manufacturing & Quality,ERPMFG-4,QM: fit-gap and process design,epic,Done,done,,,,points,2025-11-29,2026-02-22,,,2025-11-06T11:04:48Z,2026-02-24T00:00:00Z,2026-02-24T00:00:00Z,qm;wave1;explore
ERPMFG,Aurora ERP: Manufacturing & Quality,ERPMFG-5,Fit-gap workshop: quality notifications Q1/Q2,task,Closed,done,u-wendy.schmidt,Wendy Schmidt,3,points,,2025-12-21,ERPMFG-4,,2025-11-06T19:16:30Z,2025-12-25T14:53:12Z,2025-12-25T12:23:37Z,qm;wave1;explore
ERPMFG,Aurora ERP: Manufacturing & Quality,ERPMFG-6,Fit-gap workshop: maintenance plans for CNC fleet,task,Closed,done,u-wendy.taylor,Wendy Taylor,8,points,2025-11-29,2025-12-21,ERPMFG-3,,2025-11-07T06:49:23Z,2025-12-21T20:31:40Z,2025-12-21T08:39:37Z,pm;wave1;explore
ERPMFG,Aurora ERP: Manufacturing & Quality,ERPMFG-7,Process design document: inspection plans for incoming goods,story,Closed,done,u-sarah.muller,Sarah Müller,2,points,,2025-12-18,ERPMFG-4,ERPMFG-21,2025-11-10T00:12:38Z,2025-12-22T15:12:52Z,2025-12-21T12:11:17Z,qm;wave1;explore
ERPMFG,Aurora ERP: Manufacturing & Quality,ERPMFG-8,Fit-gap workshop: routings and work centers Guelph line 2,task,To Do,todo,,,5,points,2025-12-09,2025-12-27,ERPMFG-1,,2025-11-10T17:58:43Z,2026-07-01T20:34:44Z,,pp;wave1;explore
ERPMFG,Aurora ERP: Manufacturing & Quality,ERPMFG-9,Fit-gap workshop: usage decision and stock posting,task,Closed,done,u-kevin.lavoie,Kevin Lavoie,5,points,,,ERPMFG-4,,2025-11-12T08:25:16Z,2026-01-01T20:04:05Z,2026-01-01T07:14:15Z,qm;wave1;explore
ERPMFG,Aurora ERP: Manufacturing & Quality,ERPMFG-10,Fit-gap workshop: preventive maintenance strategy,task,Done,done,u-nikhil.chen,Nikhil Chen,2,points,,,ERPMFG-3,,2025-11-15T04:11:57Z,2026-01-13T02:49:50Z,2026-01-12T03:31:40Z,pm;wave1;explore
ERPMFG,Aurora ERP: Manufacturing & Quality,ERPMFG-11,Fit-gap workshop: operator dashboards,task,Blocked,in_progress,u-wendy.schmidt,Wendy Schmidt,2,points,,,,,2025-11-16T08:56:00Z,2026-08-13T20:33:20Z,,pp-sfc;wave1;explore
ERPMFG,Aurora ERP: Manufacturing & Quality,ERPMFG-12,Fit-gap workshop: shop floor papers,task,Closed,done,u-kevin.lavoie,Kevin Lavoie,2,points,,,ERPMFG-2,,2025-11-17T20:42:51Z,2025-12-22T11:00:00Z,2025-12-20T23:23:58Z,pp-sfc;wave1;explore
ERPMFG,Aurora ERP: Manufacturing & Quality,ERPMFG-13,Fit-gap workshop: equipment hierarchy and functional locations,task,Done,done,u-wendy.taylor,Wendy Taylor,5,points,,,ERPMFG-3,,2025-11-19T20:55:26Z,2025-12-24T23:35:57Z,2025-12-23T13:03:20Z,pm;wave1;explore
ERPMFG,Aurora ERP: Manufacturing & Quality,ERPMFG-14,Fit-gap workshop: capacity planning profiles,task,Done,done,u-gustavo.nguyen,Gustavo Nguyen,3,points,2025-12-11,2026-01-02,ERPMFG-1,,2025-11-21T05:56:53Z,2026-01-04T05:34:30Z,2026-01-03T08:53:38Z,pp;wave1;explore
ERPMFG,Aurora ERP: Manufacturing & Quality,ERPMFG-15,Fit-gap workshop: BOM for pump assembly family,task,Closed,done,u-kevin.lavoie,Kevin Lavoie,1,points,,,ERPMFG-1,,2025-11-22T09:24:36Z,2025-12-28T05:29:56Z,2025-12-28T04:53:23Z,pp;wave1;explore
ERPMFG,Aurora ERP: Manufacturing & Quality,ERPMFG-16,Fit-gap workshop: certificates of analysis,task,Done,done,u-yuki.pereira,Yuki Pereira,13,points,2025-12-16,,,,2025-11-22T14:26:00Z,2026-01-01T04:43:12Z,2025-12-30T13:12:46Z,qm;wave1;explore
ERPMFG,Aurora ERP: Manufacturing & Quality,ERPMFG-17,Process design document: shop floor papers,story,Done,done,u-kevin.lavoie,Kevin Lavoie,5,points,2025-12-13,,ERPMFG-2,ERPMFG-12,2025-11-23T20:36:26Z,2026-01-09T12:34:05Z,2026-01-09T02:01:14Z,pp-sfc;wave1;explore
ERPMFG,Aurora ERP: Manufacturing & Quality,ERPMFG-18,Fit-gap workshop: material master MRP and work scheduling views,task,Closed,done,u-sarah.muller,Sarah Müller,1,points,,2025-12-20,ERPMFG-1,,2025-11-24T10:11:52Z,2025-12-30T12:38:38Z,2025-12-30T08:57:32Z,pp;wave1;explore
ERPMFG,Aurora ERP: Manufacturing & Quality,ERPMFG-19,Fit-gap workshop: work order types and priorities,task,Closed,done,u-nikhil.almeida,Nikhil Almeida,8,points,,,ERPMFG-3,,2025-11-26T08:13:02Z,2026-01-14T15:55:22Z,2026-01-14T13:13:42Z,pm;wave1;explore
ERPMFG,Aurora ERP: Manufacturing & Quality,ERPMFG-20,Process design document: BOM for pump assembly family,story,Done,done,u-nikhil.almeida,Nikhil Almeida,3,points,,2026-01-01,ERPMFG-1,ERPMFG-15,2025-11-27T10:16:55Z,2026-01-07T18:59:53Z,2026-01-07T14:11:43Z,pp;wave1;explore
ERPMFG,Aurora ERP: Manufacturing & Quality,ERPMFG-21,Fit-gap workshop: inspection plans for incoming goods,task,To Do,todo,u-sarah.muller,Sarah Müller,3,points,2025-11-29,,ERPMFG-4,,2025-11-27T13:24:26Z,2026-08-11T08:33:38Z,,qm;wave1;explore
ERPMFG,Aurora ERP: Manufacturing & Quality,ERPMFG-22,Fit-gap workshop: rework order process,task,Closed,done,u-sarah.muller,Sarah Müller,3,points,,2026-01-16,ERPMFG-1,,2025-11-28T13:18:55Z,2026-01-14T22:53:02Z,2026-01-13T14:21:32Z,pp;wave1;explore
ERPMFG,Aurora ERP: Manufacturing & Quality,ERPMFG-23,Process design document: certificates of analysis,story,Closed,done,u-nikhil.almeida,Nikhil Almeida,8,points,2025-12-24,2026-01-13,ERPMFG-4,ERPMFG-16,2025-11-28T22:17:31Z,2026-01-17T09:31:54Z,2026-01-15T15:20:21Z,qm;wave1;explore
ERPMFG,Aurora ERP: Manufacturing & Quality,ERPMFG-24,Process design document: usage decision and stock posting,story,Done,done,u-wendy.schmidt,Wendy Schmidt,2,points,,2026-01-04,ERPMFG-4,ERPMFG-9,2025-11-30T11:41:23Z,2026-01-08T00:25:46Z,2026-01-07T07:10:38Z,qm;wave1;explore
ERPMFG,Aurora ERP: Manufacturing & Quality,ERPMFG-25,Fit-gap workshop: sampling procedures,task,In Progress,in_progress,u-sarah.muller,Sarah Müller,8,points,,2026-01-14,ERPMFG-4,,2025-12-02T02:20:38Z,2026-08-24T00:00:00Z,,qm;wave1;explore
ERPMFG,Aurora ERP: Manufacturing & Quality,ERPMFG-26,Process design document: quality notifications Q1/Q2,story,Closed,done,u-wendy.schmidt,Wendy Schmidt,3,points,,2025-12-30,ERPMFG-4,ERPMFG-5,2025-12-05T10:44:38Z,2026-01-11T20:15:19Z,2026-01-10T06:15:47Z,qm;wave1;explore
ERPMFG,Aurora ERP: Manufacturing & Quality,ERPMFG-27,Fit-gap workshop: spare parts BOMs,task,Closed,done,u-kevin.lavoie,Kevin Lavoie,3,points,,2026-01-22,ERPMFG-3,,2025-12-06T21:23:03Z,2026-01-25T20:46:21Z,2026-01-24T03:29:01Z,pm;wave1;explore
ERPMFG,Aurora ERP: Manufacturing & Quality,ERPMFG-28,Fit-gap workshop: scrap reporting,task,Done,done,u-nikhil.chen,Nikhil Chen,3,points,,,ERPMFG-1,,2025-12-07T12:19:06Z,2026-01-19T17:07:41Z,2026-01-17T21:17:35Z,pp;wave1;explore
ERPMFG,Aurora ERP: Manufacturing & Quality,ERPMFG-29,Fit-gap workshop: production order type ZP01,task,Closed,done,u-sarah.muller,Sarah Müller,2,points,,2026-01-08,ERPMFG-1,,2025-12-11T04:31:50Z,2026-01-13T20:31:25Z,,pp;wave1;explore
ERPMFG,Aurora ERP: Manufacturing & Quality,ERPMFG-30,Fit-gap workshop: OEE reporting feed,task,Done,done,u-sarah.muller,Sarah Müller,8,points,2026-01-08,2026-01-28,ERPMFG-2,,2025-12-15T03:22:19Z,2026-01-31T18:29:32Z,2026-01-31T10:59:43Z,pp-sfc;wave1;explore
ERPMFG,Aurora ERP: Manufacturing & Quality,ERPMFG-31,Process design document: kanban replenishment,story,Done,done,u-sarah.muller,Sarah Müller,5,points,,2026-01-27,ERPMFG-1,ERPMFG-34,2025-12-16T00:37:27Z,2026-02-06T06:43:23Z,2026-02-06T06:23:42Z,pp;wave1;explore
ERPMFG,Aurora ERP: Manufacturing & Quality,ERPMFG-32,Process design document: sampling procedures,story,Done,done,u-sarah.muller,Sarah Müller,13,points,,2026-01-20,ERPMFG-4,ERPMFG-25,2025-12-16T20:35:23Z,2026-01-26T08:30:02Z,2026-01-24T11:55:57Z,qm;wave1;explore
ERPMFG,Aurora ERP: Manufacturing & Quality,ERPMFG-33,Process design document: production order type ZP01,story,Done,done,u-renata.patel,Renata Patel,8,points,2025-12-24,2026-01-13,ERPMFG-1,ERPMFG-29,2025-12-17T17:31:01Z,2026-01-17T16:04:09Z,2026-01-16T14:14:11Z,pp;wave1;explore
ERPMFG,Aurora ERP: Manufacturing & Quality,ERPMFG-34,Fit-gap workshop: kanban replenishment,task,Closed,done,u-sarah.muller,Sarah Müller,2,points,2026-01-02,2026-01-19,ERPMFG-1,,2025-12-19T19:57:46Z,2026-02-01T08:16:25Z,2026-01-30T19:30:34Z,pp;wave1;explore
ERPMFG,Aurora ERP: Manufacturing & Quality,ERPMFG-35,Process design document: capacity planning profiles,story,In Progress,in_progress,u-nikhil.chen,Nikhil Chen,5,points,,,,ERPMFG-14,2025-12-20T10:59:31Z,2026-08-12T16:09:07Z,,pp;wave1;explore
ERPMFG,Aurora ERP: Manufacturing & Quality,ERPMFG-36,Fit-gap workshop: breakdown notification process,task,To Do,todo,u-yuki.pereira,Yuki Pereira,2,points,2026-01-10,,ERPMFG-3,,2025-12-21T18:03:36Z,2026-07-07T18:00:41Z,,pm;wave1;explore
ERPMFG,Aurora ERP: Manufacturing & Quality,ERPMFG-37,Fit-gap workshop: labor confirmation via barcode,task,In Progress,in_progress,u-kevin.lavoie,Kevin Lavoie,,points,2025-12-25,,,,2025-12-23T11:06:23Z,2026-08-19T11:06:58Z,,pp-sfc;wave1;explore
ERPMFG,Aurora ERP: Manufacturing & Quality,ERPMFG-38,Fit-gap workshop: backflush and confirmation,task,Closed,done,u-henrique.reddy,Henrique Reddy,5,points,,2026-01-08,ERPMFG-1,,2025-12-23T13:52:29Z,2026-01-12T06:23:55Z,2026-01-12T04:40:41Z,pp;wave1;explore
ERPMFG,Aurora ERP: Manufacturing & Quality,ERPMFG-39,Process design document: spare parts BOMs,story,Closed,done,u-yuki.pereira,Yuki Pereira,3,points,2026-01-10,2026-02-02,ERPMFG-3,ERPMFG-27,2025-12-25T01:40:56Z,2026-02-03T15:46:15Z,2026-02-02T08:31:58Z,pm;wave1;explore
ERPMFG,Aurora ERP: Manufacturing & Quality,ERPMFG-40,Fit-gap workshop: inspection plans for incoming goods for plant 1100 Guelph,task,Closed,done,u-wendy.schmidt,Wendy Schmidt,5,points,,,ERPMFG-4,,2025-12-25T04:07:26Z,2026-02-05T22:54:54Z,2026-02-04T10:03:30Z,qm;wave1;explore
ERPMFG,Aurora ERP: Manufacturing & Quality,ERPMFG-41,Process design document: inspection plans for incoming goods for plant 1100 Guelph,story,Done,done,u-renata.patel,Renata Patel,8,points,,,ERPMFG-4,ERPMFG-40,2025-12-27T09:26:17Z,2026-02-18T03:12:55Z,2026-02-16T09:55:12Z,qm;wave1;explore
ERPMFG,Aurora ERP: Manufacturing & Quality,ERPMFG-42,Process design document: work order types and priorities,story,Done,done,u-kevin.lavoie,Kevin Lavoie,5,points,2026-01-01,2026-01-23,,ERPMFG-19,2025-12-28T00:08:33Z,2026-02-03T16:25:55Z,2026-02-03T01:28:34Z,pm;wave1;explore
ERPMFG,Aurora ERP: Manufacturing & Quality,ERPMFG-43,Fit-gap workshop: downtime reason codes,task,Done,done,u-sarah.muller,Sarah Müller,1,points,,2026-01-18,ERPMFG-2,,2025-12-28T09:27:06Z,2026-01-22T03:31:16Z,2026-01-21T00:30:52Z,pp-sfc;wave1;explore
ERPMFG,Aurora ERP: Manufacturing & Quality,ERPMFG-44,Fit-gap workshop: usage decision and stock posting for plant 1100 Guelph,task,Done,done,u-wendy.schmidt,Wendy Schmidt,5,points,,2026-02-09,ERPMFG-4,,2025-12-28T16:45:02Z,2026-02-06T05:39:23Z,2026-02-06T00:41:12Z,qm;wave1;explore
ERPMFG,Aurora ERP: Manufacturing & Quality,ERPMFG-45,Fit-gap workshop: calibration inspection,task,Closed,done,u-sarah.muller,Sarah Müller,2,points,,2026-01-19,ERPMFG-4,,2025-12-29T22:05:23Z,2026-01-17T12:45:31Z,2026-01-16T22:52:47Z,qm;wave1;explore
ERPMFG,Aurora ERP: Manufacturing & Quality,ERPMFG-46,Process design document: calibration inspection,story,Blocked,in_progress,,,3,points,2026-01-10,,ERPMFG-4,ERPMFG-45;ERPMFG-477,2025-12-31T22:14:09Z,2026-08-24T00:00:00Z,,qm;wave1;explore
ERPMFG,Aurora ERP: Manufacturing & Quality,ERPMFG-47,Fit-gap workshop: operator dashboards for plant 1100 Guelph,task,Done,done,u-henrique.reddy,Henrique Reddy,13,points,,2026-02-14,ERPMFG-2,,2026-01-01T13:45:22Z,2026-02-21T09:45:14Z,2026-02-19T17:12:14Z,pp-sfc;wave1;explore
ERPMFG,Aurora ERP: Manufacturing & Quality,ERPMFG-48,Process design document: serial number profiles,story,Done,done,u-sarah.muller,Sarah Müller,8,points,,,ERPMFG-1,ERPMFG-58,2026-01-01T19:42:31Z,2026-02-20T03:17:33Z,2026-02-19T19:09:51Z,pp;wave1;explore
ERPMFG,Aurora ERP: Manufacturing & Quality,ERPMFG-49,Fit-gap workshop: material master MRP and work scheduling views for plant 1100 Guelph,task,Blocked,in_progress,u-kevin.lavoie,Kevin Lavoie,3,points,,2026-02-08,ERPMFG-1,ERPMFG-454,2026-01-03T17:26:33Z,2026-08-18T18:48:40Z,,pp;wave1;explore
ERPMFG,Aurora ERP: Manufacturing & Quality,ERPMFG-50,Process design document: downtime reason codes,story,To Do,todo,u-kevin.lavoie,Kevin Lavoie,13,points,,,ERPMFG-2,ERPMFG-43,2026-01-04T20:35:48Z,2026-02-07T13:52:24Z,,pp-sfc;wave1;explore
ERPMFG,Aurora ERP: Manufacturing & Quality,ERPMFG-51,Process design document: OEE reporting feed,story,Closed,done,u-wendy.schmidt,Wendy Schmidt,3,points,,2026-02-02,ERPMFG-2,ERPMFG-30,2026-01-05T21:07:15Z,2026-02-06T06:38:48Z,2026-02-04T18:33:18Z,pp-sfc;wave1;explore
ERPMFG,Aurora ERP: Manufacturing & Quality,ERPMFG-52,Fit-gap workshop: shop floor papers for plant 1100 Guelph,task,Closed,done,u-sarah.muller,Sarah Müller,3,points,2026-01-19,2026-02-08,ERPMFG-2,,2026-01-05T23:05:38Z,2026-02-09T04:34:34Z,2026-02-08T05:49:00Z,pp-sfc;wave1;explore
ERPMFG,Aurora ERP: Manufacturing & Quality,ERPMFG-53,Fit-gap workshop: quality notifications Q1/Q2 for plant 1100 Guelph,task,Done,done,u-sarah.muller,Sarah Müller,8,points,,,ERPMFG-4,,2026-01-06T06:47:12Z,2026-02-12T20:18:18Z,2026-02-11T02:19:52Z,qm;wave1;explore
ERPMFG,Aurora ERP: Manufacturing & Quality,ERPMFG-54,Fit-gap workshop: variant configuration for pump models,task,Done,done,,,5,points,,2026-01-24,ERPMFG-1,,2026-01-06T08:05:57Z,2026-01-19T20:31:13Z,2026-01-19T14:09:43Z,pp;wave1;explore
ERPMFG,Aurora ERP: Manufacturing & Quality,ERPMFG-55,PM: configuration and unit test,epic,Blocked,in_progress,,,,points,2026-02-15,2026-08-25,,,2026-01-06T12:07:28Z,2026-08-13T00:00:00Z,,pm;wave1;realize
ERPMFG,Aurora ERP: Manufacturing & Quality,ERPMFG-56,Fit-gap workshop: routings and work centers Guelph line 2 for plant 1100 Guelph,task,Done,done,u-gustavo.nguyen,Gustavo Nguyen,3,points,,2026-02-18,ERPMFG-1,,2026-01-06T22:08:15Z,2026-02-27T17:25:06Z,2026-02-27T10:51:35Z,pp;wave1;explore
ERPMFG,Aurora ERP: Manufacturing & Quality,ERPMFG-57,Fit-gap workshop: equipment hierarchy and functional locations for plant 1100 Guelph,task,Done,done,u-kevin.lavoie,Kevin Lavoie,5,points,,2026-02-06,ERPMFG-3,,2026-01-07T14:59:55Z,2026-02-15T06:15:07Z,2026-02-13T12:23:53Z,pm;wave1;explore
ERPMFG,Aurora ERP: Manufacturing & Quality,ERPMFG-58,Fit-gap workshop: serial number profiles,task,Closed,done,u-wendy.schmidt,Wendy Schmidt,3,points,2026-01-11,2026-01-31,ERPMFG-1,,2026-01-09T14:30:38Z,2026-02-08T22:06:03Z,2026-02-08T05:49:16Z,pp;wave1;explore
ERPMFG,Aurora ERP: Manufacturing & Quality,ERPMFG-59,Fit-gap workshop: labor confirmation via barcode for plant 1100 Guelph,task,Closed,done,u-sarah.muller,Sarah Müller,2,points,,2026-02-20,ERPMFG-2,,2026-01-12T01:44:47Z,2026-02-16T23:29:34Z,2026-02-16T00:02:44Z,pp-sfc;wave1;explore
ERPMFG,Aurora ERP: Manufacturing & Quality,ERPMFG-60,Process design document: equipment hierarchy and functional locations for plant 1100 Guelph,story,Closed,done,u-mariana.muller,Mariana Müller,13,points,,2026-02-22,ERPMFG-3,ERPMFG-57,2026-01-12T07:10:20Z,2026-03-05T10:58:10Z,2026-03-05T02:12:54Z,pm;wave1;explore
ERPMFG,Aurora ERP: Manufacturing & Quality,ERPMFG-61,Fit-gap workshop: MES Ignition confirmation interface readiness,task,Done,done,u-sarah.muller,Sarah Müller,5,points,,2026-02-04,ERPMFG-1,,2026-01-12T22:32:04Z,2026-02-08T09:06:28Z,2026-02-07T02:50:08Z,pp;wave1;explore
ERPMFG,Aurora ERP: Manufacturing & Quality,ERPMFG-62,PP-SFC: configuration and unit test,epic,In Progress,in_progress,u-gustavo.nguyen,Gustavo Nguyen,,points,2026-02-15,2026-08-28,,,2026-01-13T16:48:01Z,2026-08-13T00:00:00Z,,pp-sfc;wave1;realize
ERPMFG,Aurora ERP: Manufacturing & Quality,ERPMFG-63,Fit-gap workshop: BOM for pump assembly family for plant 1100 Guelph,task,Done,done,u-mariana.muller,Mariana Müller,1,points,,2026-02-08,ERPMFG-1,,2026-01-14T10:36:17Z,2026-02-10T23:24:04Z,2026-02-09T16:07:01Z,pp;wave1;explore
ERPMFG,Aurora ERP: Manufacturing & Quality,ERPMFG-64,Process design document: certificates of analysis for plant 1100 Guelph,story,Closed,done,u-nikhil.almeida,Nikhil Almeida,13,points,2026-02-11,,,ERPMFG-90,2026-01-15T11:42:09Z,2026-03-06T06:30:32Z,2026-03-04T09:14:17Z,qm;wave1;explore
ERPMFG,Aurora ERP: Manufacturing & Quality,ERPMFG-65,Fit-gap workshop: preventive maintenance strategy for plant 1100 Guelph,task,Done,done,u-sarah.muller,Sarah Müller,1,points,,2026-02-26,ERPMFG-3,,2026-01-16T12:03:12Z,2026-02-22T23:22:34Z,2026-02-22T02:00:53Z,pm;wave1;explore
ERPMFG,Aurora ERP: Manufacturing & Quality,ERPMFG-66,QM: configuration and unit test,epic,Done,done,u-henrique.reddy,Henrique Reddy,,points,2026-02-20,2026-08-18,,,2026-01-16T16:04:14Z,2026-08-20T00:00:00Z,2026-08-20T00:00:00Z,qm;wave1;realize
ERPMFG,Aurora ERP: Manufacturing & Quality,ERPMFG-67,Process design document: usage decision and stock posting for plant 1100 Guelph,story,Done,done,u-gustavo.nguyen,Gustavo Nguyen,5,points,2026-02-02,,ERPMFG-4,ERPMFG-44,2026-01-17T14:58:01Z,2026-02-25T11:55:37Z,2026-02-24T16:09:00Z,qm;wave1;explore
ERPMFG,Aurora ERP: Manufacturing & Quality,ERPMFG-68,Process design document: material master MRP and work scheduling views for plant 1100 Guelph,story,Closed,done,u-mariana.muller,Mariana Müller,5,points,,2026-02-18,,ERPMFG-49,2026-01-18T06:12:46Z,2026-02-20T20:53:39Z,2026-02-20T00:06:50Z,pp;wave1;explore
ERPMFG,Aurora ERP: Manufacturing & Quality,ERPMFG-69,PP-SFC: developments (WRICEF),epic,In Progress,in_progress,u-yuki.pereira,Yuki Pereira,,points,2026-02-18,2026-08-25,,,2026-01-18T17:23:13Z,2026-08-14T00:00:00Z,,pp-sfc;wave1;wricef
ERPMFG,Aurora ERP: Manufacturing & Quality,ERPMFG-70,PM: developments (WRICEF),epic,Closed,done,u-henrique.chen,Henrique Chen,,points,2026-02-20,2026-08-17,,,2026-01-18T20:59:16Z,2026-08-19T00:00:00Z,2026-08-19T00:00:00Z,pm;wave1;wricef
ERPMFG,Aurora ERP: Manufacturing & Quality,ERPMFG-71,Process design document: quality notifications Q1/Q2 for plant 1100 Guelph,story,Closed,done,u-kevin.lavoie,Kevin Lavoie,1,points,,2026-02-14,ERPMFG-4,ERPMFG-53,2026-01-19T07:53:58Z,2026-02-13T20:57:51Z,2026-02-13T00:19:33Z,qm;wave1;explore
ERPMFG,Aurora ERP: Manufacturing & Quality,ERPMFG-72,QM: developments (WRICEF),epic,Closed,done,u-nikhil.almeida,Nikhil Almeida,,points,2026-02-26,2026-08-21,,,2026-01-19T10:36:37Z,2026-08-23T00:00:00Z,2026-08-23T00:00:00Z,qm;wave1;wricef
ERPMFG,Aurora ERP: Manufacturing & Quality,ERPMFG-73,Fit-gap workshop: maintenance plans for CNC fleet for plant 1100 Guelph,task,Closed,done,u-gustavo.nguyen,Gustavo Nguyen,5,points,2026-01-28,2026-02-15,ERPMFG-3,,2026-01-19T20:01:26Z,2026-02-13T10:13:08Z,2026-02-12T07:28:43Z,pm;wave1;explore
ERPMFG,Aurora ERP: Manufacturing & Quality,ERPMFG-74,Fit-gap workshop: sampling procedures for plant 1100 Guelph,task,Closed,done,,,5,points,,,ERPMFG-4,,2026-01-20T19:52:40Z,2026-03-01T21:08:15Z,2026-02-28T10:34:26Z,qm;wave1;explore
ERPMFG,Aurora ERP: Manufacturing & Quality,ERPMFG-75,Fit-gap workshop: work order types and priorities for plant 1100 Guelph,task,Closed,done,,,2,points,,2026-03-12,ERPMFG-3,,2026-01-23T09:04:05Z,2026-03-17T13:53:31Z,2026-03-17T11:54:41Z,pm;wave1;explore
ERPMFG,Aurora ERP: Manufacturing & Quality,ERPMFG-76,PP: developments (WRICEF),epic,In Review,in_progress,,,,points,2026-02-12,2026-08-26,,,2026-01-23T18:54:32Z,2026-08-06T00:00:00Z,,pp;wave1;wricef
ERPMFG,Aurora ERP: Manufacturing & Quality,ERPMFG-77,Functional spec Enhancement: kanban replenishment for plant 1100 Guelph,task,Closed,done,u-mariana.muller,Mariana Müller,13,points,,,,,2026-01-24T06:29:31Z,2026-03-28T23:04:57Z,2026-03-27T04:32:30Z,pp;wave1;wricef
ERPMFG,Aurora ERP: Manufacturing & Quality,ERPMFG-78,Configure inspection plans for incoming goods,story,Done,done,,,5,points,,2026-03-17,ERPMFG-66,ERPMFG-102,2026-01-25T10:42:42Z,2026-03-20T13:54:56Z,2026-03-18T18:20:13Z,qm;wave1;realize;config
ERPMFG,Aurora ERP: Manufacturing & Quality,ERPMFG-79,Functional spec Report: operator dashboards for plant 1100 Guelph,task,Closed,done,u-sarah.muller,Sarah Müller,5,points,,,ERPMFG-69,,2026-01-25T20:42:03Z,2026-03-17T19:55:37Z,2026-03-16T20:33:46Z,pp-sfc;wave1;wricef
ERPMFG,Aurora ERP: Manufacturing & Quality,ERPMFG-80,Configure quality notifications Q1/Q2,story,In Progress,in_progress,u-mariana.muller,Mariana Müller,2,points,2026-02-23,2026-03-31,ERPMFG-66,ERPMFG-373,2026-01-26T00:12:25Z,2026-06-16T15:11:27Z,,qm;wave1;realize;config
ERPMFG,Aurora ERP: Manufacturing & Quality,ERPMFG-81,PP: configuration and unit test,epic,In Progress,in_progress,u-yuki.pereira,Yuki Pereira,,points,2026-02-22,2026-08-28,,,2026-01-26T07:24:26Z,2026-08-14T00:00:00Z,,pp;wave1;realize
ERPMFG,Aurora ERP: Manufacturing & Quality,ERPMFG-82,Process design document: scrap reporting for plant 1100 Guelph,story,Closed,done,u-sarah.muller,Sarah Müller,2,points,,2026-03-07,ERPMFG-1,ERPMFG-111;ERPMFG-290,2026-01-27T08:43:21Z,2026-03-14T03:29:29Z,2026-03-13T18:22:33Z,pp;wave1;explore
ERPMFG,Aurora ERP: Manufacturing & Quality,ERPMFG-83,Fit-gap workshop: backflush and confirmation for plant 1100 Guelph,task,Closed,done,u-kevin.lavoie,Kevin Lavoie,2,points,2026-02-09,,ERPMFG-1,,2026-01-27T11:07:02Z,2026-03-01T05:40:15Z,2026-02-28T05:34:25Z,pp;wave1;explore
ERPMFG,Aurora ERP: Manufacturing & Quality,ERPMFG-84,Process design document: labor confirmation via barcode for plant 1100 Guelph,story,Closed,done,u-wendy.schmidt,Wendy Schmidt,5,points,,,ERPMFG-2,ERPMFG-59,2026-01-27T14:09:59Z,2026-02-26T14:38:36Z,2026-02-25T18:24:45Z,pp-sfc;wave1;explore
ERPMFG,Aurora ERP: Manufacturing & Quality,ERPMFG-85,Functional spec Interface: work order types and priorities,task,In Progress,in_progress,u-nikhil.chen,Nikhil Chen,,points,,2026-03-25,ERPMFG-70,,2026-01-27T20:43:50Z,2026-08-24T00:00:00Z,,pm;wave1;wricef
ERPMFG,Aurora ERP: Manufacturing & Quality,ERPMFG-86,Configure BOM for pump assembly family,story,Done,done,u-henrique.chen,Henrique Chen,5,points,2026-02-24,,,ERPMFG-105,2026-01-29T00:12:38Z,2026-03-27T11:11:21Z,2026-03-26T14:45:27Z,pp;wave1;realize;config
ERPMFG,Aurora ERP: Manufacturing & Quality,ERPMFG-87,Fit-gap workshop: capacity planning profiles for plant 1100 Guelph,task,Done,done,u-sarah.muller,Sarah Müller,3,points,,,ERPMFG-1,,2026-01-30T04:55:03Z,2026-02-25T15:22:17Z,2026-02-23T22:24:49Z,pp;wave1;explore
ERPMFG,Aurora ERP: Manufacturing & Quality,ERPMFG-88,Configure material master MRP and work scheduling views,story,Done,done,u-wendy.schmidt,Wendy Schmidt,2,points,,,ERPMFG-81,,2026-01-31T07:33:41Z,2026-04-02T23:21:14Z,2026-04-01T02:30:25Z,pp;wave1;realize;config
ERPMFG,Aurora ERP: Manufacturing & Quality,ERPMFG-89,Fit-gap workshop: kanban replenishment for plant 1100 Guelph,task,In Review,in_progress,u-henrique.chen,Henrique Chen,3,points,,2026-03-07,ERPMFG-1,,2026-01-31T14:55:52Z,2026-08-15T10:41:03Z,,pp;wave1;explore
ERPMFG,Aurora ERP: Manufacturing & Quality,ERPMFG-90,Fit-gap workshop: certificates of analysis for plant 1100 Guelph,task,Done,done,u-sarah.muller,Sarah Müller,5,points,,2026-02-20,ERPMFG-4,,2026-02-01T02:43:06Z,2026-02-25T13:27:44Z,2026-02-24T13:53:48Z,qm;wave1;explore
ERPMFG,Aurora ERP: Manufacturing & Quality,ERPMFG-91,Fit-gap workshop: downtime reason codes for plant 1100 Guelph,task,Closed,done,u-henrique.chen,Henrique Chen,8,points,,2026-02-28,ERPMFG-2,,2026-02-01T09:29:14Z,2026-03-08T16:04:31Z,2026-03-08T13:32:38Z,pp-sfc;wave1;explore
ERPMFG,Aurora ERP: Manufacturing & Quality,ERPMFG-92,Functional spec Report: variant configuration for pump models,task,Done,done,u-kevin.lavoie,Kevin Lavoie,1,points,,2026-04-12,,,2026-02-02T04:31:12Z,2026-04-21T11:55:09Z,2026-04-20T13:45:22Z,pp;wave1;wricef
ERPMFG,Aurora ERP: Manufacturing & Quality,ERPMFG-93,Fit-gap workshop: rework order process for plant 1100 Guelph,task,Blocked,in_progress,u-sarah.muller,Sarah Müller,3,points,2026-02-13,2026-03-04,ERPMFG-1,,2026-02-02T09:17:25Z,2026-08-15T10:13:57Z,,pp;wave1;explore
ERPMFG,Aurora ERP: Manufacturing & Quality,ERPMFG-94,Configure operator dashboards,story,Closed,done,u-henrique.reddy,Henrique Reddy,1,points,2026-02-23,,ERPMFG-62,,2026-02-03T07:34:34Z,2026-04-18T07:32:42Z,2026-04-18T04:13:29Z,pp-sfc;wave1;realize;config
ERPMFG,Aurora ERP: Manufacturing & Quality,ERPMFG-95,Fit-gap workshop: production order type ZP01 for plant 1100 Guelph,task,Done,done,u-sarah.muller,Sarah Müller,2,points,,2026-02-26,ERPMFG-1,,2026-02-03T19:17:44Z,2026-03-02T05:35:35Z,2026-03-01T11:22:23Z,pp;wave1;explore
ERPMFG,Aurora ERP: Manufacturing & Quality,ERPMFG-96,Unit test: equipment hierarchy and functional locations,task,Closed,done,u-kevin.lavoie,Kevin Lavoie,3,points,,2026-04-11,ERPMFG-55,ERPMFG-117,2026-02-04T07:19:30Z,2026-04-09T14:22:36Z,2026-04-09T09:34:02Z,pm;wave1;realize
ERPMFG,Aurora ERP: Manufacturing & Quality,ERPMFG-97,Configure routings and work centers Guelph line 2,story,Done,done,u-kevin.lavoie,Kevin Lavoie,5,points,,2026-04-16,ERPMFG-81,ERPMFG-113,2026-02-05T13:03:39Z,2026-04-16T09:57:47Z,2026-04-16T08:10:05Z,pp;wave1;realize;config
ERPMFG,Aurora ERP: Manufacturing & Quality,ERPMFG-98,Decision log and sign-off: PP-SFC design (Plan-to-Produce),task,In Review,in_progress,u-kevin.lavoie,Kevin Lavoie,5,points,,2026-02-28,ERPMFG-2,,2026-02-06T01:01:04Z,2026-08-17T07:23:34Z,,pp-sfc;wave1;explore
ERPMFG,Aurora ERP: Manufacturing & Quality,ERPMFG-99,Technical spec Enhancement: kanban replenishment for plant 1100 Guelph,task,Done,done,u-wendy.taylor,Wendy Taylor,13,points,,,ERPMFG-76,ERPMFG-77,2026-02-07T00:44:29Z,2026-03-23T10:10:42Z,2026-03-22T17:00:45Z,pp;wave1;wricef
ERPMFG,Aurora ERP: Manufacturing & Quality,ERPMFG-100,Configure preventive maintenance strategy,story,Done,done,u-henrique.reddy,Henrique Reddy,3,points,,,ERPMFG-55,,2026-02-07T09:23:20Z,2026-05-04T21:15:55Z,2026-05-03T12:06:06Z,pm;wave1;realize;config
ERPMFG,Aurora ERP: Manufacturing & Quality,ERPMFG-101,Decision log and sign-off: QM design (Hire-to-Retire),task,Closed,done,u-nikhil.almeida,Nikhil Almeida,3,points,2026-02-12,2026-02-22,ERPMFG-4,,2026-02-08T06:44:53Z,2026-02-25T04:36:56Z,2026-02-24T19:54:53Z,qm;wave1;explore
ERPMFG,Aurora ERP: Manufacturing & Quality,ERPMFG-102,Functional spec: inspection plans for incoming goods,task,Closed,done,u-sarah.muller,Sarah Müller,8,points,,2026-03-16,ERPMFG-66,,2026-02-08T18:28:15Z,2026-03-27T00:11:04Z,2026-03-26T04:21:33Z,qm;wave1;realize
ERPMFG,Aurora ERP: Manufacturing & Quality,ERPMFG-103,Fit-gap workshop: spare parts BOMs for plant 1100 Guelph,task,In Progress,in_progress,u-sarah.muller,Sarah Müller,5,points,,,ERPMFG-3,,2026-02-08T21:53:26Z,2026-08-13T19:45:18Z,,pm;wave1;explore
ERPMFG,Aurora ERP: Manufacturing & Quality,ERPMFG-104,Functional spec Interface: certificates of analysis for plant 1100 Guelph,task,Done,done,u-wendy.schmidt,Wendy Schmidt,2,points,,2026-04-01,ERPMFG-72,,2026-02-09T14:59:50Z,2026-03-29T20:28:03Z,2026-03-28T06:56:22Z,qm;wave1;wricef
ERPMFG,Aurora ERP: Manufacturing & Quality,ERPMFG-105,Functional spec: BOM for pump assembly family,task,Done,done,u-sarah.muller,Sarah Müller,1,points,,2026-03-23,ERPMFG-81,,2026-02-09T21:30:29Z,2026-04-01T00:59:56Z,2026-03-30T23:04:41Z,pp;wave1;realize
ERPMFG,Aurora ERP: Manufacturing & Quality,ERPMFG-106,Configure maintenance plans for CNC fleet,story,Done,done,u-kevin.lavoie,Kevin Lavoie,1,points,,,ERPMFG-55,,2026-02-10T03:25:25Z,2026-04-03T18:18:25Z,2026-04-02T12:26:33Z,pm;wave1;realize;config
ERPMFG,Aurora ERP: Manufacturing & Quality,ERPMFG-107,Technical spec Interface: certificates of analysis for plant 1100 Guelph,task,Blocked,in_progress,u-sarah.muller,Sarah Müller,,points,2026-03-05,2026-04-14,ERPMFG-72,ERPMFG-104,2026-02-10T16:35:35Z,2026-08-22T08:55:00Z,,qm;wave1;wricef
ERPMFG,Aurora ERP: Manufacturing & Quality,ERPMFG-108,Unit test: material master MRP and work scheduling views,task,Closed,done,u-wendy.taylor,Wendy Taylor,8,points,,,ERPMFG-81,ERPMFG-88,2026-02-11T08:57:58Z,2026-04-27T10:13:21Z,2026-04-26T22:11:07Z,pp;wave1;realize
ERPMFG,Aurora ERP: Manufacturing & Quality,ERPMFG-109,Decision log and sign-off: PP design (Plan-to-Produce),task,Done,done,u-henrique.chen,Henrique Chen,3,points,2026-02-25,2026-03-07,ERPMFG-1,,2026-02-11T15:57:46Z,2026-03-11T12:05:01Z,2026-03-10T09:26:44Z,pp;wave1;explore
ERPMFG,Aurora ERP: Manufacturing & Quality,ERPMFG-110,Decision log and sign-off: PM design (Acquire-to-Retire),task,Closed,done,u-sarah.muller,Sarah Müller,2,points,,2026-03-12,ERPMFG-3,,2026-02-12T00:44:53Z,2026-03-18T16:33:47Z,2026-03-17T07:38:07Z,pm;wave1;explore
ERPMFG,Aurora ERP: Manufacturing & Quality,ERPMFG-111,Fit-gap workshop: scrap reporting for plant 1100 Guelph,task,To Do,todo,,,2,points,,,ERPMFG-1,,2026-02-12T06:13:35Z,2026-06-24T07:35:15Z,,pp;wave1;explore
ERPMFG,Aurora ERP: Manufacturing & Quality,ERPMFG-112,Configure capacity planning profiles,story,Closed,done,u-sarah.muller,Sarah Müller,5,points,,,,,2026-02-12T11:35:48Z,2026-04-20T15:56:30Z,2026-04-19T03:47:15Z,pp;wave1;realize;config
ERPMFG,Aurora ERP: Manufacturing & Quality,ERPMFG-113,Functional spec: routings and work centers Guelph line 2,task,Done,done,u-yuki.pereira,Yuki Pereira,1,points,,,ERPMFG-81,,2026-02-13T17:47:38Z,2026-04-11T20:11:47Z,2026-04-11T04:37:29Z,pp;wave1;realize
ERPMFG,Aurora ERP: Manufacturing & Quality,ERPMFG-114,Functional spec: production order type ZP01,task,Done,done,u-kevin.lavoie,Kevin Lavoie,5,points,,2026-04-11,ERPMFG-81,,2026-02-13T17:53:08Z,2026-04-13T17:12:40Z,2026-04-11T19:15:42Z,pp;wave1;realize
ERPMFG,Aurora ERP: Manufacturing & Quality,ERPMFG-115,Configure shop floor papers,story,In Progress,in_progress,u-kevin.lavoie,Kevin Lavoie,5,points,2026-02-15,,ERPMFG-62,,2026-02-14T11:15:37Z,2026-08-21T18:58:34Z,,pp-sfc;wave1;realize;config
ERPMFG,Aurora ERP: Manufacturing & Quality,ERPMFG-116,Functional spec Form: downtime reason codes,task,Closed,done,u-henrique.reddy,Henrique Reddy,3,points,2026-02-28,,ERPMFG-69,,2026-02-14T20:54:55Z,2026-04-12T10:50:41Z,2026-04-10T18:45:28Z,pp-sfc;wave1;wricef
ERPMFG,Aurora ERP: Manufacturing & Quality,ERPMFG-117,Configure equipment hierarchy and functional locations,story,Closed,done,u-sarah.muller,Sarah Müller,5,points,,2026-03-15,ERPMFG-55,,2026-02-15T16:07:47Z,2026-03-15T23:44:55Z,2026-03-15T16:24:24Z,pm;wave1;realize;config
ERPMFG,Aurora ERP: Manufacturing & Quality,ERPMFG-118,Build Enhancement: kanban replenishment for plant 1100 Guelph,story,Closed,done,u-sarah.muller,Sarah Müller,5,points,2026-03-03,2026-04-15,ERPMFG-76,ERPMFG-99;ERPMFG-245,2026-02-17T14:34:38Z,2026-04-20T19:28:12Z,2026-04-19T00:33:01Z,pp;wave1;wricef
ERPMFG,Aurora ERP: Manufacturing & Quality,ERPMFG-119,Technical spec Interface: work order types and priorities,task,Backlog,todo,u-yuki.pereira,Yuki Pereira,8,points,,2026-04-03,ERPMFG-70,ERPMFG-85,2026-02-17T21:29:33Z,2026-08-04T19:00:51Z,,pm;wave1;wricef
ERPMFG,Aurora ERP: Manufacturing & Quality,ERPMFG-120,Technical spec Report: operator dashboards for plant 1100 Guelph,task,Done,done,u-nikhil.chen,Nikhil Chen,13,points,,2026-04-11,ERPMFG-69,ERPMFG-79,2026-02-19T12:30:19Z,2026-04-23T16:11:07Z,2026-04-21T22:33:12Z,pp-sfc;wave1;wricef
ERPMFG,Aurora ERP: Manufacturing & Quality,ERPMFG-121,Process design document: kanban replenishment for plant 1100 Guelph,story,Done,done,u-kevin.lavoie,Kevin Lavoie,3,points,2026-02-28,,ERPMFG-1,ERPMFG-89,2026-02-20T13:14:08Z,2026-03-17T14:59:32Z,2026-03-16T11:36:50Z,pp;wave1;explore
ERPMFG,Aurora ERP: Manufacturing & Quality,ERPMFG-122,Fit-gap workshop: variant configuration for pump models for plant 1100 Guelph,task,Done,done,u-kevin.lavoie,Kevin Lavoie,5,points,2026-02-27,2026-03-07,ERPMFG-1,,2026-02-21T10:41:47Z,2026-03-12T22:34:03Z,2026-03-11T12:23:04Z,pp;wave1;explore
ERPMFG,Aurora ERP: Manufacturing & Quality,ERPMFG-123,Functional spec: labor confirmation via barcode,task,Done,done,u-kevin.lavoie,Kevin Lavoie,1,points,2026-03-05,2026-04-26,ERPMFG-62,,2026-02-22T06:51:59Z,2026-05-07T07:57:54Z,2026-05-06T03:59:26Z,pp-sfc;wave1;realize
ERPMFG,Aurora ERP: Manufacturing & Quality,ERPMFG-124,Build Interface: certificates of analysis for plant 1100 Guelph,story,Done,done,,,5,points,2026-03-16,,ERPMFG-72,ERPMFG-107;ERPMFG-206,2026-02-22T15:54:38Z,2026-05-09T19:24:12Z,2026-05-09T10:42:22Z,qm;wave1;wricef
ERPMFG,Aurora ERP: Manufacturing & Quality,ERPMFG-125,Functional spec Enhancement: labor confirmation via barcode for plant 1100 Guelph,task,Closed,done,u-sarah.muller,Sarah Müller,3,points,,2026-04-22,ERPMFG-69,,2026-02-22T23:52:44Z,2026-04-28T06:52:17Z,2026-04-26T19:16:47Z,pp-sfc;wave1;wricef
ERPMFG,Aurora ERP: Manufacturing & Quality,ERPMFG-126,Unit test: inspection plans for incoming goods,task,Closed,done,u-sarah.muller,Sarah Müller,13,points,,2026-04-17,,ERPMFG-78,2026-02-23T03:34:40Z,2026-04-27T14:22:07Z,2026-04-26T21:34:40Z,qm;wave1;realize
ERPMFG,Aurora ERP: Manufacturing & Quality,ERPMFG-127,Functional spec Form: preventive maintenance strategy,task,Done,done,u-sarah.muller,Sarah Müller,2,points,,2026-04-28,ERPMFG-70,,2026-02-25T03:20:11Z,2026-05-02T09:47:30Z,2026-05-01T12:00:22Z,pm;wave1;wricef
ERPMFG,Aurora ERP: Manufacturing & Quality,ERPMFG-128,Configure usage decision and stock posting,story,Closed,done,u-nikhil.almeida,Nikhil Almeida,13,points,2026-03-16,2026-04-21,ERPMFG-66,,2026-02-25T06:40:40Z,2026-04-19T08:32:17Z,2026-04-18T04:00:05Z,qm;wave1;realize;config
ERPMFG,Aurora ERP: Manufacturing & Quality,ERPMFG-129,Unit test: shop floor papers,task,Closed,done,u-wendy.taylor,Wendy Taylor,2,points,,2026-04-15,ERPMFG-62,ERPMFG-115,2026-02-26T12:05:34Z,2026-04-15T07:07:25Z,2026-04-13T09:17:21Z,pp-sfc;wave1;realize
ERPMFG,Aurora ERP: Manufacturing & Quality,ERPMFG-130,Build Report: operator dashboards for plant 1100 Guelph,story,Closed,done,u-yuki.pereira,Yuki Pereira,3,points,,,ERPMFG-69,ERPMFG-120;ERPMFG-137,2026-02-27T00:12:11Z,2026-04-25T13:42:09Z,2026-04-24T11:39:48Z,pp-sfc;wave1;wricef
ERPMFG,Aurora ERP: Manufacturing & Quality,ERPMFG-131,Unit test: maintenance plans for CNC fleet,task,To Do,todo,u-gustavo.nguyen,Gustavo Nguyen,3,points,,2026-05-08,ERPMFG-55,ERPMFG-106,2026-02-27T17:09:05Z,2026-04-30T16:53:41Z,,pm;wave1;realize
ERPMFG,Aurora ERP: Manufacturing & Quality,ERPMFG-132,Functional spec: certificates of analysis,task,Done,done,u-sarah.muller,Sarah Müller,3,points,,2026-04-28,ERPMFG-66,,2026-02-27T17:40:55Z,2026-05-07T22:06:03Z,2026-05-06T21:07:43Z,qm;wave1;realize
ERPMFG,Aurora ERP: Manufacturing & Quality,ERPMFG-133,Functional spec: work order types and priorities,task,Done,done,u-sarah.muller,Sarah Müller,8,points,,,ERPMFG-55,,2026-03-01T15:16:14Z,2026-05-10T08:27:50Z,2026-05-09T14:39:39Z,pm;wave1;realize
ERPMFG,Aurora ERP: Manufacturing & Quality,ERPMFG-134,Functional spec Enhancement: quality notifications Q1/Q2 for plant 1100 Guelph,task,Done,done,u-sarah.muller,Sarah Müller,2,points,,2026-05-05,ERPMFG-72,,2026-03-02T14:34:01Z,2026-05-15T09:33:38Z,2026-05-14T13:43:24Z,qm;wave1;wricef
ERPMFG,Aurora ERP: Manufacturing & Quality,ERPMFG-135,Unit test Interface: work order types and priorities,task,Done,done,u-kevin.lavoie,Kevin Lavoie,3,points,,,,ERPMFG-141,2026-03-04T19:18:31Z,2026-05-27T14:48:24Z,2026-05-27T10:28:23Z,pm;wave1;wricef
ERPMFG,Aurora ERP: Manufacturing & Quality,ERPMFG-136,Unit test Enhancement: kanban replenishment for plant 1100 Guelph,task,Done,done,u-sarah.muller,Sarah Müller,5,points,2026-04-02,2026-05-15,ERPMFG-76,ERPMFG-118,2026-03-06T10:25:48Z,2026-05-14T20:26:09Z,2026-05-13T06:55:27Z,pp;wave1;wricef
ERPMFG,Aurora ERP: Manufacturing & Quality,ERPMFG-137,Configure labor confirmation via barcode,story,Backlog,todo,,,8,points,,2026-05-03,ERPMFG-62,ERPMFG-123,2026-03-06T23:26:15Z,2026-08-08T17:16:27Z,,pp-sfc;wave1;realize;config
ERPMFG,Aurora ERP: Manufacturing & Quality,ERPMFG-138,Unit test: routings and work centers Guelph line 2,task,Closed,done,u-nikhil.almeida,Nikhil Almeida,5,points,,,ERPMFG-81,ERPMFG-97,2026-03-07T14:30:44Z,2026-05-05T08:46:14Z,2026-05-03T21:57:23Z,pp;wave1;realize
ERPMFG,Aurora ERP: Manufacturing & Quality,ERPMFG-139,Authorization role for BOM for pump assembly family,task,Closed,done,u-kevin.lavoie,Kevin Lavoie,8,points,,2026-05-12,ERPMFG-81,ERPMFG-86,2026-03-08T08:03:20Z,2026-05-12T10:53:07Z,2026-05-11T17:42:32Z,pp;wave1;realize;security
ERPMFG,Aurora ERP: Manufacturing & Quality,ERPMFG-140,Technical spec Form: preventive maintenance strategy,task,Done,done,u-kevin.lavoie,Kevin Lavoie,3,points,,2026-05-11,ERPMFG-70,ERPMFG-127,2026-03-10T01:32:54Z,2026-05-11T19:19:54Z,2026-05-10T13:19:31Z,pm;wave1;wricef
ERPMFG,Aurora ERP: Manufacturing & Quality,ERPMFG-141,Build Interface: work order types and priorities,story,Closed,done,u-kevin.lavoie,Kevin Lavoie,5,points,,2026-04-21,ERPMFG-70,ERPMFG-119;ERPMFG-430,2026-03-10T06:15:36Z,2026-05-01T09:39:41Z,,pm;wave1;wricef
ERPMFG,Aurora ERP: Manufacturing & Quality,ERPMFG-142,Functional spec: backflush and confirmation,task,Closed,done,u-sarah.muller,Sarah Müller,2,points,2026-03-19,2026-04-25,ERPMFG-81,,2026-03-10T07:04:23Z,2026-04-30T10:15:32Z,2026-04-30T05:46:14Z,pp;wave1;realize
ERPMFG,Aurora ERP: Manufacturing & Quality,ERPMFG-143,Unit test: capacity planning profiles,task,Closed,done,u-mariana.muller,Mariana Müller,3,points,2026-04-04,2026-05-17,ERPMFG-81,ERPMFG-112,2026-03-10T18:39:26Z,2026-05-21T03:58:28Z,2026-05-21T03:29:37Z,pp;wave1;realize
ERPMFG,Aurora ERP: Manufacturing & Quality,ERPMFG-144,Unit test: quality notifications Q1/Q2,task,Done,done,u-wendy.schmidt,Wendy Schmidt,3,points,,2026-05-02,ERPMFG-66,ERPMFG-80;ERPMFG-141,2026-03-11T06:56:11Z,2026-05-04T22:03:59Z,2026-05-04T15:57:16Z,qm;wave1;realize
ERPMFG,Aurora ERP: Manufacturing & Quality,ERPMFG-145,Authorization role for routings and work centers Guelph line 2,task,Done,done,u-henrique.reddy,Henrique Reddy,3,points,,2026-05-15,ERPMFG-81,ERPMFG-97,2026-03-11T14:50:10Z,2026-05-24T19:47:29Z,2026-05-24T11:13:08Z,pp;wave1;realize;security
ERPMFG,Aurora ERP: Manufacturing & Quality,ERPMFG-146,Functional spec Report: rework order process,task,Closed,done,u-gustavo.nguyen,Gustavo Nguyen,8,points,2026-04-05,2026-05-18,ERPMFG-76,,2026-03-12T13:48:23Z,2026-05-28T13:34:53Z,2026-05-28T07:21:43Z,pp;wave1;wricef
ERPMFG,Aurora ERP: Manufacturing & Quality,ERPMFG-147,Functional spec: scrap reporting,task,Done,done,u-wendy.schmidt,Wendy Schmidt,5,points,,2026-05-10,ERPMFG-81,ERPMFG-341,2026-03-12T17:35:52Z,2026-05-20T21:19:46Z,2026-05-19T05:46:39Z,pp;wave1;realize
ERPMFG,Aurora ERP: Manufacturing & Quality,ERPMFG-148,Unit test: operator dashboards,task,Done,done,u-gustavo.nguyen,Gustavo Nguyen,3,points,,2026-05-08,ERPMFG-62,ERPMFG-94,2026-03-12T19:20:24Z,2026-05-13T06:13:37Z,2026-05-12T14:36:44Z,pp-sfc;wave1;realize
ERPMFG,Aurora ERP: Manufacturing & Quality,ERPMFG-149,Configure production order type ZP01,story,Done,done,u-sarah.muller,Sarah Müller,13,points,,2026-04-25,ERPMFG-81,ERPMFG-114,2026-03-12T20:35:04Z,2026-04-28T07:23:53Z,2026-04-26T11:20:34Z,pp;wave1;realize;config
ERPMFG,Aurora ERP: Manufacturing & Quality,ERPMFG-150,Functional spec Workflow: serial number profiles,task,Done,done,u-renata.patel,Renata Patel,8,points,2026-03-16,,ERPMFG-76,,2026-03-13T03:07:21Z,2026-04-27T19:16:16Z,2026-04-26T22:41:30Z,pp;wave1;wricef
ERPMFG,Aurora ERP: Manufacturing & Quality,ERPMFG-151,Technical spec Form: downtime reason codes,task,Closed,done,u-wendy.taylor,Wendy Taylor,2,points,,,ERPMFG-69,ERPMFG-116,2026-03-13T06:57:55Z,2026-04-28T10:43:03Z,2026-04-27T12:54:33Z,pp-sfc;wave1;wricef
ERPMFG,Aurora ERP: Manufacturing & Quality,ERPMFG-152,Technical spec Report: variant configuration for pump models,task,Closed,done,u-mariana.muller,Mariana Müller,13,points,,2026-04-22,ERPMFG-76,ERPMFG-92,2026-03-14T10:42:38Z,2026-05-04T14:42:43Z,2026-05-02T18:36:35Z,pp;wave1;wricef
ERPMFG,Aurora ERP: Manufacturing & Quality,ERPMFG-153,Build Enhancement: labor confirmation via barcode for plant 1100 Guelph,story,Done,done,u-kevin.lavoie,Kevin Lavoie,13,points,2026-04-12,2026-05-25,ERPMFG-69,ERPMFG-157;ERPMFG-115,2026-03-14T13:17:56Z,2026-05-30T10:07:23Z,2026-05-29T10:39:38Z,pp-sfc;wave1;wricef
ERPMFG,Aurora ERP: Manufacturing & Quality,ERPMFG-154,Technical spec Form: labor confirmation via barcode,task,Done,done,u-renata.patel,Renata Patel,3,points,,,ERPMFG-69,ERPMFG-159,2026-03-14T16:22:38Z,2026-06-10T17:02:01Z,2026-06-10T09:34:44Z,pp-sfc;wave1;wricef
ERPMFG,Aurora ERP: Manufacturing & Quality,ERPMFG-155,Build Form: downtime reason codes,story,Closed,done,u-kevin.lavoie,Kevin Lavoie,8,points,,2026-05-07,ERPMFG-69,ERPMFG-151;ERPMFG-166,2026-03-16T08:12:31Z,2026-05-18T13:04:03Z,2026-05-17T02:01:09Z,pp-sfc;wave1;wricef
ERPMFG,Aurora ERP: Manufacturing & Quality,ERPMFG-156,Configure rework order process,story,Closed,done,u-kevin.lavoie,Kevin Lavoie,2,points,2026-04-01,2026-05-06,ERPMFG-81,,2026-03-17T07:50:19Z,2026-05-10T01:32:17Z,2026-05-09T09:56:39Z,pp;wave1;realize;config
ERPMFG,Aurora ERP: Manufacturing & Quality,ERPMFG-157,Technical spec Enhancement: labor confirmation via barcode for plant 1100 Guelph,task,Closed,done,u-kevin.lavoie,Kevin Lavoie,3,points,,,ERPMFG-69,ERPMFG-125,2026-03-18T09:44:56Z,2026-04-29T02:12:54Z,2026-04-28T20:19:46Z,pp-sfc;wave1;wricef
ERPMFG,Aurora ERP: Manufacturing & Quality,ERPMFG-158,Configure backflush and confirmation,story,Done,done,u-wendy.taylor,Wendy Taylor,2,points,2026-03-23,2026-04-30,ERPMFG-81,ERPMFG-142,2026-03-18T23:14:39Z,2026-05-03T11:22:23Z,2026-05-02T17:56:39Z,pp;wave1;realize;config
ERPMFG,Aurora ERP: Manufacturing & Quality,ERPMFG-159,Functional spec Form: labor confirmation via barcode,task,Closed,done,u-yuki.pereira,Yuki Pereira,2,points,,2026-05-09,ERPMFG-69,ERPMFG-47,2026-03-19T21:51:19Z,2026-05-06T21:08:17Z,2026-05-05T22:58:02Z,pp-sfc;wave1;wricef
ERPMFG,Aurora ERP: Manufacturing & Quality,ERPMFG-160,Unit test: preventive maintenance strategy,task,Closed,done,u-nikhil.chen,Nikhil Chen,8,points,,2026-05-25,ERPMFG-55,ERPMFG-100,2026-03-20T15:50:30Z,2026-05-30T17:35:26Z,2026-05-29T12:54:38Z,pm;wave1;realize
ERPMFG,Aurora ERP: Manufacturing & Quality,ERPMFG-161,Technical spec Enhancement: quality notifications Q1/Q2 for plant 1100 Guelph,task,Closed,done,u-sarah.muller,Sarah Müller,5,points,,2026-05-17,ERPMFG-72,ERPMFG-134,2026-03-21T06:35:37Z,2026-05-17T19:47:01Z,2026-05-15T21:34:42Z,qm;wave1;wricef
ERPMFG,Aurora ERP: Manufacturing & Quality,ERPMFG-162,Unit test: BOM for pump assembly family,task,Closed,done,u-kevin.lavoie,Kevin Lavoie,8,points,,2026-05-03,ERPMFG-81,ERPMFG-86;ERPMFG-143,2026-03-21T06:49:44Z,2026-05-02T15:13:36Z,2026-04-30T17:31:46Z,pp;wave1;realize
ERPMFG,Aurora ERP: Manufacturing & Quality,ERPMFG-163,Functional spec Report: shop floor papers for plant 1100 Guelph,task,Closed,done,u-henrique.reddy,Henrique Reddy,3,points,,2026-05-20,ERPMFG-69,,2026-03-22T09:29:01Z,2026-05-19T02:37:00Z,2026-05-17T19:54:58Z,pp-sfc;wave1;wricef
ERPMFG,Aurora ERP: Manufacturing & Quality,ERPMFG-164,Unit test: usage decision and stock posting,task,To Do,todo,u-sarah.muller,Sarah Müller,2,points,,2026-05-21,ERPMFG-66,ERPMFG-128,2026-03-22T21:04:24Z,2026-06-20T15:33:23Z,,qm;wave1;realize
ERPMFG,Aurora ERP: Manufacturing & Quality,ERPMFG-165,Configure certificates of analysis,story,Backlog,todo,u-kevin.lavoie,Kevin Lavoie,2,points,,2026-05-09,ERPMFG-66,ERPMFG-132,2026-03-23T05:06:42Z,2026-07-03T18:09:39Z,,qm;wave1;realize;config
ERPMFG,Aurora ERP: Manufacturing & Quality,ERPMFG-166,Configure downtime reason codes,story,Done,done,u-kevin.lavoie,Kevin Lavoie,2,points,,2026-05-28,ERPMFG-62,ERPMFG-181,2026-03-23T12:27:59Z,2026-06-01T21:44:25Z,2026-06-01T17:22:28Z,pp-sfc;wave1;realize;config
ERPMFG,Aurora ERP: Manufacturing & Quality,ERPMFG-167,Functional spec: spare parts BOMs,task,Done,done,u-kevin.lavoie,Kevin Lavoie,3,points,,2026-05-20,ERPMFG-55,,2026-03-24T05:46:30Z,2026-05-30T20:48:35Z,2026-05-29T10:01:42Z,pm;wave1;realize
ERPMFG,Aurora ERP: Manufacturing & Quality,ERPMFG-168,Configure work order types and priorities,story,Closed,done,u-mariana.muller,Mariana Müller,5,points,,2026-05-14,ERPMFG-55,ERPMFG-133,2026-03-24T12:25:10Z,2026-05-10T18:43:55Z,2026-05-10T15:40:51Z,pm;wave1;realize;config
ERPMFG,Aurora ERP: Manufacturing & Quality,ERPMFG-169,Build Report: variant configuration for pump models,story,Closed,done,u-nikhil.almeida,Nikhil Almeida,3,points,2026-03-27,2026-05-05,ERPMFG-76,ERPMFG-152;ERPMFG-425,2026-03-25T08:14:53Z,2026-05-09T23:54:39Z,2026-05-09T09:10:58Z,pp;wave1;wricef
ERPMFG,Aurora ERP: Manufacturing & Quality,ERPMFG-170,Unit test Report: operator dashboards for plant 1100 Guelph,task,Done,done,u-gustavo.nguyen,Gustavo Nguyen,5,points,2026-04-06,2026-05-17,,ERPMFG-130,2026-03-26T19:48:41Z,2026-05-25T05:03:17Z,2026-05-23T17:48:29Z,pp-sfc;wave1;wricef
ERPMFG,Aurora ERP: Manufacturing & Quality,ERPMFG-171,Configure scrap reporting,story,Closed,done,u-wendy.taylor,Wendy Taylor,8,points,2026-04-08,2026-05-20,ERPMFG-81,ERPMFG-147,2026-03-27T21:48:02Z,2026-05-23T08:38:15Z,2026-05-22T12:05:23Z,pp;wave1;realize;config
ERPMFG,Aurora ERP: Manufacturing & Quality,ERPMFG-172,Authorization role for capacity planning profiles,task,Closed,done,u-gustavo.nguyen,Gustavo Nguyen,5,points,,2026-05-19,ERPMFG-81,ERPMFG-112,2026-03-28T19:07:01Z,2026-05-19T09:39:03Z,2026-05-17T19:19:52Z,pp;wave1;realize;security
ERPMFG,Aurora ERP: Manufacturing & Quality,ERPMFG-173,Unit test: certificates of analysis,task,Done,done,u-kevin.lavoie,Kevin Lavoie,3,points,2026-04-25,,,ERPMFG-165,2026-03-30T04:35:25Z,2026-06-04T10:18:21Z,2026-06-04T04:10:21Z,qm;wave1;realize
ERPMFG,Aurora ERP: Manufacturing & Quality,ERPMFG-174,Unit test Interface: certificates of analysis for plant 1100 Guelph,task,Closed,done,u-kevin.lavoie,Kevin Lavoie,1,points,,2026-05-11,ERPMFG-72,ERPMFG-124,2026-03-30T07:26:30Z,2026-05-12T11:12:20Z,2026-05-11T20:17:21Z,qm;wave1;wricef
ERPMFG,Aurora ERP: Manufacturing & Quality,ERPMFG-175,Unit test: backflush and confirmation,task,Done,done,,,5,points,2026-04-24,,ERPMFG-81,ERPMFG-158,2026-03-30T15:03:53Z,2026-06-02T02:50:13Z,2026-06-01T19:42:49Z,pp;wave1;realize
ERPMFG,Aurora ERP: Manufacturing & Quality,ERPMFG-176,Build Workflow: serial number profiles,story,Done,done,u-kevin.lavoie,Kevin Lavoie,40,points,2026-04-20,,ERPMFG-76,ERPMFG-178;ERPMFG-207,2026-04-02T11:01:53Z,2026-05-25T19:56:29Z,2026-05-24T04:12:31Z,pp;wave1;wricef
ERPMFG,Aurora ERP: Manufacturing & Quality,ERPMFG-177,Functional spec: variant configuration for pump models,task,Closed,done,u-yuki.pereira,Yuki Pereira,8,points,,2026-05-30,ERPMFG-81,,2026-04-03T05:06:42Z,2026-06-05T20:05:50Z,,pp;wave1;realize
ERPMFG,Aurora ERP: Manufacturing & Quality,ERPMFG-178,Technical spec Workflow: serial number profiles,task,Closed,done,u-kevin.lavoie,Kevin Lavoie,,points,,2026-05-09,ERPMFG-76,ERPMFG-150,2026-04-05T01:43:11Z,2026-05-21T16:48:19Z,2026-05-20T08:05:40Z,pp;wave1;wricef
ERPMFG,Aurora ERP: Manufacturing & Quality,ERPMFG-179,Configure spare parts BOMs,story,Done,done,u-nikhil.almeida,Nikhil Almeida,3,points,2026-04-12,2026-05-27,ERPMFG-55,ERPMFG-167,2026-04-05T06:08:43Z,2026-06-01T05:03:25Z,2026-06-01T00:33:30Z,pm;wave1;realize;config
ERPMFG,Aurora ERP: Manufacturing & Quality,ERPMFG-180,Functional spec Conversion: BOM for pump assembly family for plant 1100 Guelph,task,Done,done,u-sarah.muller,Sarah Müller,3,points,,2026-06-08,ERPMFG-76,,2026-04-05T23:42:16Z,2026-06-19T06:39:35Z,2026-06-19T04:52:57Z,pp;wave1;wricef
ERPMFG,Aurora ERP: Manufacturing & Quality,ERPMFG-181,Functional spec Form: work order types and priorities for plant 1100 Guelph,task,Closed,done,u-gustavo.nguyen,Gustavo Nguyen,8,points,,,ERPMFG-70,,2026-04-06T06:22:54Z,2026-06-10T16:37:31Z,2026-06-10T01:29:22Z,pm;wave1;wricef
ERPMFG,Aurora ERP: Manufacturing & Quality,ERPMFG-182,Build Form: preventive maintenance strategy,story,Closed,done,u-kevin.lavoie,Kevin Lavoie,3,points,,,ERPMFG-70,ERPMFG-140;ERPMFG-168,2026-04-06T09:48:17Z,2026-06-01T16:53:14Z,2026-05-31T03:49:33Z,pm;wave1;wricef
ERPMFG,Aurora ERP: Manufacturing & Quality,ERPMFG-183,Configure kanban replenishment,story,Backlog,todo,u-kevin.lavoie,Kevin Lavoie,8,points,,,ERPMFG-81,,2026-04-06T16:30:17Z,2026-04-06T16:30:17Z,,pp;wave1;realize;config
ERPMFG,Aurora ERP: Manufacturing & Quality,ERPMFG-184,Technical spec Report: shop floor papers for plant 1100 Guelph,task,Closed,done,u-kevin.lavoie,Kevin Lavoie,3,points,,2026-06-07,ERPMFG-69,ERPMFG-163,2026-04-07T12:03:19Z,2026-06-12T19:27:34Z,2026-06-11T00:19:08Z,pp-sfc;wave1;wricef
ERPMFG,Aurora ERP: Manufacturing & Quality,ERPMFG-185,Unit test Report: variant configuration for pump models,task,Done,done,u-sarah.muller,Sarah Müller,5,points,,2026-05-27,ERPMFG-76,ERPMFG-169,2026-04-07T15:32:51Z,2026-06-02T08:59:49Z,2026-06-01T23:22:30Z,pp;wave1;wricef
ERPMFG,Aurora ERP: Manufacturing & Quality,ERPMFG-186,Build Form: labor confirmation via barcode,story,Closed,done,u-kevin.lavoie,Kevin Lavoie,5,points,,,ERPMFG-69,ERPMFG-154;ERPMFG-329,2026-04-09T10:03:34Z,2026-06-13T23:27:32Z,2026-06-13T08:10:26Z,pp-sfc;wave1;wricef
ERPMFG,Aurora ERP: Manufacturing & Quality,ERPMFG-187,Unit test: work order types and priorities,task,Closed,done,u-sarah.muller,Sarah Müller,3,points,2026-04-22,2026-05-30,ERPMFG-55,ERPMFG-168,2026-04-09T14:13:12Z,2026-05-27T18:10:10Z,2026-05-26T17:44:06Z,pm;wave1;realize
ERPMFG,Aurora ERP: Manufacturing & Quality,ERPMFG-188,Functional spec Form: OEE reporting feed,task,Closed,done,u-wendy.taylor,Wendy Taylor,3,points,,,ERPMFG-69,,2026-04-11T00:43:48Z,2026-06-13T17:41:34Z,2026-06-12T19:07:08Z,pp-sfc;wave1;wricef
ERPMFG,Aurora ERP: Manufacturing & Quality,ERPMFG-189,Configure sampling procedures,story,Closed,done,u-nikhil.chen,Nikhil Chen,13,points,,2026-05-28,ERPMFG-66,,2026-04-11T14:13:42Z,2026-06-09T15:25:29Z,2026-06-08T02:14:43Z,qm;wave1;realize;config
ERPMFG,Aurora ERP: Manufacturing & Quality,ERPMFG-190,Unit test: production order type ZP01,task,Done,done,u-wendy.schmidt,Wendy Schmidt,5,points,,2026-05-29,ERPMFG-81,ERPMFG-149,2026-04-11T17:20:19Z,2026-06-02T11:54:01Z,2026-06-02T07:51:54Z,pp;wave1;realize
ERPMFG,Aurora ERP: Manufacturing & Quality,ERPMFG-191,Unit test Form: preventive maintenance strategy,task,Closed,done,u-gustavo.nguyen,Gustavo Nguyen,13,points,,2026-06-18,ERPMFG-70,ERPMFG-182,2026-04-11T20:20:19Z,2026-06-22T11:00:39Z,2026-06-21T20:02:56Z,pm;wave1;wricef
ERPMFG,Aurora ERP: Manufacturing & Quality,ERPMFG-192,Authorization role for production order type ZP01,task,To Do,todo,,,13,points,,2026-06-10,ERPMFG-81,ERPMFG-149,2026-04-13T22:57:00Z,2026-07-28T17:52:34Z,,pp;wave1;realize;security
ERPMFG,Aurora ERP: Manufacturing & Quality,ERPMFG-193,Unit test Form: downtime reason codes,task,Closed,done,u-nikhil.almeida,Nikhil Almeida,5,points,,2026-05-25,ERPMFG-69,ERPMFG-155,2026-04-15T05:03:31Z,2026-06-05T06:52:52Z,2026-06-04T07:34:20Z,pp-sfc;wave1;wricef
ERPMFG,Aurora ERP: Manufacturing & Quality,ERPMFG-194,Unit test: labor confirmation via barcode,task,Closed,done,u-kevin.lavoie,Kevin Lavoie,5,points,,,ERPMFG-62,ERPMFG-137,2026-04-15T17:53:53Z,2026-06-07T03:52:05Z,2026-06-06T23:15:17Z,pp-sfc;wave1;realize
ERPMFG,Aurora ERP: Manufacturing & Quality,ERPMFG-195,Unit test Enhancement: quality notifications Q1/Q2 for plant 1100 Guelph,task,Done,done,u-henrique.chen,Henrique Chen,,points,,,ERPMFG-72,ERPMFG-198,2026-04-17T05:30:24Z,2026-06-27T09:53:31Z,2026-06-27T03:11:57Z,qm;wave1;wricef
ERPMFG,Aurora ERP: Manufacturing & Quality,ERPMFG-196,Configure breakdown notification process,story,Done,done,u-wendy.schmidt,Wendy Schmidt,2,points,,,,,2026-04-17T11:02:14Z,2026-06-26T22:18:42Z,2026-06-26T04:48:43Z,pm;wave1;realize;config
ERPMFG,Aurora ERP: Manufacturing & Quality,ERPMFG-197,Unit test: sampling procedures,task,Done,done,u-yuki.pereira,Yuki Pereira,1,points,,,ERPMFG-66,ERPMFG-189,2026-04-17T11:11:23Z,2026-06-18T09:30:15Z,2026-06-17T19:18:00Z,qm;wave1;realize
ERPMFG,Aurora ERP: Manufacturing & Quality,ERPMFG-198,Build Enhancement: quality notifications Q1/Q2 for plant 1100 Guelph,story,Closed,done,u-wendy.schmidt,Wendy Schmidt,5,points,,2026-05-29,ERPMFG-72,ERPMFG-161;ERPMFG-165,2026-04-20T19:19:04Z,2026-06-05T12:17:25Z,2026-06-03T12:49:13Z,qm;wave1;wricef
ERPMFG,Aurora ERP: Manufacturing & Quality,ERPMFG-199,Technical spec Report: rework order process,task,Closed,done,u-sarah.muller,Sarah Müller,5,points,,2026-06-05,ERPMFG-76,ERPMFG-146,2026-04-20T22:07:40Z,2026-06-10T07:37:13Z,2026-06-09T18:20:51Z,pp;wave1;wricef
ERPMFG,Aurora ERP: Manufacturing & Quality,ERPMFG-200,Technical spec Form: quality notifications Q1/Q2 for plant 1100 Guelph,task,Done,done,u-henrique.reddy,Henrique Reddy,8,points,,2026-06-17,ERPMFG-72,ERPMFG-208,2026-04-21T19:21:14Z,2026-06-28T05:57:13Z,2026-06-26T22:01:36Z,qm;wave1;wricef
ERPMFG,Aurora ERP: Manufacturing & Quality,ERPMFG-201,Unit test: spare parts BOMs,task,Closed,done,u-kevin.lavoie,Kevin Lavoie,5,points,,2026-06-21,ERPMFG-55,ERPMFG-179,2026-04-22T13:02:29Z,2026-06-27T06:09:52Z,2026-06-25T15:42:53Z,pm;wave1;realize
ERPMFG,Aurora ERP: Manufacturing & Quality,ERPMFG-202,Unit test: downtime reason codes,task,Closed,done,u-sarah.muller,Sarah Müller,1,points,,,ERPMFG-62,ERPMFG-166,2026-04-22T15:38:40Z,2026-06-27T15:27:18Z,2026-06-27T10:04:54Z,pp-sfc;wave1;realize
ERPMFG,Aurora ERP: Manufacturing & Quality,ERPMFG-203,Functional spec Report: routings and work centers Guelph line 2,task,Closed,done,u-wendy.schmidt,Wendy Schmidt,8,points,,2026-07-05,ERPMFG-76,,2026-04-23T15:49:06Z,2026-07-10T15:08:31Z,2026-07-09T08:25:04Z,pp;wave1;wricef
ERPMFG,Aurora ERP: Manufacturing & Quality,ERPMFG-204,Configure equipment hierarchy and functional locations for plant 1100 Guelph,story,Done,done,u-sarah.muller,Sarah Müller,3,points,,,ERPMFG-55,,2026-04-23T20:23:57Z,2026-07-04T22:24:26Z,,pm;wave1;realize;config
ERPMFG,Aurora ERP: Manufacturing & Quality,ERPMFG-205,Unit test: kanban replenishment,task,Closed,done,u-wendy.schmidt,Wendy Schmidt,13,points,2026-05-21,,ERPMFG-81,ERPMFG-183,2026-04-24T06:48:09Z,2026-07-14T20:29:18Z,2026-07-13T04:06:51Z,pp;wave1;realize
ERPMFG,Aurora ERP: Manufacturing & Quality,ERPMFG-206,Configure calibration inspection,story,Closed,done,u-kevin.lavoie,Kevin Lavoie,2,points,,,ERPMFG-66,,2026-04-25T00:50:30Z,2026-06-17T03:24:25Z,2026-06-15T11:34:35Z,qm;wave1;realize;config
ERPMFG,Aurora ERP: Manufacturing & Quality,ERPMFG-207,Configure variant configuration for pump models,story,Done,done,u-wendy.taylor,Wendy Taylor,3,points,,2026-06-10,ERPMFG-81,ERPMFG-177,2026-04-25T09:22:41Z,2026-06-20T04:12:02Z,2026-06-18T21:37:20Z,pp;wave1;realize;config
ERPMFG,Aurora ERP: Manufacturing & Quality,ERPMFG-208,Functional spec Form: quality notifications Q1/Q2 for plant 1100 Guelph,task,Done,done,u-yuki.pereira,Yuki Pereira,1,points,2026-04-25,,ERPMFG-72,,2026-04-26T05:26:46Z,2026-06-14T15:14:54Z,2026-06-12T17:05:37Z,qm;wave1;wricef
ERPMFG,Aurora ERP: Manufacturing & Quality,ERPMFG-209,Build Report: shop floor papers for plant 1100 Guelph,story,Done,done,u-wendy.taylor,Wendy Taylor,2,points,,,ERPMFG-69,ERPMFG-184;ERPMFG-94,2026-04-26T10:17:15Z,2026-07-12T13:46:53Z,2026-07-11T02:43:47Z,pp-sfc;wave1;wricef
ERPMFG,Aurora ERP: Manufacturing & Quality,ERPMFG-210,Technical spec Form: work order types and priorities for plant 1100 Guelph,task,Done,done,u-mariana.muller,Mariana Müller,8,points,2026-05-04,2026-06-12,ERPMFG-70,ERPMFG-181,2026-04-28T04:59:29Z,2026-06-23T04:23:48Z,2026-06-22T18:50:01Z,pm;wave1;wricef
ERPMFG,Aurora ERP: Manufacturing & Quality,ERPMFG-211,Configure inspection plans for incoming goods for plant 1100 Guelph,story,Done,done,u-yuki.pereira,Yuki Pereira,3,points,,,ERPMFG-66,ERPMFG-509,2026-04-28T11:43:59Z,2026-07-10T19:11:59Z,2026-07-09T23:29:53Z,qm;wave1;realize;config
ERPMFG,Aurora ERP: Manufacturing & Quality,ERPMFG-212,Build Report: rework order process,story,Closed,done,u-sarah.muller,Sarah Müller,,points,2026-05-13,2026-06-28,ERPMFG-76,ERPMFG-199;ERPMFG-86,2026-04-28T19:07:46Z,2026-06-29T04:39:23Z,2026-06-28T10:50:10Z,pp;wave1;wricef
ERPMFG,Aurora ERP: Manufacturing & Quality,ERPMFG-213,Functional spec: MES Ignition confirmation interface readiness,task,Closed,done,u-yuki.pereira,Yuki Pereira,5,points,,2026-06-17,ERPMFG-81,,2026-04-30T06:12:04Z,2026-06-20T06:50:54Z,2026-06-19T16:49:15Z,pp;wave1;realize
ERPMFG,Aurora ERP: Manufacturing & Quality,ERPMFG-214,Unit test: scrap reporting,task,Closed,done,u-kevin.lavoie,Kevin Lavoie,5,points,,2026-06-15,ERPMFG-81,ERPMFG-171,2026-04-30T13:48:44Z,2026-06-25T17:55:18Z,2026-06-23T18:20:18Z,pp;wave1;realize
ERPMFG,Aurora ERP: Manufacturing & Quality,ERPMFG-215,Configure OEE reporting feed,story,Closed,done,u-gustavo.nguyen,Gustavo Nguyen,3,points,,,ERPMFG-62,,2026-05-01T08:13:46Z,2026-06-12T11:57:13Z,2026-06-11T02:53:42Z,pp-sfc;wave1;realize;config
ERPMFG,Aurora ERP: Manufacturing & Quality,ERPMFG-216,Unit test Enhancement: labor confirmation via barcode for plant 1100 Guelph,task,Done,done,u-nikhil.chen,Nikhil Chen,5,points,,2026-06-18,ERPMFG-69,ERPMFG-153,2026-05-01T10:21:21Z,2026-06-26T11:49:27Z,2026-06-24T23:47:14Z,pp-sfc;wave1;wricef
ERPMFG,Aurora ERP: Manufacturing & Quality,ERPMFG-217,Functional spec: quality notifications Q1/Q2 for plant 1100 Guelph,task,Closed,done,u-kevin.lavoie,Kevin Lavoie,,points,,2026-06-30,ERPMFG-66,,2026-05-01T18:01:02Z,2026-07-08T06:42:41Z,2026-07-07T03:49:45Z,qm;wave1;realize
ERPMFG,Aurora ERP: Manufacturing & Quality,ERPMFG-218,Unit test: rework order process,task,Done,done,u-kevin.lavoie,Kevin Lavoie,1,points,2026-05-03,,ERPMFG-81,ERPMFG-156,2026-05-02T01:33:14Z,2026-06-22T22:56:14Z,2026-06-21T02:07:31Z,pp;wave1;realize
ERPMFG,Aurora ERP: Manufacturing & Quality,ERPMFG-219,Technical spec Conversion: BOM for pump assembly family for plant 1100 Guelph,task,Closed,done,u-renata.patel,Renata Patel,13,points,,2026-06-21,ERPMFG-76,ERPMFG-180,2026-05-03T00:19:44Z,2026-06-24T06:54:01Z,2026-06-22T21:48:16Z,pp;wave1;wricef
ERPMFG,Aurora ERP: Manufacturing & Quality,ERPMFG-220,Unit test Workflow: serial number profiles,task,Done,done,u-kevin.lavoie,Kevin Lavoie,2,points,,2026-06-26,ERPMFG-76,ERPMFG-176,2026-05-03T04:04:11Z,2026-07-07T00:52:56Z,2026-07-05T11:11:22Z,pp;wave1;wricef
ERPMFG,Aurora ERP: Manufacturing & Quality,ERPMFG-221,Functional spec Interface: quality notifications Q1/Q2,task,Closed,done,u-sarah.muller,Sarah Müller,1,points,,2026-07-04,ERPMFG-72,,2026-05-03T22:10:08Z,2026-07-07T13:27:44Z,2026-07-07T11:36:28Z,qm;wave1;wricef
ERPMFG,Aurora ERP: Manufacturing & Quality,ERPMFG-222,Configure serial number profiles,story,Done,done,u-kevin.lavoie,Kevin Lavoie,8,points,,2026-06-09,ERPMFG-81,,2026-05-07T14:28:30Z,2026-06-06T23:56:32Z,2026-06-06T01:37:57Z,pp;wave1;realize;config
ERPMFG,Aurora ERP: Manufacturing & Quality,ERPMFG-223,Unit test: variant configuration for pump models,task,To Do,todo,,,2,points,,2026-07-07,ERPMFG-81,ERPMFG-207;ERPMFG-504,2026-05-08T22:43:36Z,2026-05-08T22:43:36Z,,pp;wave1;realize
ERPMFG,Aurora ERP: Manufacturing & Quality,ERPMFG-224,Unit test: calibration inspection,task,Done,done,u-wendy.taylor,Wendy Taylor,3,points,,2026-07-12,,ERPMFG-206,2026-05-11T04:42:01Z,2026-07-19T15:09:19Z,2026-07-18T17:29:21Z,qm;wave1;realize
ERPMFG,Aurora ERP: Manufacturing & Quality,ERPMFG-225,Build Conversion: BOM for pump assembly family for plant 1100 Guelph,story,Done,done,u-wendy.schmidt,Wendy Schmidt,1,points,,,ERPMFG-76,ERPMFG-219;ERPMFG-86,2026-05-11T13:12:40Z,2026-07-22T17:37:36Z,2026-07-21T10:03:52Z,pp;wave1;wricef
ERPMFG,Aurora ERP: Manufacturing & Quality,ERPMFG-226,Build Form: quality notifications Q1/Q2 for plant 1100 Guelph,story,Done,done,u-kevin.lavoie,Kevin Lavoie,,points,,2026-07-05,ERPMFG-72,ERPMFG-200;ERPMFG-211,2026-05-11T17:30:08Z,2026-07-02T02:38:23Z,2026-07-02T01:54:54Z,qm;wave1;wricef
ERPMFG,Aurora ERP: Manufacturing & Quality,ERPMFG-227,Authorization role for sampling procedures,task,Closed,done,u-yuki.pereira,Yuki Pereira,3,points,,2026-06-26,ERPMFG-66,ERPMFG-189,2026-05-12T19:52:31Z,2026-07-03T23:47:56Z,2026-07-02T03:28:44Z,qm;wave1;realize;security
ERPMFG,Aurora ERP: Manufacturing & Quality,ERPMFG-228,Configure quality notifications Q1/Q2 for plant 1100 Guelph,story,Closed,done,u-sarah.muller,Sarah Müller,5,points,,2026-07-14,ERPMFG-66,ERPMFG-217,2026-05-13T17:39:09Z,2026-07-14T11:14:22Z,2026-07-13T21:00:11Z,qm;wave1;realize;config
ERPMFG,Aurora ERP: Manufacturing & Quality,ERPMFG-229,Build Form: OEE reporting feed,story,Closed,done,u-wendy.taylor,Wendy Taylor,13,points,,,ERPMFG-69,ERPMFG-230;ERPMFG-358,2026-05-15T19:08:34Z,2026-07-19T00:16:31Z,2026-07-18T16:21:53Z,pp-sfc;wave1;wricef
ERPMFG,Aurora ERP: Manufacturing & Quality,ERPMFG-230,Technical spec Form: OEE reporting feed,task,Done,done,u-sarah.muller,Sarah Müller,2,points,,,ERPMFG-69,ERPMFG-188,2026-05-15T22:32:04Z,2026-07-07T17:56:15Z,,pp-sfc;wave1;wricef
ERPMFG,Aurora ERP: Manufacturing & Quality,ERPMFG-231,Configure MES Ignition confirmation interface readiness,story,In Review,in_progress,,,5,points,2026-05-16,,ERPMFG-81,ERPMFG-213,2026-05-17T04:19:50Z,2026-08-21T18:56:42Z,,pp;wave1;realize;config
ERPMFG,Aurora ERP: Manufacturing & Quality,ERPMFG-232,Configure shop floor papers for plant 1100 Guelph,story,Done,done,u-sarah.muller,Sarah Müller,3,points,,2026-07-11,ERPMFG-62,,2026-05-18T17:10:54Z,2026-07-14T09:53:55Z,2026-07-14T00:08:33Z,pp-sfc;wave1;realize;config
ERPMFG,Aurora ERP: Manufacturing & Quality,ERPMFG-233,Technical spec Workflow: equipment hierarchy and functional locations for plant 1100 Guelph,task,Done,done,u-sarah.muller,Sarah Müller,3,points,,,ERPMFG-70,ERPMFG-248,2026-05-19T02:51:40Z,2026-07-31T17:09:55Z,2026-07-30T16:31:42Z,pm;wave1;wricef
ERPMFG,Aurora ERP: Manufacturing & Quality,ERPMFG-234,Unit test Form: labor confirmation via barcode,task,Closed,done,u-kevin.lavoie,Kevin Lavoie,3,points,,2026-07-04,ERPMFG-69,ERPMFG-186,2026-05-19T11:45:59Z,2026-07-11T12:22:45Z,2026-07-11T07:01:56Z,pp-sfc;wave1;wricef
ERPMFG,Aurora ERP: Manufacturing & Quality,ERPMFG-235,Authorization role for scrap reporting,task,Closed,done,u-gustavo.nguyen,Gustavo Nguyen,13,points,2026-05-24,2026-07-02,ERPMFG-81,ERPMFG-171,2026-05-20T01:03:32Z,2026-06-29T21:36:14Z,2026-06-28T01:54:17Z,pp;wave1;realize;security
ERPMFG,Aurora ERP: Manufacturing & Quality,ERPMFG-236,Configure usage decision and stock posting for plant 1100 Guelph,story,Closed,done,u-yuki.pereira,Yuki Pereira,5,points,,2026-07-23,ERPMFG-66,ERPMFG-261,2026-05-20T04:04:06Z,2026-07-27T06:48:50Z,2026-07-27T05:13:34Z,qm;wave1;realize;config
ERPMFG,Aurora ERP: Manufacturing & Quality,ERPMFG-237,Unit test: serial number profiles,task,Done,done,u-nikhil.almeida,Nikhil Almeida,8,points,,2026-07-14,ERPMFG-81,ERPMFG-222,2026-05-21T10:47:06Z,2026-07-16T20:27:51Z,2026-07-15T05:15:41Z,pp;wave1;realize
ERPMFG,Aurora ERP: Manufacturing & Quality,ERPMFG-238,Build Form: work order types and priorities for plant 1100 Guelph,story,Done,done,u-kevin.lavoie,Kevin Lavoie,8,points,,,ERPMFG-70,ERPMFG-210;ERPMFG-196,2026-05-23T19:31:19Z,2026-07-12T01:07:53Z,2026-07-12T00:49:00Z,pm;wave1;wricef
ERPMFG,Aurora ERP: Manufacturing & Quality,ERPMFG-239,Unit test Report: shop floor papers for plant 1100 Guelph,task,In Progress,in_progress,u-sarah.muller,Sarah Müller,2,points,,,ERPMFG-69,ERPMFG-209,2026-05-23T19:42:27Z,2026-08-15T16:06:53Z,,pp-sfc;wave1;wricef
ERPMFG,Aurora ERP: Manufacturing & Quality,ERPMFG-240,Functional spec Report: downtime reason codes,task,Closed,done,u-henrique.chen,Henrique Chen,1,points,,,ERPMFG-69,,2026-05-23T21:20:18Z,2026-07-18T01:26:54Z,2026-07-17T15:15:21Z,pp-sfc;wave1;wricef
ERPMFG,Aurora ERP: Manufacturing & Quality,ERPMFG-241,Functional spec Workflow: rework order process,task,Done,done,u-nikhil.almeida,Nikhil Almeida,3,points,,,ERPMFG-76,,2026-05-24T15:58:11Z,2026-07-17T08:41:31Z,2026-07-17T03:53:09Z,pp;wave1;wricef
ERPMFG,Aurora ERP: Manufacturing & Quality,ERPMFG-242,Technical spec Report: downtime reason codes,task,Closed,done,u-wendy.schmidt,Wendy Schmidt,5,points,,2026-07-22,ERPMFG-69,ERPMFG-240,2026-05-24T19:12:26Z,2026-08-03T16:02:47Z,2026-08-02T07:44:29Z,pp-sfc;wave1;wricef
ERPMFG,Aurora ERP: Manufacturing & Quality,ERPMFG-243,Technical spec Form: labor confirmation via barcode for plant 1100 Guelph,task,Done,done,u-sarah.muller,Sarah Müller,1,points,,2026-08-02,ERPMFG-69,ERPMFG-251,2026-05-24T20:10:49Z,2026-08-03T18:16:52Z,2026-08-03T10:16:38Z,pp-sfc;wave1;wricef
ERPMFG,Aurora ERP: Manufacturing & Quality,ERPMFG-244,Unit test: breakdown notification process,task,Closed,done,u-yuki.pereira,Yuki Pereira,8,points,,,ERPMFG-55,ERPMFG-196,2026-05-25T17:27:10Z,2026-07-15T01:57:46Z,2026-07-14T13:19:36Z,pm;wave1;realize
ERPMFG,Aurora ERP: Manufacturing & Quality,ERPMFG-245,Configure material master MRP and work scheduling views for plant 1100 Guelph,story,Done,done,u-yuki.pereira,Yuki Pereira,3,points,2026-05-26,2026-07-09,ERPMFG-81,,2026-05-25T17:51:34Z,2026-07-10T05:07:08Z,2026-07-08T14:23:35Z,pp;wave1;realize;config
ERPMFG,Aurora ERP: Manufacturing & Quality,ERPMFG-246,Configure operator dashboards for plant 1100 Guelph,story,Closed,done,u-sarah.muller,Sarah Müller,13,points,,2026-07-28,ERPMFG-62,,2026-05-25T22:34:22Z,2026-08-02T10:16:12Z,2026-08-01T07:34:51Z,pp-sfc;wave1;realize;config
ERPMFG,Aurora ERP: Manufacturing & Quality,ERPMFG-247,Authorization role for OEE reporting feed,task,Closed,done,u-kevin.lavoie,Kevin Lavoie,1,points,,,ERPMFG-62,ERPMFG-215,2026-05-26T03:33:03Z,2026-07-29T13:54:33Z,2026-07-28T04:21:53Z,pp-sfc;wave1;realize;security
ERPMFG,Aurora ERP: Manufacturing & Quality,ERPMFG-248,Functional spec Workflow: equipment hierarchy and functional locations for plant 1100 Guelph,task,Closed,done,u-wendy.taylor,Wendy Taylor,1,points,2026-05-25,2026-07-05,ERPMFG-70,,2026-05-26T03:55:31Z,2026-07-09T17:13:48Z,2026-07-08T21:23:54Z,pm;wave1;wricef
ERPMFG,Aurora ERP: Manufacturing & Quality,ERPMFG-249,PP: SIT cycles 1 and 2,epic,In Progress,in_progress,,,,points,2026-07-05,2026-09-21,,,2026-05-26T21:05:30Z,2026-08-09T00:00:00Z,,pp;wave1;sit
ERPMFG,Aurora ERP: Manufacturing & Quality,ERPMFG-250,Configure BOM for pump assembly family for plant 1100 Guelph,story,Done,done,u-kevin.lavoie,Kevin Lavoie,5,points,2026-06-02,,ERPMFG-81,,2026-05-26T23:47:38Z,2026-07-04T05:28:35Z,2026-07-04T00:55:14Z,pp;wave1;realize;config
ERPMFG,Aurora ERP: Manufacturing & Quality,ERPMFG-251,Functional spec Form: labor confirmation via barcode for plant 1100 Guelph,task,Done,done,u-sarah.muller,Sarah Müller,2,points,,2026-07-23,,,2026-05-28T18:12:45Z,2026-07-20T23:53:50Z,2026-07-20T06:12:14Z,pp-sfc;wave1;wricef
ERPMFG,Aurora ERP: Manufacturing & Quality,ERPMFG-252,Configure routings and work centers Guelph line 2 for plant 1100 Guelph,story,Closed,done,u-nikhil.chen,Nikhil Chen,3,points,2026-06-12,2026-07-21,ERPMFG-81,,2026-05-29T10:34:51Z,2026-07-22T13:59:28Z,2026-07-21T08:06:52Z,pp;wave1;realize;config
ERPMFG,Aurora ERP: Manufacturing & Quality,ERPMFG-253,Configure maintenance plans for CNC fleet for plant 1100 Guelph,story,To Do,todo,,,2,points,2026-06-09,2026-07-09,ERPMFG-55,,2026-05-31T10:02:55Z,2026-08-10T15:07:39Z,,pm;wave1;realize;config
ERPMFG,Aurora ERP: Manufacturing & Quality,ERPMFG-254,Technical spec Report: routings and work centers Guelph line 2,task,Closed,done,u-kevin.lavoie,Kevin Lavoie,5,points,,,ERPMFG-76,ERPMFG-203,2026-05-31T10:38:44Z,2026-07-18T18:21:39Z,2026-07-18T02:27:56Z,pp;wave1;wricef
ERPMFG,Aurora ERP: Manufacturing & Quality,ERPMFG-255,Unit test: OEE reporting feed,task,Closed,done,u-sarah.muller,Sarah Müller,3,points,,,ERPMFG-62,ERPMFG-215,2026-05-31T13:37:46Z,2026-07-20T19:47:13Z,2026-07-19T04:46:51Z,pp-sfc;wave1;realize
ERPMFG,Aurora ERP: Manufacturing & Quality,ERPMFG-256,Unit test: inspection plans for incoming goods for plant 1100 Guelph,task,Done,done,u-sarah.muller,Sarah Müller,8,points,,2026-07-19,ERPMFG-66,ERPMFG-211,2026-05-31T16:32:17Z,2026-07-16T14:05:57Z,2026-07-15T00:12:10Z,qm;wave1;realize
ERPMFG,Aurora ERP: Manufacturing & Quality,ERPMFG-257,PM: SIT cycles 1 and 2,epic,Blocked,in_progress,u-wendy.schmidt,Wendy Schmidt,,points,2026-07-02,2026-10-07,,,2026-05-31T17:57:26Z,2026-08-14T00:00:00Z,,pm;wave1;sit
ERPMFG,Aurora ERP: Manufacturing & Quality,ERPMFG-258,Configure capacity planning profiles for plant 1100 Guelph,story,Done,done,u-nikhil.chen,Nikhil Chen,13,points,,2026-07-28,ERPMFG-81,,2026-05-31T20:37:13Z,2026-08-07T00:21:43Z,2026-08-05T18:06:39Z,pp;wave1;realize;config
ERPMFG,Aurora ERP: Manufacturing & Quality,ERPMFG-259,Build Report: downtime reason codes,story,Closed,done,u-mariana.muller,Mariana Müller,5,points,,2026-08-04,ERPMFG-69,ERPMFG-242;ERPMFG-115,2026-06-01T19:30:48Z,2026-08-03T05:42:47Z,2026-08-03T02:48:14Z,pp-sfc;wave1;wricef
ERPMFG,Aurora ERP: Manufacturing & Quality,ERPMFG-260,Build Workflow: equipment hierarchy and functional locations for plant 1100 Guelph,story,In Progress,in_progress,u-sarah.muller,Sarah Müller,5,points,2026-06-25,2026-08-06,ERPMFG-70,ERPMFG-233;ERPMFG-117,2026-06-02T15:16:53Z,2026-07-06T19:56:34Z,,pm;wave1;wricef
ERPMFG,Aurora ERP: Manufacturing & Quality,ERPMFG-261,Functional spec: usage decision and stock posting for plant 1100 Guelph,task,Done,done,u-sarah.muller,Sarah Müller,5,points,,2026-07-19,,,2026-06-02T20:04:23Z,2026-07-18T03:22:07Z,2026-07-16T21:02:15Z,qm;wave1;realize
ERPMFG,Aurora ERP: Manufacturing & Quality,ERPMFG-262,Functional spec: preventive maintenance strategy for plant 1100 Guelph,task,Closed,done,u-henrique.reddy,Henrique Reddy,3,points,,,ERPMFG-55,,2026-06-03T05:40:47Z,2026-07-17T04:09:14Z,2026-07-16T13:30:43Z,pm;wave1;realize
ERPMFG,Aurora ERP: Manufacturing & Quality,ERPMFG-263,SIT-1 Plan-to-Produce scenario 7 (PM),task,Done,done,,,5,points,,2026-07-21,ERPMFG-257,ERPMFG-204;ERPMFG-168;ERPMFG-196,2026-06-03T10:10:03Z,2026-07-23T18:07:11Z,2026-07-23T12:57:00Z,pm;wave1;sit
ERPMFG,Aurora ERP: Manufacturing & Quality,ERPMFG-264,Functional spec: backflush and confirmation for plant 1100 Guelph,task,Done,done,u-gustavo.nguyen,Gustavo Nguyen,8,points,2026-06-28,,ERPMFG-81,,2026-06-04T20:13:19Z,2026-08-16T14:30:39Z,2026-08-15T21:20:49Z,pp;wave1;realize
ERPMFG,Aurora ERP: Manufacturing & Quality,ERPMFG-265,Unit test: quality notifications Q1/Q2 for plant 1100 Guelph,task,Done,done,u-nikhil.chen,Nikhil Chen,2,points,,2026-08-14,ERPMFG-66,ERPMFG-228;ERPMFG-90,2026-06-05T00:29:48Z,2026-08-14T00:57:57Z,,qm;wave1;realize
ERPMFG,Aurora ERP: Manufacturing & Quality,ERPMFG-266,Unit test Report: rework order process,task,Closed,done,u-henrique.chen,Henrique Chen,2,points,,2026-07-20,ERPMFG-76,ERPMFG-212,2026-06-05T00:56:52Z,2026-07-18T17:35:26Z,2026-07-18T02:34:48Z,pp;wave1;wricef
ERPMFG,Aurora ERP: Manufacturing & Quality,ERPMFG-267,Unit test: shop floor papers for plant 1100 Guelph,task,Done,done,u-henrique.reddy,Henrique Reddy,3,points,2026-06-24,,ERPMFG-62,ERPMFG-232,2026-06-06T11:57:47Z,2026-07-25T12:55:06Z,2026-07-24T04:34:17Z,pp-sfc;wave1;realize
ERPMFG,Aurora ERP: Manufacturing & Quality,ERPMFG-268,Unit test: material master MRP and work scheduling views for plant 1100 Guelph,task,Closed,done,u-wendy.schmidt,Wendy Schmidt,,points,,2026-07-30,ERPMFG-81,ERPMFG-245,2026-06-06T18:50:07Z,2026-08-06T10:03:12Z,2026-08-06T00:42:06Z,pp;wave1;realize
ERPMFG,Aurora ERP: Manufacturing & Quality,ERPMFG-269,Authorization role for breakdown notification process,task,Done,done,u-kevin.lavoie,Kevin Lavoie,13,points,,2026-07-18,ERPMFG-55,ERPMFG-196,2026-06-07T16:45:34Z,2026-07-25T13:07:45Z,2026-07-25T05:55:40Z,pm;wave1;realize;security
ERPMFG,Aurora ERP: Manufacturing & Quality,ERPMFG-270,Build Interface: quality notifications Q1/Q2,story,Done,done,u-kevin.lavoie,Kevin Lavoie,5,points,2026-07-02,2026-08-13,ERPMFG-72,ERPMFG-280;ERPMFG-189,2026-06-08T07:16:34Z,2026-08-11T06:11:13Z,2026-08-10T08:48:05Z,qm;wave1;wricef
ERPMFG,Aurora ERP: Manufacturing & Quality,ERPMFG-271,Unit test Form: work order types and priorities for plant 1100 Guelph,task,In Review,in_progress,u-sarah.muller,Sarah Müller,2,points,,2026-07-29,ERPMFG-70,ERPMFG-238,2026-06-08T12:09:17Z,2026-08-14T12:45:14Z,,pm;wave1;wricef
ERPMFG,Aurora ERP: Manufacturing & Quality,ERPMFG-272,QM: SIT cycles 1 and 2,epic,In Progress,in_progress,u-henrique.chen,Henrique Chen,,points,2026-07-07,2026-10-05,,,2026-06-08T16:01:47Z,2026-08-15T00:00:00Z,,qm;wave1;sit
ERPMFG,Aurora ERP: Manufacturing & Quality,ERPMFG-273,Configure preventive maintenance strategy for plant 1100 Guelph,story,Done,done,u-yuki.pereira,Yuki Pereira,3,points,,,ERPMFG-55,ERPMFG-262,2026-06-08T18:34:23Z,2026-08-11T12:15:21Z,2026-08-09T17:55:11Z,pm;wave1;realize;config
ERPMFG,Aurora ERP: Manufacturing & Quality,ERPMFG-274,Unit test: BOM for pump assembly family for plant 1100 Guelph,task,Done,done,u-wendy.taylor,Wendy Taylor,1,points,2026-06-29,,ERPMFG-81,ERPMFG-250,2026-06-08T22:48:18Z,2026-08-16T03:22:40Z,2026-08-14T04:14:14Z,pp;wave1;realize
ERPMFG,Aurora ERP: Manufacturing & Quality,ERPMFG-275,SIT-1 Plan-to-Produce scenario 2 (QM),task,Closed,done,,,8,points,,,ERPMFG-272,ERPMFG-236,2026-06-09T07:59:10Z,2026-08-04T04:13:30Z,2026-08-02T05:32:17Z,qm;wave1;sit
ERPMFG,Aurora ERP: Manufacturing & Quality,ERPMFG-276,Unit test: equipment hierarchy and functional locations for plant 1100 Guelph,task,Closed,done,u-henrique.reddy,Henrique Reddy,3,points,,2026-07-26,ERPMFG-55,ERPMFG-204,2026-06-09T19:04:17Z,2026-08-07T13:04:34Z,2026-08-06T17:22:39Z,pm;wave1;realize
ERPMFG,Aurora ERP: Manufacturing & Quality,ERPMFG-277,SIT-1 Order-to-Cash scenario 1 (PP),task,In Review,in_progress,u-sarah.muller,Sarah Müller,5,points,,2026-07-18,ERPMFG-249,ERPMFG-183;ERPMFG-231,2026-06-10T17:29:43Z,2026-08-13T11:34:18Z,,pp;wave1;sit
ERPMFG,Aurora ERP: Manufacturing & Quality,ERPMFG-278,Build Report: routings and work centers Guelph line 2,story,Done,done,u-sarah.muller,Sarah Müller,,points,,2026-07-30,ERPMFG-76,ERPMFG-254;ERPMFG-309,2026-06-10T20:00:52Z,2026-08-02T13:11:01Z,2026-08-02T02:55:23Z,pp;wave1;wricef
ERPMFG,Aurora ERP: Manufacturing & Quality,ERPMFG-279,Functional spec Conversion: spare parts BOMs,task,Closed,done,u-wendy.taylor,Wendy Taylor,3,points,2026-06-29,2026-08-08,ERPMFG-70,,2026-06-11T05:11:10Z,2026-08-09T06:18:08Z,2026-08-07T06:45:23Z,pm;wave1;wricef
ERPMFG,Aurora ERP: Manufacturing & Quality,ERPMFG-280,Technical spec Interface: quality notifications Q1/Q2,task,In Progress,in_progress,u-henrique.chen,Henrique Chen,3,points,,2026-07-27,ERPMFG-72,ERPMFG-221;ERPMFG-480,2026-06-11T07:07:53Z,2026-08-20T16:57:45Z,,qm;wave1;wricef
ERPMFG,Aurora ERP: Manufacturing & Quality,ERPMFG-281,Functional spec: labor confirmation via barcode for plant 1100 Guelph,task,Done,done,u-mariana.muller,Mariana Müller,5,points,2026-06-27,,ERPMFG-62,,2026-06-12T04:51:50Z,2026-08-07T09:52:59Z,2026-08-06T08:20:40Z,pp-sfc;wave1;realize
ERPMFG,Aurora ERP: Manufacturing & Quality,ERPMFG-282,PP-SFC: SIT cycles 1 and 2,epic,Blocked,in_progress,u-gustavo.nguyen,Gustavo Nguyen,,points,2026-07-14,2026-09-20,,,2026-06-12T17:22:17Z,2026-08-14T00:00:00Z,,pp-sfc;wave1;sit
ERPMFG,Aurora ERP: Manufacturing & Quality,ERPMFG-283,Functional spec Enhancement: operator dashboards for plant 1100 Guelph,task,Done,done,u-sarah.muller,Sarah Müller,13,points,,2026-08-09,ERPMFG-69,,2026-06-12T19:32:01Z,2026-08-06T09:15:31Z,2026-08-04T23:15:39Z,pp-sfc;wave1;wricef
ERPMFG,Aurora ERP: Manufacturing & Quality,ERPMFG-284,SIT-1 Plan-to-Produce scenario 2 (PM),task,Done,done,u-gustavo.nguyen,Gustavo Nguyen,3,points,,2026-07-24,ERPMFG-257,ERPMFG-313,2026-06-13T03:18:25Z,2026-07-27T22:50:15Z,2026-07-26T02:18:44Z,pm;wave1;sit
ERPMFG,Aurora ERP: Manufacturing & Quality,ERPMFG-285,Functional spec Form: quality notifications Q1/Q2 for plant 1100 Guelph,task,Done,done,u-renata.patel,Renata Patel,5,points,,2026-08-16,ERPMFG-72,,2026-06-13T15:14:00Z,2026-08-22T12:49:15Z,2026-08-22T05:55:06Z,qm;wave1;wricef
ERPMFG,Aurora ERP: Manufacturing & Quality,ERPMFG-286,Unit test Conversion: BOM for pump assembly family for plant 1100 Guelph,task,Done,done,u-nikhil.chen,Nikhil Chen,3,points,,,ERPMFG-76,ERPMFG-225,2026-06-14T04:11:38Z,2026-08-06T16:50:31Z,2026-08-06T06:54:18Z,pp;wave1;wricef
ERPMFG,Aurora ERP: Manufacturing & Quality,ERPMFG-287,Build Form: labor confirmation via barcode for plant 1100 Guelph,story,Closed,done,u-nikhil.almeida,Nikhil Almeida,13,points,2026-07-08,2026-08-25,ERPMFG-69,ERPMFG-243;ERPMFG-232,2026-06-14T04:46:40Z,2026-08-24T00:00:00Z,2026-08-22T20:22:19Z,pp-sfc;wave1;wricef
ERPMFG,Aurora ERP: Manufacturing & Quality,ERPMFG-288,SIT-1 Plan-to-Produce scenario 4 (QM),task,To Do,todo,u-sarah.muller,Sarah Müller,8,points,2026-07-07,2026-07-27,ERPMFG-272,ERPMFG-165;ERPMFG-345,2026-06-14T16:20:36Z,2026-08-18T12:10:41Z,,qm;wave1;sit
ERPMFG,Aurora ERP: Manufacturing & Quality,ERPMFG-289,SIT-1 Hire-to-Retire scenario 7 (PP-SFC),task,Closed,done,u-kevin.lavoie,Kevin Lavoie,8,points,,2026-07-29,ERPMFG-282,ERPMFG-329;ERPMFG-166;ERPMFG-115,2026-06-14T19:54:33Z,2026-08-04T09:22:39Z,2026-08-02T15:09:53Z,pp-sfc;wave1;sit
ERPMFG,Aurora ERP: Manufacturing & Quality,ERPMFG-290,Unit test: MES Ignition confirmation interface readiness,task,Closed,done,u-kevin.lavoie,Kevin Lavoie,8,points,,,ERPMFG-81,ERPMFG-231,2026-06-15T12:56:18Z,2026-07-31T15:18:43Z,2026-07-30T14:08:47Z,pp;wave1;realize
ERPMFG,Aurora ERP: Manufacturing & Quality,ERPMFG-291,SIT-1 Hire-to-Retire scenario 5 (PP-SFC),task,Done,done,u-wendy.schmidt,Wendy Schmidt,3,points,,2026-07-26,,ERPMFG-329,2026-06-15T18:39:37Z,2026-08-01T21:43:45Z,2026-07-31T19:03:30Z,pp-sfc;wave1;sit
ERPMFG,Aurora ERP: Manufacturing & Quality,ERPMFG-292,SIT-1 Procure-to-Pay scenario 4 (PP),task,Closed,done,u-sarah.muller,Sarah Müller,13,points,,2026-07-27,ERPMFG-249,ERPMFG-258;ERPMFG-97,2026-06-16T18:36:54Z,2026-07-31T12:22:26Z,2026-07-31T11:59:24Z,pp;wave1;sit
ERPMFG,Aurora ERP: Manufacturing & Quality,ERPMFG-293,Configure certificates of analysis for plant 1100 Guelph,story,To Do,todo,,,5,points,,2026-08-17,ERPMFG-66,,2026-06-16T20:39:43Z,2026-07-22T11:24:07Z,,qm;wave1;realize;config
ERPMFG,Aurora ERP: Manufacturing & Quality,ERPMFG-294,Unit test: maintenance plans for CNC fleet for plant 1100 Guelph,task,Done,done,u-sarah.muller,Sarah Müller,8,points,,2026-08-09,ERPMFG-55,ERPMFG-253,2026-06-17T10:15:58Z,2026-08-07T23:06:04Z,2026-08-07T11:34:13Z,pm;wave1;realize
ERPMFG,Aurora ERP: Manufacturing & Quality,ERPMFG-295,Unit test Form: quality notifications Q1/Q2 for plant 1100 Guelph,task,Done,done,u-nikhil.almeida,Nikhil Almeida,5,points,,2026-07-23,ERPMFG-72,ERPMFG-226,2026-06-17T17:20:38Z,2026-08-02T12:55:51Z,2026-08-01T15:26:08Z,qm;wave1;wricef
ERPMFG,Aurora ERP: Manufacturing & Quality,ERPMFG-296,Functional spec Enhancement: variant configuration for pump models for plant 1100 Guelph,task,Closed,done,u-kevin.lavoie,Kevin Lavoie,5,points,2026-07-05,,ERPMFG-76,,2026-06-17T18:30:36Z,2026-08-19T05:49:25Z,2026-08-18T04:33:15Z,pp;wave1;wricef
ERPMFG,Aurora ERP: Manufacturing & Quality,ERPMFG-297,Functional spec Conversion: shop floor papers for plant 1100 Guelph,task,In Progress,in_progress,u-nikhil.chen,Nikhil Chen,2,points,,2026-08-19,ERPMFG-69,,2026-06-18T13:49:02Z,2026-08-23T12:50:48Z,,pp-sfc;wave1;wricef
ERPMFG,Aurora ERP: Manufacturing & Quality,ERPMFG-298,Configure backflush and confirmation for plant 1100 Guelph,story,Closed,done,u-sarah.muller,Sarah Müller,5,points,2026-07-01,,ERPMFG-81,ERPMFG-264,2026-06-18T18:35:48Z,2026-08-17T14:11:11Z,2026-08-15T18:49:28Z,pp;wave1;realize;config
ERPMFG,Aurora ERP: Manufacturing & Quality,ERPMFG-299,Technical spec Enhancement: variant configuration for pump models for plant 1100 Guelph,task,To Do,todo,,,8,points,,2026-08-22,ERPMFG-76,ERPMFG-296,2026-06-18T21:30:34Z,2026-06-18T21:30:34Z,,pp;wave1;wricef
ERPMFG,Aurora ERP: Manufacturing & Quality,ERPMFG-300,Unit test: operator dashboards for plant 1100 Guelph,task,Blocked,in_progress,u-sarah.muller,Sarah Müller,5,points,,,ERPMFG-62,ERPMFG-246,2026-06-19T10:13:37Z,2026-08-18T07:18:13Z,,pp-sfc;wave1;realize
ERPMFG,Aurora ERP: Manufacturing & Quality,ERPMFG-301,SIT-1 Record-to-Report scenario 2 (QM),task,Closed,done,u-sarah.muller,Sarah Müller,2,points,,,ERPMFG-272,ERPMFG-128,2026-06-20T00:59:48Z,2026-07-29T09:57:57Z,2026-07-28T17:24:02Z,qm;wave1;sit
ERPMFG,Aurora ERP: Manufacturing & Quality,ERPMFG-302,SIT-1 Procure-to-Pay scenario 3 (PP),task,Closed,done,u-kevin.lavoie,Kevin Lavoie,2,points,2026-07-11,2026-07-29,ERPMFG-249,ERPMFG-298,2026-06-20T06:46:43Z,2026-08-08T21:02:36Z,2026-08-07T09:51:09Z,pp;wave1;sit
ERPMFG,Aurora ERP: Manufacturing & Quality,ERPMFG-303,SIT-1 Order-to-Cash scenario 2 (PP),task,Closed,done,u-sarah.muller,Sarah Müller,2,points,2026-07-05,2026-07-21,ERPMFG-249,ERPMFG-88;ERPMFG-258;ERPMFG-298,2026-06-20T14:04:22Z,2026-08-01T19:08:50Z,2026-08-01T15:00:39Z,pp;wave1;sit
ERPMFG,Aurora ERP: Manufacturing & Quality,ERPMFG-304,SIT-1 Plan-to-Produce scenario 3 (PM),task,Closed,done,u-sarah.muller,Sarah Müller,3,points,,2026-07-25,ERPMFG-257,ERPMFG-273;ERPMFG-106;ERPMFG-179,2026-06-21T12:02:33Z,2026-08-06T18:26:49Z,2026-08-04T20:26:32Z,pm;wave1;sit
ERPMFG,Aurora ERP: Manufacturing & Quality,ERPMFG-305,SIT-1 Plan-to-Produce scenario 5 (PM),task,Done,done,u-kevin.lavoie,Kevin Lavoie,2,points,2026-07-02,2026-07-19,ERPMFG-257,ERPMFG-430;ERPMFG-106,2026-06-21T14:38:49Z,2026-07-21T01:58:03Z,2026-07-19T15:06:45Z,pm;wave1;sit
ERPMFG,Aurora ERP: Manufacturing & Quality,ERPMFG-306,SIT-1 Record-to-Report scenario 4 (QM),task,Done,done,u-sarah.muller,Sarah Müller,3,points,2026-07-14,,ERPMFG-272,ERPMFG-293,2026-06-21T15:21:30Z,2026-08-02T23:28:19Z,2026-08-01T22:23:11Z,qm;wave1;sit
ERPMFG,Aurora ERP: Manufacturing & Quality,ERPMFG-307,SIT-1 Hire-to-Retire scenario 6 (PP-SFC),task,Closed,done,u-henrique.chen,Henrique Chen,2,points,2026-07-14,,ERPMFG-282,ERPMFG-246;ERPMFG-137,2026-06-21T18:40:00Z,2026-08-08T01:52:29Z,2026-08-07T12:44:03Z,pp-sfc;wave1;sit
ERPMFG,Aurora ERP: Manufacturing & Quality,ERPMFG-308,SIT-1 Record-to-Report scenario 5 (PP-SFC),task,Done,done,u-sarah.muller,Sarah Müller,1,points,,2026-08-02,ERPMFG-282,ERPMFG-232;ERPMFG-329;ERPMFG-137,2026-06-21T19:43:51Z,2026-08-02T11:40:08Z,2026-07-31T12:01:58Z,pp-sfc;wave1;sit
ERPMFG,Aurora ERP: Manufacturing & Quality,ERPMFG-309,Configure production order type ZP01 for plant 1100 Guelph,story,Done,done,u-wendy.schmidt,Wendy Schmidt,3,points,2026-06-26,2026-08-06,ERPMFG-81,,2026-06-21T23:58:14Z,2026-08-08T10:28:56Z,2026-08-07T06:40:21Z,pp;wave1;realize;config
ERPMFG,Aurora ERP: Manufacturing & Quality,ERPMFG-310,SIT-1 Order-to-Cash scenario 2 (PM),task,Closed,done,u-wendy.taylor,Wendy Taylor,5,points,,2026-08-03,ERPMFG-257,ERPMFG-273,2026-06-22T14:37:27Z,2026-08-08T07:52:12Z,2026-08-07T05:29:02Z,pm;wave1;sit
ERPMFG,Aurora ERP: Manufacturing & Quality,ERPMFG-311,Unit test: usage decision and stock posting for plant 1100 Guelph,task,Blocked,in_progress,u-yuki.pereira,Yuki Pereira,5,points,,2026-08-18,ERPMFG-66,ERPMFG-236;ERPMFG-521,2026-06-22T14:49:19Z,2026-08-24T00:00:00Z,,qm;wave1;realize
ERPMFG,Aurora ERP: Manufacturing & Quality,ERPMFG-312,SIT-1 Order-to-Cash scenario 5 (PP),task,Done,done,u-wendy.taylor,Wendy Taylor,8,points,2026-07-05,,ERPMFG-249,ERPMFG-258;ERPMFG-183;ERPMFG-38,2026-06-22T15:08:15Z,2026-07-28T16:19:42Z,2026-07-26T21:49:20Z,pp;wave1;sit
ERPMFG,Aurora ERP: Manufacturing & Quality,ERPMFG-313,Configure work order types and priorities for plant 1100 Guelph,story,Done,done,u-kevin.lavoie,Kevin Lavoie,8,points,,2026-08-20,ERPMFG-55,,2026-06-23T03:15:56Z,2026-08-17T17:55:43Z,2026-08-16T10:56:10Z,pm;wave1;realize;config
ERPMFG,Aurora ERP: Manufacturing & Quality,ERPMFG-314,SIT-1 Hire-to-Retire scenario 2 (PP-SFC),task,Done,done,u-gustavo.nguyen,Gustavo Nguyen,2,points,,,ERPMFG-282,ERPMFG-137;ERPMFG-115,2026-06-23T04:00:12Z,2026-08-08T00:09:28Z,2026-08-06T21:26:36Z,pp-sfc;wave1;sit
ERPMFG,Aurora ERP: Manufacturing & Quality,ERPMFG-315,Authorization role for material master MRP and work scheduling views for plant 1100 Guelph,task,Done,done,u-kevin.lavoie,Kevin Lavoie,8,points,,2026-08-03,ERPMFG-81,ERPMFG-245,2026-06-24T02:32:25Z,2026-07-31T16:47:32Z,2026-07-30T17:18:30Z,pp;wave1;realize;security
ERPMFG,Aurora ERP: Manufacturing & Quality,ERPMFG-316,Technical spec Conversion: spare parts BOMs,task,Done,done,u-mariana.muller,Mariana Müller,3,points,2026-07-15,,ERPMFG-70,ERPMFG-279,2026-06-24T06:39:54Z,2026-08-14T21:55:45Z,2026-08-14T11:41:24Z,pm;wave1;wricef
ERPMFG,Aurora ERP: Manufacturing & Quality,ERPMFG-317,Unit test Report: routings and work centers Guelph line 2,task,In Progress,in_progress,u-henrique.chen,Henrique Chen,5,points,,2026-08-22,ERPMFG-76,ERPMFG-278,2026-06-24T13:22:10Z,2026-08-23T17:42:05Z,,pp;wave1;wricef
ERPMFG,Aurora ERP: Manufacturing & Quality,ERPMFG-318,Technical spec Enhancement: operator dashboards for plant 1100 Guelph,task,Done,done,u-kevin.lavoie,Kevin Lavoie,,points,,,ERPMFG-69,ERPMFG-283,2026-06-24T19:27:15Z,2026-08-12T12:57:33Z,2026-08-11T07:33:45Z,pp-sfc;wave1;wricef
ERPMFG,Aurora ERP: Manufacturing & Quality,ERPMFG-319,SIT-1 Plan-to-Produce scenario 4 (PM),task,Closed,done,u-kevin.lavoie,Kevin Lavoie,3,points,,2026-07-25,ERPMFG-257,ERPMFG-430;ERPMFG-273,2026-06-25T17:57:57Z,2026-07-30T14:20:47Z,2026-07-28T21:44:18Z,pm;wave1;sit
ERPMFG,Aurora ERP: Manufacturing & Quality,ERPMFG-320,SIT-1 Order-to-Cash scenario 4 (PM),task,Closed,done,u-nikhil.chen,Nikhil Chen,,points,,2026-08-03,ERPMFG-257,ERPMFG-179;ERPMFG-196;ERPMFG-273,2026-06-26T22:59:23Z,2026-08-10T18:13:31Z,2026-08-10T16:13:12Z,pm;wave1;sit
ERPMFG,Aurora ERP: Manufacturing & Quality,ERPMFG-321,SIT-1 Hire-to-Retire scenario 1 (PP-SFC),task,Closed,done,u-kevin.lavoie,Kevin Lavoie,5,points,2026-07-14,,,ERPMFG-94;ERPMFG-232,2026-06-27T09:49:07Z,2026-08-09T20:58:12Z,2026-08-08T03:47:16Z,pp-sfc;wave1;sit
ERPMFG,Aurora ERP: Manufacturing & Quality,ERPMFG-322,Build Enhancement: operator dashboards for plant 1100 Guelph,story,Blocked,in_progress,u-sarah.muller,Sarah Müller,3,points,,2026-08-25,ERPMFG-69,ERPMFG-318;ERPMFG-94,2026-06-27T12:37:18Z,2026-08-17T19:01:33Z,,pp-sfc;wave1;wricef
ERPMFG,Aurora ERP: Manufacturing & Quality,ERPMFG-323,Unit test Form: OEE reporting feed,task,Closed,done,u-sarah.muller,Sarah Müller,5,points,,2026-08-01,ERPMFG-69,ERPMFG-229,2026-06-27T13:35:17Z,2026-08-04T00:30:33Z,2026-08-04T00:19:01Z,pp-sfc;wave1;wricef
ERPMFG,Aurora ERP: Manufacturing & Quality,ERPMFG-324,SIT-1 Plan-to-Produce scenario 6 (PM),task,Closed,done,u-kevin.lavoie,Kevin Lavoie,8,points,,,ERPMFG-257,ERPMFG-117,2026-06-27T18:09:40Z,2026-07-22T16:05:06Z,2026-07-20T22:46:00Z,pm;wave1;sit
ERPMFG,Aurora ERP: Manufacturing & Quality,ERPMFG-325,SIT-1 Acquire-to-Retire scenario 4 (QM),task,Done,done,u-wendy.schmidt,Wendy Schmidt,5,points,,2026-08-09,ERPMFG-272,ERPMFG-228;ERPMFG-128;ERPMFG-211,2026-06-27T19:09:54Z,2026-08-17T13:55:41Z,2026-08-16T10:33:17Z,qm;wave1;sit
ERPMFG,Aurora ERP: Manufacturing & Quality,ERPMFG-326,Defect: EDI 856 missing pallet level (PM),bug,Closed,done,u-mariana.muller,Mariana Müller,5,points,2026-07-25,,ERPMFG-257,,2026-06-28T02:34:14Z,2026-08-20T15:23:46Z,2026-08-18T21:04:03Z,pm;wave1;sit;defect
ERPMFG,Aurora ERP: Manufacturing & Quality,ERPMFG-327,SIT-1 Plan-to-Produce scenario 1 (PM),task,Closed,done,u-henrique.chen,Henrique Chen,2,points,2026-07-02,,ERPMFG-257,ERPMFG-179;ERPMFG-106;ERPMFG-273,2026-06-28T11:32:56Z,2026-07-28T11:13:02Z,2026-07-27T15:24:48Z,pm;wave1;sit
ERPMFG,Aurora ERP: Manufacturing & Quality,ERPMFG-328,SIT-1 Order-to-Cash scenario 3 (PM),task,Done,done,u-nikhil.chen,Nikhil Chen,13,points,,2026-08-01,ERPMFG-257,ERPMFG-106;ERPMFG-491,2026-06-28T14:10:51Z,2026-08-11T00:42:43Z,2026-08-09T11:06:47Z,pm;wave1;sit
ERPMFG,Aurora ERP: Manufacturing & Quality,ERPMFG-329,Configure labor confirmation via barcode for plant 1100 Guelph,story,Done,done,u-sarah.muller,Sarah Müller,3,points,,2026-08-10,ERPMFG-62,ERPMFG-281,2026-06-28T22:00:16Z,2026-08-12T01:44:42Z,2026-08-11T17:39:36Z,pp-sfc;wave1;realize;config
ERPMFG,Aurora ERP: Manufacturing & Quality,ERPMFG-330,Functional spec: sampling procedures for plant 1100 Guelph,task,In Progress,in_progress,u-kevin.lavoie,Kevin Lavoie,2,points,2026-07-13,2026-08-18,ERPMFG-66,,2026-06-29T06:07:05Z,2026-06-29T06:07:05Z,,qm;wave1;realize
ERPMFG,Aurora ERP: Manufacturing & Quality,ERPMFG-331,SIT-1 Hire-to-Retire scenario 3 (PP-SFC),task,Done,done,u-sarah.muller,Sarah Müller,5,points,2026-07-14,,ERPMFG-282,ERPMFG-329;ERPMFG-94,2026-06-29T13:27:31Z,2026-08-07T03:38:24Z,2026-08-05T06:37:12Z,pp-sfc;wave1;sit
ERPMFG,Aurora ERP: Manufacturing & Quality,ERPMFG-332,Configure scrap reporting for plant 1100 Guelph,story,Backlog,todo,u-sarah.muller,Sarah Müller,2,points,,2026-08-28,ERPMFG-81,,2026-06-30T05:08:35Z,2026-06-30T05:08:35Z,,pp;wave1;realize;config
ERPMFG,Aurora ERP: Manufacturing & Quality,ERPMFG-333,SIT-1 Plan-to-Produce scenario 3 (QM),task,Done,done,u-mariana.muller,Mariana Müller,5,points,,,ERPMFG-272,ERPMFG-293;ERPMFG-128,2026-06-30T07:15:46Z,2026-07-24T20:30:26Z,2026-07-24T12:36:11Z,qm;wave1;sit
ERPMFG,Aurora ERP: Manufacturing & Quality,ERPMFG-334,Unit test Workflow: equipment hierarchy and functional locations for plant 1100 Guelph,task,Done,done,u-henrique.chen,Henrique Chen,8,points,2026-07-21,2026-08-17,ERPMFG-70,ERPMFG-260,2026-06-30T07:21:55Z,2026-08-24T00:00:00Z,,pm;wave1;wricef
ERPMFG,Aurora ERP: Manufacturing & Quality,ERPMFG-335,Technical spec Workflow: rework order process,task,Closed,done,u-henrique.reddy,Henrique Reddy,8,points,,2026-07-31,,ERPMFG-241,2026-06-30T12:08:04Z,2026-08-03T02:37:45Z,2026-08-02T23:43:28Z,pp;wave1;wricef
ERPMFG,Aurora ERP: Manufacturing & Quality,ERPMFG-336,SIT-1 Acquire-to-Retire scenario 2 (PM),task,Closed,done,u-nikhil.almeida,Nikhil Almeida,1,points,,,ERPMFG-257,ERPMFG-100,2026-06-30T13:28:02Z,2026-08-20T21:37:02Z,2026-08-19T19:32:40Z,pm;wave1;sit
ERPMFG,Aurora ERP: Manufacturing & Quality,ERPMFG-337,SIT-1 Record-to-Report scenario 1 (PP-SFC),task,Closed,done,u-kevin.lavoie,Kevin Lavoie,8,points,,,ERPMFG-282,ERPMFG-215;ERPMFG-115,2026-06-30T14:41:19Z,2026-08-13T21:05:27Z,2026-08-12T02:50:50Z,pp-sfc;wave1;sit
ERPMFG,Aurora ERP: Manufacturing & Quality,ERPMFG-338,Unit test: routings and work centers Guelph line 2 for plant 1100 Guelph,task,Closed,done,,,3,points,2026-07-07,,ERPMFG-81,ERPMFG-252,2026-06-30T16:32:07Z,2026-08-14T14:18:32Z,2026-08-13T04:59:30Z,pp;wave1;realize
ERPMFG,Aurora ERP: Manufacturing & Quality,ERPMFG-339,Unit test: production order type ZP01 for plant 1100 Guelph,task,In Progress,in_progress,u-kevin.lavoie,Kevin Lavoie,8,points,,2026-08-28,ERPMFG-81,ERPMFG-309,2026-06-30T23:13:27Z,2026-08-12T20:14:09Z,,pp;wave1;realize
ERPMFG,Aurora ERP: Manufacturing & Quality,ERPMFG-340,SIT-1 Plan-to-Produce scenario 1 (QM),task,Done,done,u-sarah.muller,Sarah Müller,3,points,,2026-07-29,ERPMFG-272,ERPMFG-228,2026-07-01T12:29:46Z,2026-07-29T10:03:13Z,2026-07-27T16:01:49Z,qm;wave1;sit
ERPMFG,Aurora ERP: Manufacturing & Quality,ERPMFG-341,SIT-1 Plan-to-Produce scenario 5 (QM),task,Done,done,u-kevin.lavoie,Kevin Lavoie,1,points,,,ERPMFG-272,ERPMFG-189,2026-07-01T13:31:42Z,2026-07-27T09:42:27Z,2026-07-26T05:54:36Z,qm;wave1;sit
ERPMFG,Aurora ERP: Manufacturing & Quality,ERPMFG-342,Unit test Interface: quality notifications Q1/Q2,task,Done,done,u-henrique.reddy,Henrique Reddy,13,points,2026-07-25,,ERPMFG-72,ERPMFG-270,2026-07-01T14:36:08Z,2026-08-24T00:00:00Z,2026-08-24T14:55:29Z,qm;wave1;wricef
ERPMFG,Aurora ERP: Manufacturing & Quality,ERPMFG-343,SIT-1 Order-to-Cash scenario 4 (PP),task,Closed,done,,,5,points,,,ERPMFG-249,ERPMFG-332;ERPMFG-309,2026-07-02T09:32:26Z,2026-07-28T11:30:12Z,2026-07-27T07:44:49Z,pp;wave1;sit
ERPMFG,Aurora ERP: Manufacturing & Quality,ERPMFG-344,SIT-1 Record-to-Report scenario 2 (PP-SFC),task,Blocked,in_progress,u-yuki.pereira,Yuki Pereira,13,points,,2026-08-04,ERPMFG-282,ERPMFG-115;ERPMFG-246,2026-07-02T12:38:34Z,2026-08-12T20:20:22Z,,pp-sfc;wave1;sit
ERPMFG,Aurora ERP: Manufacturing & Quality,ERPMFG-345,Configure sampling procedures for plant 1100 Guelph,story,Closed,done,u-henrique.reddy,Henrique Reddy,3,points,,2026-08-18,ERPMFG-66,ERPMFG-330,2026-07-02T14:58:24Z,2026-08-23T09:22:39Z,2026-08-21T09:40:05Z,qm;wave1;realize;config
ERPMFG,Aurora ERP: Manufacturing & Quality,ERPMFG-346,Defect: confirmation from MES fails for rework orders (PP-SFC),bug,Closed,done,u-kevin.lavoie,Kevin Lavoie,8,points,,2026-08-14,ERPMFG-282,,2026-07-02T19:38:41Z,2026-08-21T16:09:49Z,2026-08-20T03:20:20Z,pp-sfc;wave1;sit;defect
ERPMFG,Aurora ERP: Manufacturing & Quality,ERPMFG-347,Defect: variant configuration price not recalculated (PP),bug,Closed,done,u-kevin.lavoie,Kevin Lavoie,5,points,2026-07-23,2026-08-10,ERPMFG-249,,2026-07-03T02:34:32Z,2026-08-12T17:03:54Z,2026-08-11T15:19:39Z,pp;wave1;sit;defect
ERPMFG,Aurora ERP: Manufacturing & Quality,ERPMFG-348,SIT-1 Order-to-Cash scenario 1 (PP-SFC),task,Done,done,u-renata.patel,Renata Patel,13,points,2026-07-25,,,ERPMFG-215,2026-07-03T03:38:25Z,2026-08-12T13:39:44Z,2026-08-11T10:08:58Z,pp-sfc;wave1;sit
ERPMFG,Aurora ERP: Manufacturing & Quality,ERPMFG-349,Functional spec Workflow: kanban replenishment,task,Blocked,in_progress,u-sarah.muller,Sarah Müller,13,points,,2026-08-26,ERPMFG-76,,2026-07-03T10:23:01Z,2026-08-20T12:10:25Z,,pp;wave1;wricef
ERPMFG,Aurora ERP: Manufacturing & Quality,ERPMFG-350,SIT-1 Record-to-Report scenario 3 (PP-SFC),task,To Do,todo,,,,points,,,ERPMFG-282,ERPMFG-94,2026-07-03T13:29:10Z,2026-07-07T08:00:36Z,,pp-sfc;wave1;sit
ERPMFG,Aurora ERP: Manufacturing & Quality,ERPMFG-351,SIT-1 Acquire-to-Retire scenario 3 (PP),task,Closed,done,u-sarah.muller,Sarah Müller,2,points,,2026-08-07,ERPMFG-249,ERPMFG-252,2026-07-03T17:43:12Z,2026-08-07T07:29:17Z,2026-08-06T09:24:21Z,pp;wave1;sit
ERPMFG,Aurora ERP: Manufacturing & Quality,ERPMFG-352,SIT-1 Procure-to-Pay scenario 2 (PP),task,Done,done,u-renata.patel,Renata Patel,8,points,,2026-07-26,ERPMFG-249,ERPMFG-231,2026-07-03T23:24:26Z,2026-07-27T16:04:35Z,2026-07-25T22:17:49Z,pp;wave1;sit
ERPMFG,Aurora ERP: Manufacturing & Quality,ERPMFG-353,SIT-1 Record-to-Report scenario 3 (QM),task,Done,done,u-henrique.chen,Henrique Chen,,points,,2026-08-04,ERPMFG-272,ERPMFG-228;ERPMFG-206,2026-07-04T00:36:20Z,2026-08-06T13:33:25Z,2026-08-04T16:08:25Z,qm;wave1;sit
ERPMFG,Aurora ERP: Manufacturing & Quality,ERPMFG-354,SIT-1 Acquire-to-Retire scenario 1 (PP),task,Closed,done,u-wendy.schmidt,Wendy Schmidt,5,points,,2026-08-08,ERPMFG-249,ERPMFG-425;ERPMFG-112;ERPMFG-88,2026-07-04T13:21:28Z,2026-08-06T03:18:53Z,2026-08-05T08:21:53Z,pp;wave1;sit
ERPMFG,Aurora ERP: Manufacturing & Quality,ERPMFG-355,SIT-1 Order-to-Cash scenario 3 (PP),task,Done,done,u-wendy.taylor,Wendy Taylor,5,points,2026-07-05,,ERPMFG-249,ERPMFG-97,2026-07-04T20:04:47Z,2026-07-23T18:20:20Z,2026-07-22T17:40:57Z,pp;wave1;sit
ERPMFG,Aurora ERP: Manufacturing & Quality,ERPMFG-356,SIT-1 Procure-to-Pay scenario 5 (PP),task,Done,done,u-sarah.muller,Sarah Müller,2,points,2026-07-12,,ERPMFG-249,ERPMFG-332;ERPMFG-252;ERPMFG-250;ERPMFG-445,2026-07-05T05:00:06Z,2026-07-31T16:00:21Z,2026-07-30T22:09:24Z,pp;wave1;sit
ERPMFG,Aurora ERP: Manufacturing & Quality,ERPMFG-357,SIT-1 Order-to-Cash scenario 1 (PM),task,Closed,done,u-sarah.muller,Sarah Müller,2,points,,2026-08-01,ERPMFG-257,ERPMFG-117;ERPMFG-106,2026-07-05T05:18:21Z,2026-08-03T02:50:31Z,2026-08-02T14:19:02Z,pm;wave1;sit
ERPMFG,Aurora ERP: Manufacturing & Quality,ERPMFG-358,Configure downtime reason codes for plant 1100 Guelph,story,Ready,todo,u-henrique.chen,Henrique Chen,5,points,,2026-08-28,ERPMFG-62,,2026-07-05T11:06:59Z,2026-07-05T11:06:59Z,,pp-sfc;wave1;realize;config
ERPMFG,Aurora ERP: Manufacturing & Quality,ERPMFG-359,Defect: pricing condition not applied on returns (PP),bug,Closed,done,u-kevin.lavoie,Kevin Lavoie,8,points,,2026-08-15,ERPMFG-249,,2026-07-05T16:13:13Z,2026-08-24T00:00:00Z,2026-08-23T04:40:10Z,pp;wave1;sit;defect
ERPMFG,Aurora ERP: Manufacturing & Quality,ERPMFG-360,Defect: goods receipt posts to wrong valuation class (PP),bug,Backlog,todo,,,13,points,,,ERPMFG-249,,2026-07-06T01:18:25Z,2026-08-22T15:45:17Z,,pp;wave1;sit;defect
ERPMFG,Aurora ERP: Manufacturing & Quality,ERPMFG-361,Defect: dunning letter uses wrong language for Quebec customers (PP-SFC),bug,Closed,done,u-gustavo.nguyen,Gustavo Nguyen,3,points,,2026-08-14,ERPMFG-282,,2026-07-07T00:52:51Z,2026-08-15T23:49:28Z,2026-08-14T02:28:23Z,pp-sfc;wave1;sit;defect
ERPMFG,Aurora ERP: Manufacturing & Quality,ERPMFG-362,SIT-1 Procure-to-Pay scenario 7 (PP),task,Closed,done,u-henrique.chen,Henrique Chen,2,points,2026-07-13,,ERPMFG-249,ERPMFG-207;ERPMFG-86;ERPMFG-252,2026-07-07T05:44:16Z,2026-07-28T18:50:45Z,2026-07-27T09:32:14Z,pp;wave1;sit
ERPMFG,Aurora ERP: Manufacturing & Quality,ERPMFG-363,SIT-1 Order-to-Cash scenario 5 (PP-SFC),task,Closed,done,u-wendy.schmidt,Wendy Schmidt,3,points,,,ERPMFG-282,ERPMFG-137;ERPMFG-493,2026-07-07T07:41:22Z,2026-08-19T15:33:57Z,2026-08-17T20:51:10Z,pp-sfc;wave1;sit
ERPMFG,Aurora ERP: Manufacturing & Quality,ERPMFG-364,SIT-1 Record-to-Report scenario 4 (PP-SFC),task,Done,done,u-kevin.lavoie,Kevin Lavoie,,points,,2026-08-06,ERPMFG-282,ERPMFG-246,2026-07-07T11:39:00Z,2026-08-09T05:28:41Z,2026-08-07T23:51:07Z,pp-sfc;wave1;sit
ERPMFG,Aurora ERP: Manufacturing & Quality,ERPMFG-365,SIT-1 Acquire-to-Retire scenario 2 (PP),task,Done,done,u-mariana.muller,Mariana Müller,2,points,,2026-08-04,ERPMFG-249,ERPMFG-207;ERPMFG-245,2026-07-08T10:47:49Z,2026-08-14T18:39:19Z,2026-08-13T08:48:40Z,pp;wave1;sit
ERPMFG,Aurora ERP: Manufacturing & Quality,ERPMFG-366,Defect: batch determination ignores shelf life (PM),bug,Closed,done,u-kevin.lavoie,Kevin Lavoie,13,points,,,ERPMFG-257,,2026-07-08T16:03:22Z,2026-08-24T00:00:00Z,2026-08-24T18:24:17Z,pm;wave1;sit;defect
ERPMFG,Aurora ERP: Manufacturing & Quality,ERPMFG-367,SIT-1 Order-to-Cash scenario 6 (PP-SFC),task,Closed,done,u-sarah.muller,Sarah Müller,3,points,2026-07-26,,ERPMFG-282,ERPMFG-329;ERPMFG-215;ERPMFG-94,2026-07-08T18:48:39Z,2026-08-06T09:38:27Z,2026-08-06T02:43:49Z,pp-sfc;wave1;sit
ERPMFG,Aurora ERP: Manufacturing & Quality,ERPMFG-368,Configure rework order process for plant 1100 Guelph,story,In Progress,in_progress,u-nikhil.almeida,Nikhil Almeida,,points,,,ERPMFG-81,,2026-07-08T20:38:47Z,2026-08-21T10:47:24Z,,pp;wave1;realize;config
ERPMFG,Aurora ERP: Manufacturing & Quality,ERPMFG-369,Defect: ATP confirms quantity beyond safety stock (PP-SFC),bug,In Progress,in_progress,u-kevin.lavoie,Kevin Lavoie,3,points,2026-08-06,,ERPMFG-282,,2026-07-08T20:57:12Z,2026-08-17T14:40:03Z,,pp-sfc;wave1;sit;defect
ERPMFG,Aurora ERP: Manufacturing & Quality,ERPMFG-370,SIT-1 Acquire-to-Retire scenario 1 (QM),task,Closed,done,u-sarah.muller,Sarah Müller,2,points,,2026-08-14,ERPMFG-272,ERPMFG-80,2026-07-08T22:17:01Z,2026-08-11T10:45:10Z,2026-08-10T23:07:55Z,qm;wave1;sit
ERPMFG,Aurora ERP: Manufacturing & Quality,ERPMFG-371,Defect: usage decision does not release stock (PM),bug,Backlog,todo,u-sarah.muller,Sarah Müller,3,points,,2026-08-17,ERPMFG-257,,2026-07-09T07:20:23Z,2026-08-23T17:29:35Z,,pm;wave1;sit;defect
ERPMFG,Aurora ERP: Manufacturing & Quality,ERPMFG-372,SIT-1 Acquire-to-Retire scenario 2 (QM),task,Closed,done,u-kevin.lavoie,Kevin Lavoie,8,points,2026-07-22,2026-08-12,ERPMFG-272,ERPMFG-128,2026-07-09T09:41:00Z,2026-08-10T19:49:19Z,2026-08-09T06:43:43Z,qm;wave1;sit
ERPMFG,Aurora ERP: Manufacturing & Quality,ERPMFG-373,SIT-1 Record-to-Report scenario 1 (QM),task,Closed,done,u-mariana.muller,Mariana Müller,5,points,2026-07-14,,ERPMFG-272,ERPMFG-211;ERPMFG-80;ERPMFG-78,2026-07-09T10:18:13Z,2026-08-14T10:53:32Z,2026-08-12T15:36:37Z,qm;wave1;sit
ERPMFG,Aurora ERP: Manufacturing & Quality,ERPMFG-374,SIT-1 Procure-to-Pay scenario 6 (PP),task,Closed,done,u-nikhil.almeida,Nikhil Almeida,8,points,,2026-07-28,ERPMFG-249,ERPMFG-298;ERPMFG-112,2026-07-09T22:13:30Z,2026-08-01T08:10:31Z,2026-07-30T16:20:40Z,pp;wave1;sit
ERPMFG,Aurora ERP: Manufacturing & Quality,ERPMFG-375,SIT-1 Hire-to-Retire scenario 4 (PP-SFC),task,Closed,done,u-kevin.lavoie,Kevin Lavoie,2,points,,2026-07-27,ERPMFG-282,ERPMFG-94;ERPMFG-215;ERPMFG-137,2026-07-10T08:08:58Z,2026-07-26T06:13:35Z,2026-07-25T01:44:29Z,pp-sfc;wave1;sit
ERPMFG,Aurora ERP: Manufacturing & Quality,ERPMFG-376,SIT-1 Procure-to-Pay scenario 1 (PP),task,In Progress,in_progress,u-gustavo.nguyen,Gustavo Nguyen,3,points,,2026-07-30,ERPMFG-249,ERPMFG-97;ERPMFG-368,2026-07-10T11:19:52Z,2026-08-23T18:03:08Z,,pp;wave1;sit
ERPMFG,Aurora ERP: Manufacturing & Quality,ERPMFG-377,Defect: RL-1 box 14 miscalculated for Quebec employees (QM),bug,In Progress,in_progress,u-kevin.lavoie,Kevin Lavoie,2,points,,2026-08-18,ERPMFG-272,,2026-07-11T14:01:51Z,2026-07-11T14:01:51Z,,qm;wave1;sit;defect
ERPMFG,Aurora ERP: Manufacturing & Quality,ERPMFG-378,Defect: goods receipt posts to wrong valuation class (PP),bug,Closed,done,u-kevin.lavoie,Kevin Lavoie,5,points,,2026-08-18,ERPMFG-249,,2026-07-11T17:02:36Z,2026-08-17T19:27:45Z,,pp;wave1;sit;defect
ERPMFG,Aurora ERP: Manufacturing & Quality,ERPMFG-379,Build Workflow: rework order process,story,Closed,done,u-sarah.muller,Sarah Müller,2,points,,2026-08-24,ERPMFG-76,ERPMFG-335;ERPMFG-156,2026-07-11T23:22:09Z,2026-08-24T00:00:00Z,2026-08-24T13:20:26Z,pp;wave1;wricef
ERPMFG,Aurora ERP: Manufacturing & Quality,ERPMFG-380,SIT-1 Acquire-to-Retire scenario 4 (PP),task,Closed,done,u-renata.patel,Renata Patel,13,points,,2026-08-06,ERPMFG-249,ERPMFG-158;ERPMFG-207;ERPMFG-298,2026-07-12T01:17:47Z,2026-08-07T19:00:26Z,2026-08-07T09:54:57Z,pp;wave1;sit
ERPMFG,Aurora ERP: Manufacturing & Quality,ERPMFG-381,Unit test: capacity planning profiles for plant 1100 Guelph,task,Ready,todo,u-sarah.muller,Sarah Müller,8,points,,2026-08-28,ERPMFG-81,ERPMFG-258,2026-07-12T02:44:06Z,2026-07-12T02:44:06Z,,pp;wave1;realize
ERPMFG,Aurora ERP: Manufacturing & Quality,ERPMFG-382,SIT-1 Order-to-Cash scenario 4 (PP-SFC),task,Closed,done,u-mariana.muller,Mariana Müller,5,points,2026-07-26,2026-08-09,ERPMFG-282,ERPMFG-232;ERPMFG-115,2026-07-12T06:25:45Z,2026-08-13T07:27:35Z,2026-08-11T21:15:28Z,pp-sfc;wave1;sit
ERPMFG,Aurora ERP: Manufacturing & Quality,ERPMFG-383,Defect: inbound ASN creates duplicate handling units (PM),bug,Closed,done,u-renata.patel,Renata Patel,3,points,,2026-08-22,ERPMFG-257,,2026-07-12T09:20:53Z,2026-08-21T05:43:06Z,2026-08-20T21:54:52Z,pm;wave1;sit;defect
ERPMFG,Aurora ERP: Manufacturing & Quality,ERPMFG-384,SIT-1 Order-to-Cash scenario 7 (PP-SFC),task,Closed,done,u-nikhil.almeida,Nikhil Almeida,3,points,,,ERPMFG-282,ERPMFG-329;ERPMFG-215,2026-07-13T03:06:08Z,2026-08-24T00:00:00Z,2026-08-23T23:55:43Z,pp-sfc;wave1;sit
ERPMFG,Aurora ERP: Manufacturing & Quality,ERPMFG-385,SIT-1 Order-to-Cash scenario 3 (PP-SFC),task,Closed,done,u-gustavo.nguyen,Gustavo Nguyen,8,points,2026-07-27,,ERPMFG-282,ERPMFG-137;ERPMFG-94,2026-07-13T15:51:55Z,2026-08-16T12:46:16Z,2026-08-14T22:30:30Z,pp-sfc;wave1;sit
ERPMFG,Aurora ERP: Manufacturing & Quality,ERPMFG-386,Functional spec: variant configuration for pump models for plant 1100 Guelph,task,To Do,todo,u-kevin.lavoie,Kevin Lavoie,2,points,,2026-08-28,ERPMFG-81,,2026-07-13T21:04:09Z,2026-07-13T21:04:09Z,,pp;wave1;realize
ERPMFG,Aurora ERP: Manufacturing & Quality,ERPMFG-387,Unit test Report: downtime reason codes,task,Done,done,u-sarah.muller,Sarah Müller,2,points,,,ERPMFG-69,ERPMFG-259,2026-07-13T21:26:13Z,2026-08-24T00:00:00Z,2026-08-24T12:07:02Z,pp-sfc;wave1;wricef
ERPMFG,Aurora ERP: Manufacturing & Quality,ERPMFG-388,Functional spec: spare parts BOMs for plant 1100 Guelph,task,In Progress,in_progress,u-sarah.muller,Sarah Müller,,points,,2026-08-25,ERPMFG-55,,2026-07-13T22:13:47Z,2026-08-12T12:01:05Z,,pm;wave1;realize
ERPMFG,Aurora ERP: Manufacturing & Quality,ERPMFG-389,SIT-2 Order-to-Cash scenario 1 (PP),task,In Progress,in_progress,u-nikhil.almeida,Nikhil Almeida,5,points,,2026-08-30,ERPMFG-249,ERPMFG-277;ERPMFG-392,2026-07-14T07:08:13Z,2026-08-21T07:13:15Z,,pp;wave1;sit
ERPMFG,Aurora ERP: Manufacturing & Quality,ERPMFG-390,Technical spec Form: quality notifications Q1/Q2 for plant 1100 Guelph,task,In Review,in_progress,u-wendy.taylor,Wendy Taylor,8,points,,,ERPMFG-72,ERPMFG-285,2026-07-14T09:08:08Z,2026-08-22T17:24:06Z,,qm;wave1;wricef
ERPMFG,Aurora ERP: Manufacturing & Quality,ERPMFG-391,Unit test Workflow: rework order process,task,Backlog,todo,,,8,points,,2026-08-26,ERPMFG-76,ERPMFG-379,2026-07-14T14:28:53Z,2026-08-21T19:10:50Z,,pp;wave1;wricef
ERPMFG,Aurora ERP: Manufacturing & Quality,ERPMFG-392,Unit test: rework order process for plant 1100 Guelph,task,To Do,todo,,,1,points,2026-08-10,,ERPMFG-81,ERPMFG-368,2026-07-15T03:50:02Z,2026-08-22T13:33:41Z,,pp;wave1;realize
ERPMFG,Aurora ERP: Manufacturing & Quality,ERPMFG-393,SIT-2 Order-to-Cash scenario 5 (PP),task,In Review,in_progress,u-renata.patel,Renata Patel,13,points,,2026-08-26,ERPMFG-249,ERPMFG-312;ERPMFG-347,2026-07-16T04:23:44Z,2026-08-18T14:22:57Z,,pp;wave1;sit
ERPMFG,Aurora ERP: Manufacturing & Quality,ERPMFG-394,Technical spec Interface: labor confirmation via barcode,task,Blocked,in_progress,u-wendy.taylor,Wendy Taylor,3,points,,2026-08-25,,ERPMFG-422,2026-07-16T21:36:34Z,2026-08-19T15:20:22Z,,pp-sfc;wave1;wricef
ERPMFG,Aurora ERP: Manufacturing & Quality,ERPMFG-395,Unit test: preventive maintenance strategy for plant 1100 Guelph,task,Backlog,todo,u-nikhil.almeida,Nikhil Almeida,2,points,,2026-08-25,,ERPMFG-273,2026-07-17T06:47:24Z,2026-07-17T06:47:24Z,,pm;wave1;realize
ERPMFG,Aurora ERP: Manufacturing & Quality,ERPMFG-396,Authorization role for routings and work centers Guelph line 2 for plant 1100 Guelph,task,In Review,in_progress,u-wendy.schmidt,Wendy Schmidt,3,points,,2026-08-27,ERPMFG-81,ERPMFG-252,2026-07-17T07:14:37Z,2026-08-23T21:06:11Z,,pp;wave1;realize;security
ERPMFG,Aurora ERP: Manufacturing & Quality,ERPMFG-397,Defect: batch determination ignores shelf life (QM),bug,Done,done,u-kevin.lavoie,Kevin Lavoie,2,points,2026-08-08,,ERPMFG-272,,2026-07-17T09:54:15Z,2026-08-24T00:00:00Z,2026-08-24T16:51:46Z,qm;wave1;sit;defect
ERPMFG,Aurora ERP: Manufacturing & Quality,ERPMFG-398,Defect: dunning letter uses wrong language for Quebec customers (PP-SFC),bug,Blocked,in_progress,u-nikhil.almeida,Nikhil Almeida,5,points,,,ERPMFG-282,,2026-07-17T10:24:26Z,2026-08-12T18:34:36Z,,pp-sfc;wave1;sit;defect
ERPMFG,Aurora ERP: Manufacturing & Quality,ERPMFG-399,Configure kanban replenishment for plant 1100 Guelph,story,In Progress,in_progress,u-renata.patel,Renata Patel,,points,2026-08-03,2026-08-28,ERPMFG-81,,2026-07-17T11:42:13Z,2026-08-13T11:27:31Z,,pp;wave1;realize;config
ERPMFG,Aurora ERP: Manufacturing & Quality,ERPMFG-400,Unit test: certificates of analysis for plant 1100 Guelph,task,Blocked,in_progress,u-sarah.muller,Sarah Müller,5,points,,2026-08-18,ERPMFG-66,ERPMFG-293,2026-07-18T11:40:24Z,2026-08-15T10:38:56Z,2026-08-13T00:58:44Z,qm;wave1;realize
ERPMFG,Aurora ERP: Manufacturing & Quality,ERPMFG-401,Defect: Fiori tile shows stale inventory figures (QM),bug,Ready,todo,,,5,points,2026-07-30,,ERPMFG-272,,2026-07-18T11:47:21Z,2026-07-18T11:47:21Z,,qm;wave1;sit;defect
ERPMFG,Aurora ERP: Manufacturing & Quality,ERPMFG-402,SIT-1 Acquire-to-Retire scenario 3 (PM),task,Closed,done,u-sarah.muller,Sarah Müller,2,points,2026-07-21,,ERPMFG-257,ERPMFG-168,2026-07-18T12:12:28Z,2026-08-15T12:51:04Z,2026-08-14T10:58:10Z,pm;wave1;sit
ERPMFG,Aurora ERP: Manufacturing & Quality,ERPMFG-403,SIT-2 Hire-to-Retire scenario 3 (PP-SFC),task,In Progress,in_progress,u-renata.patel,Renata Patel,5,points,2026-08-15,,ERPMFG-282,ERPMFG-331;ERPMFG-436,2026-07-18T16:51:12Z,2026-08-17T13:04:04Z,,pp-sfc;wave1;sit
ERPMFG,Aurora ERP: Manufacturing & Quality,ERPMFG-404,SIT-1 Acquire-to-Retire scenario 3 (QM),task,Done,done,u-sarah.muller,Sarah Müller,1,points,2026-07-22,2026-08-15,ERPMFG-272,ERPMFG-228;ERPMFG-128,2026-07-18T21:21:19Z,2026-08-12T16:43:08Z,2026-08-10T22:48:56Z,qm;wave1;sit
ERPMFG,Aurora ERP: Manufacturing & Quality,ERPMFG-405,SIT-2 Order-to-Cash scenario 3 (PP),task,In Progress,in_progress,u-kevin.lavoie,Kevin Lavoie,2,points,,,ERPMFG-249,ERPMFG-355,2026-07-19T02:50:00Z,2026-08-15T08:43:24Z,,pp;wave1;sit
ERPMFG,Aurora ERP: Manufacturing & Quality,ERPMFG-406,SIT-1 Acquire-to-Retire scenario 4 (PM),task,Closed,done,u-wendy.schmidt,Wendy Schmidt,8,points,,2026-08-10,ERPMFG-257,ERPMFG-117,2026-07-19T03:51:59Z,2026-08-09T04:28:37Z,2026-08-07T06:12:47Z,pm;wave1;sit
ERPMFG,Aurora ERP: Manufacturing & Quality,ERPMFG-407,Defect: RL-1 box 14 miscalculated for Quebec employees (PP-SFC),bug,Done,done,u-sarah.muller,Sarah Müller,5,points,,2026-08-16,ERPMFG-282,,2026-07-19T06:19:59Z,2026-08-24T00:00:00Z,2026-08-24T15:03:35Z,pp-sfc;wave1;sit;defect
ERPMFG,Aurora ERP: Manufacturing & Quality,ERPMFG-408,Build Conversion: spare parts BOMs,story,Closed,done,u-nikhil.almeida,Nikhil Almeida,8,points,2026-08-01,2026-08-17,ERPMFG-70,ERPMFG-316;ERPMFG-313,2026-07-19T23:17:15Z,2026-08-17T07:02:35Z,,pm;wave1;wricef
ERPMFG,Aurora ERP: Manufacturing & Quality,ERPMFG-409,SIT-1 Acquire-to-Retire scenario 1 (PM),task,To Do,todo,u-kevin.lavoie,Kevin Lavoie,5,points,2026-07-22,,ERPMFG-257,ERPMFG-204;ERPMFG-179,2026-07-20T03:54:40Z,2026-07-20T03:54:40Z,,pm;wave1;sit
ERPMFG,Aurora ERP: Manufacturing & Quality,ERPMFG-410,Technical spec Conversion: shop floor papers for plant 1100 Guelph,task,Ready,todo,u-kevin.lavoie,Kevin Lavoie,8,points,,2026-08-25,ERPMFG-69,ERPMFG-297,2026-07-20T13:55:36Z,2026-07-20T13:55:36Z,,pp-sfc;wave1;wricef
ERPMFG,Aurora ERP: Manufacturing & Quality,ERPMFG-411,Defect: batch determination ignores shelf life (PM),bug,In Progress,in_progress,u-wendy.taylor,Wendy Taylor,13,points,,2026-09-05,ERPMFG-257,,2026-07-20T17:18:41Z,2026-08-24T00:00:00Z,,pm;wave1;sit;defect
ERPMFG,Aurora ERP: Manufacturing & Quality,ERPMFG-412,Defect: EDI 856 missing pallet level (PP),bug,Blocked,in_progress,,,8,points,,2026-08-24,ERPMFG-249,,2026-07-21T17:39:21Z,2026-08-14T15:37:57Z,,pp;wave1;sit;defect
ERPMFG,Aurora ERP: Manufacturing & Quality,ERPMFG-413,Defect: bank statement posts to suspense account (PP),bug,Ready,todo,,,13,points,2026-08-06,2026-08-23,ERPMFG-249,,2026-07-21T18:08:41Z,2026-08-14T10:15:03Z,,pp;wave1;sit;defect
ERPMFG,Aurora ERP: Manufacturing & Quality,ERPMFG-414,SIT-2 Plan-to-Produce scenario 4 (PM),task,Blocked,in_progress,u-sarah.muller,Sarah Müller,2,points,2026-08-19,,ERPMFG-257,ERPMFG-319;ERPMFG-371,2026-07-21T18:42:23Z,2026-08-15T10:39:02Z,2026-08-13T04:29:37Z,pm;wave1;sit
ERPMFG,Aurora ERP: Manufacturing & Quality,ERPMFG-415,SIT-2 Hire-to-Retire scenario 2 (PP-SFC),task,In Progress,in_progress,u-kevin.lavoie,Kevin Lavoie,,points,2026-08-16,,ERPMFG-282,ERPMFG-314;ERPMFG-407,2026-07-22T23:49:47Z,2026-08-24T00:00:00Z,,pp-sfc;wave1;sit
ERPMFG,Aurora ERP: Manufacturing & Quality,ERPMFG-416,Defect: IDoc status 51 on customer master replication (PP),bug,Closed,done,u-henrique.chen,Henrique Chen,8,points,,2026-08-09,ERPMFG-249,ERPMFG-113,2026-07-23T13:17:15Z,2026-08-20T04:12:06Z,2026-08-19T12:30:24Z,pp;wave1;sit;defect
ERPMFG,Aurora ERP: Manufacturing & Quality,ERPMFG-417,Defect: MRP creates planned orders in closed periods (PP-SFC),bug,In Review,in_progress,u-nikhil.almeida,Nikhil Almeida,8,points,,2026-08-26,ERPMFG-282,,2026-07-23T15:42:11Z,2026-08-12T11:52:01Z,,pp-sfc;wave1;sit;defect
ERPMFG,Aurora ERP: Manufacturing & Quality,ERPMFG-418,Defect: Fiori tile shows stale inventory figures (PP),bug,In Progress,in_progress,u-sarah.muller,Sarah Müller,,points,,,ERPMFG-249,ERPMFG-391,2026-07-23T19:58:33Z,2026-08-14T18:57:13Z,,pp;wave1;sit;defect
ERPMFG,Aurora ERP: Manufacturing & Quality,ERPMFG-419,SIT-2 Record-to-Report scenario 2 (PP-SFC),task,To Do,todo,u-sarah.muller,Sarah Müller,1,points,,2026-09-06,ERPMFG-282,ERPMFG-344,2026-07-24T00:46:03Z,2026-07-24T00:46:03Z,,pp-sfc;wave1;sit
ERPMFG,Aurora ERP: Manufacturing & Quality,ERPMFG-420,Defect: batch determination ignores shelf life (QM),bug,In Progress,in_progress,u-mariana.muller,Mariana Müller,5,points,,,ERPMFG-272,,2026-07-24T02:16:17Z,2026-08-18T07:41:32Z,,qm;wave1;sit;defect
ERPMFG,Aurora ERP: Manufacturing & Quality,ERPMFG-421,Defect: RL-1 box 14 miscalculated for Quebec employees (PM),bug,Ready,todo,,,5,points,,2026-08-13,ERPMFG-257,,2026-07-24T04:28:55Z,2026-07-24T04:28:55Z,,pm;wave1;sit;defect
ERPMFG,Aurora ERP: Manufacturing & Quality,ERPMFG-422,Functional spec Interface: labor confirmation via barcode,task,Ready,todo,u-wendy.taylor,Wendy Taylor,,points,,2026-08-25,ERPMFG-69,,2026-07-24T13:02:23Z,2026-07-24T13:02:23Z,,pp-sfc;wave1;wricef
ERPMFG,Aurora ERP: Manufacturing & Quality,ERPMFG-423,SIT-2 Hire-to-Retire scenario 1 (PP-SFC),task,In Review,in_progress,u-sarah.muller,Sarah Müller,8,points,,2026-09-01,ERPMFG-282,ERPMFG-321;ERPMFG-346,2026-07-24T14:19:13Z,2026-08-16T10:13:45Z,,pp-sfc;wave1;sit
ERPMFG,Aurora ERP: Manufacturing & Quality,ERPMFG-424,Defect: dunning letter uses wrong language for Quebec customers (QM),bug,In Review,in_progress,u-sarah.muller,Sarah Müller,8,points,2026-07-27,2026-08-17,ERPMFG-272,,2026-07-25T23:24:54Z,2026-08-13T11:29:13Z,,qm;wave1;sit;defect
ERPMFG,Aurora ERP: Manufacturing & Quality,ERPMFG-425,Configure variant configuration for pump models for plant 1100 Guelph,story,To Do,todo,,,5,points,,2026-08-28,ERPMFG-81,ERPMFG-386,2026-07-25T23:41:20Z,2026-07-25T23:41:20Z,,pp;wave1;realize;config
ERPMFG,Aurora ERP: Manufacturing & Quality,ERPMFG-426,SIT-2 Procure-to-Pay scenario 6 (PP),task,In Progress,in_progress,u-mariana.muller,Mariana Müller,5,points,,,ERPMFG-249,ERPMFG-374;ERPMFG-359,2026-07-26T01:35:30Z,2026-07-26T01:35:30Z,,pp;wave1;sit
ERPMFG,Aurora ERP: Manufacturing & Quality,ERPMFG-427,Unit test: work order types and priorities for plant 1100 Guelph,task,In Review,in_progress,u-sarah.muller,Sarah Müller,8,points,,,ERPMFG-55,ERPMFG-313,2026-07-26T03:13:08Z,2026-08-17T14:09:49Z,,pm;wave1;realize
ERPMFG,Aurora ERP: Manufacturing & Quality,ERPMFG-428,Defect: batch determination ignores shelf life (PP-SFC),bug,In Progress,in_progress,,,8,points,,2026-08-28,ERPMFG-282,,2026-07-26T07:12:57Z,2026-07-26T07:12:57Z,,pp-sfc;wave1;sit;defect
ERPMFG,Aurora ERP: Manufacturing & Quality,ERPMFG-429,SIT-2 Hire-to-Retire scenario 4 (PP-SFC),task,To Do,todo,u-kevin.lavoie,Kevin Lavoie,2,points,2026-08-17,2026-08-29,ERPMFG-282,ERPMFG-375;ERPMFG-398,2026-07-26T16:20:42Z,2026-08-06T12:55:46Z,,pp-sfc;wave1;sit
ERPMFG,Aurora ERP: Manufacturing & Quality,ERPMFG-430,Configure spare parts BOMs for plant 1100 Guelph,story,In Review,in_progress,u-sarah.muller,Sarah Müller,,points,,,ERPMFG-55,ERPMFG-388,2026-07-27T00:52:28Z,2026-08-12T17:21:04Z,,pm;wave1;realize;config
ERPMFG,Aurora ERP: Manufacturing & Quality,ERPMFG-431,Unit test: sampling procedures for plant 1100 Guelph,task,In Progress,in_progress,u-nikhil.chen,Nikhil Chen,13,points,2026-08-19,,ERPMFG-66,ERPMFG-345,2026-07-27T01:40:07Z,2026-08-15T09:43:41Z,,qm;wave1;realize
ERPMFG,Aurora ERP: Manufacturing & Quality,ERPMFG-432,SIT-1 Order-to-Cash scenario 2 (PP-SFC),task,Closed,done,u-henrique.reddy,Henrique Reddy,3,points,,,ERPMFG-282,ERPMFG-215;ERPMFG-246;ERPMFG-358,2026-07-27T13:06:18Z,2026-08-16T14:13:45Z,2026-08-15T20:36:02Z,pp-sfc;wave1;sit
ERPMFG,Aurora ERP: Manufacturing & Quality,ERPMFG-433,Unit test: labor confirmation via barcode for plant 1100 Guelph,task,In Review,in_progress,,,13,points,,,ERPMFG-62,ERPMFG-329,2026-07-28T10:04:19Z,2026-08-22T07:59:24Z,,pp-sfc;wave1;realize
ERPMFG,Aurora ERP: Manufacturing & Quality,ERPMFG-434,Defect: inbound ASN creates duplicate handling units (QM),bug,To Do,todo,,,3,points,2026-08-18,2026-09-05,ERPMFG-272,,2026-07-28T14:42:21Z,2026-07-28T14:42:21Z,,qm;wave1;sit;defect
ERPMFG,Aurora ERP: Manufacturing & Quality,ERPMFG-435,SIT-2 Plan-to-Produce scenario 7 (PM),task,Backlog,todo,,,13,points,,2026-09-08,ERPMFG-257,ERPMFG-263,2026-07-28T15:37:56Z,2026-07-28T15:37:56Z,,pm;wave1;sit
ERPMFG,Aurora ERP: Manufacturing & Quality,ERPMFG-436,Defect: batch determination ignores shelf life (PP-SFC),bug,Closed,done,u-kevin.lavoie,Kevin Lavoie,5,points,,,ERPMFG-282,,2026-07-28T15:39:34Z,2026-08-22T14:32:42Z,2026-08-21T18:01:36Z,pp-sfc;wave1;sit;defect
ERPMFG,Aurora ERP: Manufacturing & Quality,ERPMFG-437,SIT-2 Acquire-to-Retire scenario 1 (PP),task,Backlog,todo,u-sarah.muller,Sarah Müller,8,points,,2026-09-14,ERPMFG-249,ERPMFG-354;ERPMFG-418,2026-07-28T18:09:52Z,2026-07-28T18:09:52Z,,pp;wave1;sit
ERPMFG,Aurora ERP: Manufacturing & Quality,ERPMFG-438,Authorization role for scrap reporting for plant 1100 Guelph,task,To Do,todo,u-henrique.chen,Henrique Chen,2,points,,,ERPMFG-81,ERPMFG-332,2026-07-28T19:18:18Z,2026-07-28T19:18:18Z,,pp;wave1;realize;security
ERPMFG,Aurora ERP: Manufacturing & Quality,ERPMFG-439,Authorization role for work order types and priorities for plant 1100 Guelph,task,Blocked,in_progress,u-kevin.lavoie,Kevin Lavoie,,points,,,ERPMFG-55,ERPMFG-313,2026-07-29T20:30:29Z,2026-07-29T20:30:29Z,,pm;wave1;realize;security
ERPMFG,Aurora ERP: Manufacturing & Quality,ERPMFG-440,Defect: pricing condition not applied on returns (PM),bug,In Review,in_progress,u-kevin.lavoie,Kevin Lavoie,2,points,,,ERPMFG-257,,2026-07-29T23:02:39Z,2026-07-29T23:02:39Z,,pm;wave1;sit;defect
ERPMFG,Aurora ERP: Manufacturing & Quality,ERPMFG-441,SIT-2 Procure-to-Pay scenario 1 (PP),task,In Progress,in_progress,u-kevin.lavoie,Kevin Lavoie,2,points,,2026-09-05,ERPMFG-249,ERPMFG-376;ERPMFG-360,2026-07-30T13:48:49Z,2026-08-12T21:02:07Z,,pp;wave1;sit
ERPMFG,Aurora ERP: Manufacturing & Quality,ERPMFG-442,Defect: pricing condition not applied on returns (PM),bug,In Review,in_progress,u-mariana.muller,Mariana Müller,5,points,,2026-08-21,ERPMFG-257,,2026-07-30T16:03:06Z,2026-08-24T00:00:00Z,,pm;wave1;sit;defect
ERPMFG,Aurora ERP: Manufacturing & Quality,ERPMFG-443,Defect: depreciation run skips assets acquired mid-month (QM),bug,In Progress,in_progress,u-kevin.lavoie,Kevin Lavoie,5,points,,2026-09-07,ERPMFG-272,,2026-07-30T19:55:07Z,2026-08-18T09:44:06Z,,qm;wave1;sit;defect
ERPMFG,Aurora ERP: Manufacturing & Quality,ERPMFG-444,Build Enhancement: variant configuration for pump models for plant 1100 Guelph,story,Ready,todo,u-sarah.muller,Sarah Müller,8,points,,,ERPMFG-76,ERPMFG-299;ERPMFG-86,2026-07-31T00:28:00Z,2026-08-05T20:21:07Z,,pp;wave1;wricef
ERPMFG,Aurora ERP: Manufacturing & Quality,ERPMFG-445,Defect: inbound ASN creates duplicate handling units (QM),bug,In Review,in_progress,u-sarah.muller,Sarah Müller,2,points,,2026-08-26,ERPMFG-272,ERPMFG-385,2026-07-31T01:41:36Z,2026-08-21T11:41:24Z,,qm;wave1;sit;defect
ERPMFG,Aurora ERP: Manufacturing & Quality,ERPMFG-446,SIT-2 Order-to-Cash scenario 2 (PM),task,In Progress,in_progress,u-kevin.lavoie,Kevin Lavoie,3,points,,,,ERPMFG-310;ERPMFG-383,2026-07-31T03:08:20Z,2026-08-12T15:55:38Z,,pm;wave1;sit
ERPMFG,Aurora ERP: Manufacturing & Quality,ERPMFG-447,SIT-2 Order-to-Cash scenario 2 (PP),task,Ready,todo,,,8,points,,2026-08-28,,ERPMFG-303,2026-07-31T07:35:29Z,2026-07-31T07:35:29Z,,pp;wave1;sit
ERPMFG,Aurora ERP: Manufacturing & Quality,ERPMFG-448,Technical spec Workflow: kanban replenishment,task,To Do,todo,,,5,points,,,ERPMFG-76,ERPMFG-349;ERPMFG-155,2026-07-31T13:12:36Z,2026-07-31T13:12:36Z,,pp;wave1;wricef
ERPMFG,Aurora ERP: Manufacturing & Quality,ERPMFG-449,Unit test: backflush and confirmation for plant 1100 Guelph,task,Done,done,u-kevin.lavoie,Kevin Lavoie,2,points,,2026-08-28,ERPMFG-81,ERPMFG-298,2026-07-31T18:21:48Z,2026-08-23T15:41:47Z,2026-08-23T10:38:15Z,pp;wave1;realize
ERPMFG,Aurora ERP: Manufacturing & Quality,ERPMFG-450,SIT-2 Plan-to-Produce scenario 3 (QM),task,To Do,todo,u-renata.patel,Renata Patel,8,points,,2026-09-11,ERPMFG-272,ERPMFG-333;ERPMFG-377,2026-08-01T19:51:45Z,2026-08-18T10:01:13Z,,qm;wave1;sit
ERPMFG,Aurora ERP: Manufacturing & Quality,ERPMFG-451,Defect: cost center hierarchy missing plant 1200 nodes (QM),bug,Done,done,u-henrique.chen,Henrique Chen,8,points,,2026-08-24,ERPMFG-272,,2026-08-02T03:58:12Z,2026-08-24T00:00:00Z,2026-08-24T19:02:48Z,qm;wave1;sit;defect
ERPMFG,Aurora ERP: Manufacturing & Quality,ERPMFG-452,SIT-2 Hire-to-Retire scenario 5 (PP-SFC),task,To Do,todo,u-henrique.reddy,Henrique Reddy,,points,,2026-08-31,ERPMFG-282,ERPMFG-291,2026-08-02T04:00:17Z,2026-08-03T20:42:57Z,,pp-sfc;wave1;sit
ERPMFG,Aurora ERP: Manufacturing & Quality,ERPMFG-453,Build Form: quality notifications Q1/Q2 for plant 1100 Guelph,story,In Progress,in_progress,u-wendy.schmidt,Wendy Schmidt,5,points,,2026-08-21,ERPMFG-72,ERPMFG-390;ERPMFG-345,2026-08-02T09:25:37Z,2026-08-19T07:31:26Z,,qm;wave1;wricef
ERPMFG,Aurora ERP: Manufacturing & Quality,ERPMFG-454,Unit test Form: labor confirmation via barcode for plant 1100 Guelph,task,In Review,in_progress,u-kevin.lavoie,Kevin Lavoie,2,points,2026-08-07,,ERPMFG-69,ERPMFG-287,2026-08-03T08:17:28Z,2026-08-16T18:41:35Z,,pp-sfc;wave1;wricef
ERPMFG,Aurora ERP: Manufacturing & Quality,ERPMFG-455,SIT-2 Order-to-Cash scenario 4 (PP),task,Blocked,in_progress,u-kevin.lavoie,Kevin Lavoie,3,points,2026-08-10,2026-08-28,ERPMFG-249,ERPMFG-343;ERPMFG-416,2026-08-03T13:22:20Z,2026-08-03T13:22:20Z,,pp;wave1;sit
ERPMFG,Aurora ERP: Manufacturing & Quality,ERPMFG-456,Build Workflow: kanban replenishment,story,Backlog,todo,,,8,points,2026-08-31,,ERPMFG-76,ERPMFG-448;ERPMFG-88,2026-08-04T05:46:29Z,2026-08-04T05:46:29Z,,pp;wave1;wricef
ERPMFG,Aurora ERP: Manufacturing & Quality,ERPMFG-457,SIT-2 Plan-to-Produce scenario 2 (PM),task,In Review,in_progress,u-sarah.muller,Sarah Müller,,points,,2026-09-07,ERPMFG-257,ERPMFG-284,2026-08-04T07:32:19Z,2026-08-09T17:34:22Z,,pm;wave1;sit
ERPMFG,Aurora ERP: Manufacturing & Quality,ERPMFG-458,Unit test: scrap reporting for plant 1100 Guelph,task,To Do,todo,,,5,points,,,ERPMFG-81,ERPMFG-332,2026-08-04T21:20:47Z,2026-08-04T21:20:47Z,,pp;wave1;realize
ERPMFG,Aurora ERP: Manufacturing & Quality,ERPMFG-459,Build Conversion: shop floor papers for plant 1100 Guelph,story,In Progress,in_progress,u-kevin.lavoie,Kevin Lavoie,3,points,2026-08-18,,ERPMFG-69,ERPMFG-410;ERPMFG-232,2026-08-04T22:38:59Z,2026-08-16T14:00:53Z,,pp-sfc;wave1;wricef
ERPMFG,Aurora ERP: Manufacturing & Quality,ERPMFG-460,SIT-2 Plan-to-Produce scenario 4 (QM),task,To Do,todo,u-mariana.muller,Mariana Müller,,points,,2026-09-08,ERPMFG-272,ERPMFG-288;ERPMFG-401,2026-08-04T23:44:24Z,2026-08-04T23:44:24Z,,qm;wave1;sit
ERPMFG,Aurora ERP: Manufacturing & Quality,ERPMFG-461,SIT-2 Order-to-Cash scenario 4 (PP-SFC),task,Backlog,todo,u-sarah.muller,Sarah Müller,5,points,,2026-09-11,ERPMFG-282,ERPMFG-382;ERPMFG-417;ERPMFG-364,2026-08-05T04:56:59Z,2026-08-05T04:56:59Z,,pp-sfc;wave1;sit
ERPMFG,Aurora ERP: Manufacturing & Quality,ERPMFG-462,SIT-2 Procure-to-Pay scenario 5 (PP),task,In Review,in_progress,u-sarah.muller,Sarah Müller,5,points,2026-08-21,2026-09-08,ERPMFG-249,ERPMFG-356,2026-08-05T10:45:42Z,2026-08-22T12:55:43Z,,pp;wave1;sit
ERPMFG,Aurora ERP: Manufacturing & Quality,ERPMFG-463,SIT-2 Order-to-Cash scenario 3 (PP-SFC),task,To Do,todo,u-sarah.muller,Sarah Müller,,points,,,ERPMFG-282,ERPMFG-385;ERPMFG-428,2026-08-05T12:30:44Z,2026-08-05T12:30:44Z,,pp-sfc;wave1;sit
ERPMFG,Aurora ERP: Manufacturing & Quality,ERPMFG-464,SIT-2 Order-to-Cash scenario 6 (PP-SFC),task,Ready,todo,,,,points,2026-08-30,2026-09-16,ERPMFG-282,ERPMFG-367,2026-08-05T12:54:18Z,2026-08-05T12:54:18Z,,pp-sfc;wave1;sit
ERPMFG,Aurora ERP: Manufacturing & Quality,ERPMFG-465,Defect: usage decision does not release stock (PP),bug,Backlog,todo,,,5,points,2026-08-07,2026-08-25,ERPMFG-249,,2026-08-05T21:45:34Z,2026-08-05T21:45:34Z,,pp;wave1;sit;defect
ERPMFG,Aurora ERP: Manufacturing & Quality,ERPMFG-466,SIT-2 Record-to-Report scenario 4 (QM),task,Backlog,todo,,,3,points,2026-08-28,2026-09-19,,ERPMFG-306,2026-08-06T04:51:48Z,2026-08-06T04:51:48Z,,qm;wave1;sit
ERPMFG,Aurora ERP: Manufacturing & Quality,ERPMFG-467,SIT-2 Hire-to-Retire scenario 6 (PP-SFC),task,In Progress,in_progress,u-renata.patel,Renata Patel,2,points,2026-08-15,,ERPMFG-282,ERPMFG-307;ERPMFG-361,2026-08-06T15:49:40Z,2026-08-18T11:23:16Z,,pp-sfc;wave1;sit
ERPMFG,Aurora ERP: Manufacturing & Quality,ERPMFG-468,Unit test Enhancement: operator dashboards for plant 1100 Guelph,task,In Review,in_progress,u-renata.patel,Renata Patel,8,points,2026-08-21,,ERPMFG-69,ERPMFG-322,2026-08-07T02:52:30Z,2026-08-07T02:52:30Z,,pp-sfc;wave1;wricef
ERPMFG,Aurora ERP: Manufacturing & Quality,ERPMFG-469,Unit test Conversion: spare parts BOMs,task,Closed,done,u-kevin.lavoie,Kevin Lavoie,8,points,,2026-08-17,ERPMFG-70,ERPMFG-408,2026-08-07T10:17:25Z,2026-08-18T18:04:03Z,2026-08-17T15:11:02Z,pm;wave1;wricef
ERPMFG,Aurora ERP: Manufacturing & Quality,ERPMFG-470,SIT-2 Order-to-Cash scenario 2 (PP-SFC),task,Backlog,todo,,,8,points,2026-08-31,,ERPMFG-282,ERPMFG-432;ERPMFG-473,2026-08-08T05:24:22Z,2026-08-08T05:24:22Z,,pp-sfc;wave1;sit
ERPMFG,Aurora ERP: Manufacturing & Quality,ERPMFG-471,SIT-2 Hire-to-Retire scenario 7 (PP-SFC),task,In Review,in_progress,u-sarah.muller,Sarah Müller,1,points,,,ERPMFG-282,ERPMFG-289,2026-08-08T12:37:00Z,2026-08-20T16:43:50Z,,pp-sfc;wave1;sit
ERPMFG,Aurora ERP: Manufacturing & Quality,ERPMFG-472,Defect: payment run selects blocked invoices (PP-SFC),bug,In Review,in_progress,u-wendy.taylor,Wendy Taylor,5,points,2026-08-12,2026-08-27,ERPMFG-282,,2026-08-08T14:13:43Z,2026-08-12T10:35:46Z,,pp-sfc;wave1;sit;defect
ERPMFG,Aurora ERP: Manufacturing & Quality,ERPMFG-473,Defect: credit check blocks intercompany orders (PP-SFC),bug,Blocked,in_progress,u-wendy.taylor,Wendy Taylor,,points,,,ERPMFG-282,,2026-08-08T22:18:30Z,2026-08-21T18:37:57Z,,pp-sfc;wave1;sit;defect
ERPMFG,Aurora ERP: Manufacturing & Quality,ERPMFG-474,SIT-2 Acquire-to-Retire scenario 3 (PP),task,Backlog,todo,,,8,points,,2026-09-16,ERPMFG-249,ERPMFG-351;ERPMFG-412,2026-08-10T01:07:39Z,2026-08-10T01:07:39Z,,pp;wave1;sit
ERPMFG,Aurora ERP: Manufacturing & Quality,ERPMFG-475,SIT-2 Plan-to-Produce scenario 6 (PM),task,In Progress,in_progress,u-kevin.lavoie,Kevin Lavoie,,points,2026-08-20,2026-09-05,ERPMFG-257,ERPMFG-324,2026-08-10T04:11:00Z,2026-08-21T20:32:57Z,,pm;wave1;sit
ERPMFG,Aurora ERP: Manufacturing & Quality,ERPMFG-476,SIT-2 Order-to-Cash scenario 4 (PM),task,Backlog,todo,u-renata.patel,Renata Patel,,points,2026-08-26,2026-09-17,ERPMFG-257,ERPMFG-320,2026-08-11T05:30:33Z,2026-08-11T05:30:33Z,,pm;wave1;sit
ERPMFG,Aurora ERP: Manufacturing & Quality,ERPMFG-477,Unit test: kanban replenishment for plant 1100 Guelph,task,To Do,todo,u-nikhil.almeida,Nikhil Almeida,5,points,2026-08-30,2026-08-28,ERPMFG-81,ERPMFG-399,2026-08-11T06:51:35Z,2026-08-11T06:51:35Z,,pp;wave1;realize
ERPMFG,Aurora ERP: Manufacturing & Quality,ERPMFG-478,SIT-2 Record-to-Report scenario 3 (PP-SFC),task,To Do,todo,u-sarah.muller,Sarah Müller,5,points,,2026-09-06,ERPMFG-282,ERPMFG-350;ERPMFG-369,2026-08-12T04:16:20Z,2026-08-12T04:16:20Z,,pp-sfc;wave1;sit
ERPMFG,Aurora ERP: Manufacturing & Quality,ERPMFG-479,SIT-2 Acquire-to-Retire scenario 1 (PM),task,To Do,todo,u-renata.patel,Renata Patel,8,points,,2026-09-30,ERPMFG-257,ERPMFG-409,2026-08-12T16:28:56Z,2026-08-12T16:28:56Z,,pm;wave1;sit
ERPMFG,Aurora ERP: Manufacturing & Quality,ERPMFG-480,SIT-2 Plan-to-Produce scenario 5 (QM),task,Closed,done,u-sarah.muller,Sarah Müller,1,points,2026-08-22,2026-09-08,ERPMFG-272,ERPMFG-341,2026-08-12T21:57:02Z,2026-08-24T00:00:00Z,2026-08-24T11:36:58Z,qm;wave1;sit
ERPMFG,Aurora ERP: Manufacturing & Quality,ERPMFG-481,SIT-2 Record-to-Report scenario 4 (PP-SFC),task,Closed,done,u-sarah.muller,Sarah Müller,8,points,2026-08-23,,ERPMFG-282,ERPMFG-364,2026-08-13T07:55:51Z,2026-08-24T00:00:00Z,2026-08-24T10:43:57Z,pp-sfc;wave1;sit
ERPMFG,Aurora ERP: Manufacturing & Quality,ERPMFG-482,SIT-2 Order-to-Cash scenario 7 (PP-SFC),task,Ready,todo,,,8,points,2026-08-29,,ERPMFG-282,ERPMFG-384;ERPMFG-472,2026-08-13T10:24:32Z,2026-08-13T10:24:32Z,,pp-sfc;wave1;sit
ERPMFG,Aurora ERP: Manufacturing & Quality,ERPMFG-483,Unit test Conversion: shop floor papers for plant 1100 Guelph,task,To Do,todo,u-sarah.muller,Sarah Müller,2,points,2026-09-02,,ERPMFG-69,ERPMFG-459,2026-08-13T13:50:07Z,2026-08-13T13:50:07Z,,pp-sfc;wave1;wricef
ERPMFG,Aurora ERP: Manufacturing & Quality,ERPMFG-484,SIT-2 Acquire-to-Retire scenario 4 (PP),task,Ready,todo,,,8,points,,,ERPMFG-249,ERPMFG-380;ERPMFG-465,2026-08-13T19:23:41Z,2026-08-13T19:23:41Z,,pp;wave1;sit
ERPMFG,Aurora ERP: Manufacturing & Quality,ERPMFG-485,SIT-2 Plan-to-Produce scenario 1 (PM),task,Done,done,u-henrique.chen,Henrique Chen,5,points,2026-08-20,2026-09-10,ERPMFG-257,ERPMFG-327,2026-08-13T19:42:45Z,2026-08-24T00:00:00Z,2026-08-24T20:51:20Z,pm;wave1;sit
ERPMFG,Aurora ERP: Manufacturing & Quality,ERPMFG-486,SIT-2 Acquire-to-Retire scenario 4 (PM),task,Ready,todo,u-henrique.reddy,Henrique Reddy,5,points,,,ERPMFG-257,ERPMFG-406,2026-08-14T03:27:02Z,2026-08-14T03:27:02Z,,pm;wave1;sit
ERPMFG,Aurora ERP: Manufacturing & Quality,ERPMFG-487,SIT-2 Acquire-to-Retire scenario 2 (QM),task,To Do,todo,u-wendy.taylor,Wendy Taylor,5,points,2026-09-06,2026-09-28,ERPMFG-272,ERPMFG-372,2026-08-14T06:43:04Z,2026-08-14T06:43:04Z,,qm;wave1;sit
ERPMFG,Aurora ERP: Manufacturing & Quality,ERPMFG-488,SIT-2 Acquire-to-Retire scenario 2 (PP),task,To Do,todo,,,1,points,,2026-09-14,ERPMFG-249,ERPMFG-365;ERPMFG-413;ERPMFG-98,2026-08-14T08:27:28Z,2026-08-14T08:27:28Z,,pp;wave1;sit
ERPMFG,Aurora ERP: Manufacturing & Quality,ERPMFG-489,SIT-2 Plan-to-Produce scenario 2 (QM),task,To Do,todo,,,3,points,2026-08-22,,ERPMFG-272,ERPMFG-275;ERPMFG-420,2026-08-14T12:28:31Z,2026-08-14T12:28:31Z,,qm;wave1;sit
ERPMFG,Aurora ERP: Manufacturing & Quality,ERPMFG-490,SIT-2 Plan-to-Produce scenario 3 (PM),task,Closed,done,u-henrique.chen,Henrique Chen,1,points,,,ERPMFG-257,ERPMFG-304;ERPMFG-326,2026-08-14T23:31:38Z,2026-08-24T00:00:00Z,2026-08-24T21:02:02Z,pm;wave1;sit
ERPMFG,Aurora ERP: Manufacturing & Quality,ERPMFG-491,SIT-2 Procure-to-Pay scenario 7 (PP),task,Blocked,in_progress,u-kevin.lavoie,Kevin Lavoie,,points,,,,ERPMFG-362;ERPMFG-378,2026-08-15T02:20:33Z,2026-08-16T13:58:01Z,,pp;wave1;sit
ERPMFG,Aurora ERP: Manufacturing & Quality,ERPMFG-492,SIT-2 Plan-to-Produce scenario 5 (PM),task,Done,done,u-renata.patel,Renata Patel,3,points,,2026-09-09,ERPMFG-257,ERPMFG-305;ERPMFG-421,2026-08-15T10:15:31Z,2026-08-24T00:00:00Z,2026-08-24T14:04:36Z,pm;wave1;sit
ERPMFG,Aurora ERP: Manufacturing & Quality,ERPMFG-493,SIT-2 Record-to-Report scenario 1 (PP-SFC),task,Ready,todo,,,5,points,,2026-09-06,ERPMFG-282,ERPMFG-337,2026-08-16T10:33:51Z,2026-08-16T10:33:51Z,,pp-sfc;wave1;sit
ERPMFG,Aurora ERP: Manufacturing & Quality,ERPMFG-494,SIT-2 Record-to-Report scenario 5 (PP-SFC),task,To Do,todo,,,2,points,,,ERPMFG-282,ERPMFG-308,2026-08-16T13:43:38Z,2026-08-16T13:43:38Z,,pp-sfc;wave1;sit
ERPMFG,Aurora ERP: Manufacturing & Quality,ERPMFG-495,SIT-2 Procure-to-Pay scenario 3 (PP),task,In Review,in_progress,u-sarah.muller,Sarah Müller,3,points,,2026-09-09,ERPMFG-249,ERPMFG-302,2026-08-16T21:10:09Z,2026-08-16T21:10:09Z,,pp;wave1;sit
ERPMFG,Aurora ERP: Manufacturing & Quality,ERPMFG-496,SIT-2 Procure-to-Pay scenario 4 (PP),task,Done,done,u-sarah.muller,Sarah Müller,5,points,,2026-09-03,ERPMFG-249,ERPMFG-292,2026-08-16T22:56:11Z,2026-08-24T00:00:00Z,2026-08-24T09:59:41Z,pp;wave1;sit
ERPMFG,Aurora ERP: Manufacturing & Quality,ERPMFG-497,SIT-2 Acquire-to-Retire scenario 3 (QM),task,Backlog,todo,u-kevin.lavoie,Kevin Lavoie,8,points,,2026-09-24,ERPMFG-272,ERPMFG-404;ERPMFG-434,2026-08-18T15:46:36Z,2026-08-18T15:46:36Z,,qm;wave1;sit
ERPMFG,Aurora ERP: Manufacturing & Quality,ERPMFG-498,SIT-2 Procure-to-Pay scenario 2 (PP),task,Blocked,in_progress,u-sarah.muller,Sarah Müller,2,points,2026-08-20,2026-09-04,ERPMFG-249,ERPMFG-352,2026-08-19T05:32:58Z,2026-08-19T05:32:58Z,,pp;wave1;sit
ERPMFG,Aurora ERP: Manufacturing & Quality,ERPMFG-499,SIT-2 Order-to-Cash scenario 1 (PP-SFC),task,Ready,todo,,,13,points,,,ERPMFG-282,ERPMFG-348,2026-08-19T08:48:17Z,2026-08-19T08:48:17Z,,pp-sfc;wave1;sit
ERPMFG,Aurora ERP: Manufacturing & Quality,ERPMFG-500,Unit test Workflow: kanban replenishment,task,Ready,todo,u-yuki.pereira,Yuki Pereira,3,points,,,ERPMFG-76,ERPMFG-456,2026-08-19T14:31:15Z,2026-08-19T14:31:15Z,,pp;wave1;wricef
ERPMFG,Aurora ERP: Manufacturing & Quality,ERPMFG-501,SIT-2 Acquire-to-Retire scenario 2 (PM),task,Backlog,todo,,,2,points,,,ERPMFG-257,ERPMFG-336;ERPMFG-440,2026-08-20T01:12:12Z,2026-08-20T01:12:12Z,,pm;wave1;sit
ERPMFG,Aurora ERP: Manufacturing & Quality,ERPMFG-502,SIT-2 Plan-to-Produce scenario 1 (QM),task,Blocked,in_progress,u-kevin.lavoie,Kevin Lavoie,5,points,2026-08-21,2026-09-06,ERPMFG-272,ERPMFG-340;ERPMFG-424,2026-08-20T01:48:06Z,2026-08-20T01:48:06Z,,qm;wave1;sit
ERPMFG,Aurora ERP: Manufacturing & Quality,ERPMFG-503,Unit test: downtime reason codes for plant 1100 Guelph,task,Backlog,todo,u-kevin.lavoie,Kevin Lavoie,5,points,,,ERPMFG-62,ERPMFG-358,2026-08-20T07:41:00Z,2026-08-20T07:41:00Z,,pp-sfc;wave1;realize
ERPMFG,Aurora ERP: Manufacturing & Quality,ERPMFG-504,Unit test: variant configuration for pump models for plant 1100 Guelph,task,Backlog,todo,,,2,points,2026-09-02,2026-08-28,ERPMFG-81,ERPMFG-425,2026-08-20T21:41:04Z,2026-08-20T21:41:04Z,,pp;wave1;realize
ERPMFG,Aurora ERP: Manufacturing & Quality,ERPMFG-505,Unit test: spare parts BOMs for plant 1100 Guelph,task,Ready,todo,,,8,points,2026-08-24,,ERPMFG-55,ERPMFG-430,2026-08-21T11:31:48Z,2026-08-21T11:31:48Z,,pm;wave1;realize
ERPMFG,Aurora ERP: Manufacturing & Quality,ERPMFG-506,SIT-2 Record-to-Report scenario 2 (QM),task,To Do,todo,,,3,points,,2026-09-19,ERPMFG-272,ERPMFG-301;ERPMFG-397,2026-08-22T17:59:51Z,2026-08-22T17:59:51Z,,qm;wave1;sit
ERPMFG,Aurora ERP: Manufacturing & Quality,ERPMFG-507,Build Interface: labor confirmation via barcode,story,Ready,todo,,,2,points,2026-08-31,,ERPMFG-69,ERPMFG-394;ERPMFG-215,2026-08-23T05:50:06Z,2026-08-23T05:50:06Z,,pp-sfc;wave1;wricef
ERPMFG,Aurora ERP: Manufacturing & Quality,ERPMFG-508,Unit test Enhancement: variant configuration for pump models for plant 1100 Guelph,task,To Do,todo,u-renata.patel,Renata Patel,1,points,2026-09-04,2026-08-26,,ERPMFG-444,2026-08-24T07:47:50Z,2026-08-24T00:00:00Z,,pp;wave1;wricef
ERPMFG,Aurora ERP: Manufacturing & Quality,ERPMFG-509,SIT-2 Record-to-Report scenario 3 (QM),task,To Do,todo,,,2,points,,2026-09-18,ERPMFG-272,ERPMFG-353;ERPMFG-445,2026-08-24T08:18:57Z,2026-08-24T00:00:00Z,,qm;wave1;sit
ERPMFG,Aurora ERP: Manufacturing & Quality,ERPMFG-510,Unit test Interface: labor confirmation via barcode,task,To Do,todo,u-renata.patel,Renata Patel,5,points,2026-09-23,2026-08-25,ERPMFG-69,ERPMFG-507,2026-08-24T09:46:29Z,2026-08-24T00:00:00Z,,pp-sfc;wave1;wricef
ERPMFG,Aurora ERP: Manufacturing & Quality,ERPMFG-511,SIT-2 Order-to-Cash scenario 3 (PM),task,Backlog,todo,u-yuki.pereira,Yuki Pereira,13,points,2026-08-30,,ERPMFG-257,ERPMFG-328;ERPMFG-442,2026-08-24T11:43:08Z,2026-08-24T00:00:00Z,,pm;wave1;sit
ERPMFG,Aurora ERP: Manufacturing & Quality,ERPMFG-512,SIT-2 Acquire-to-Retire scenario 1 (QM),task,To Do,todo,,,2,points,2026-09-07,2026-09-30,ERPMFG-272,ERPMFG-370;ERPMFG-443,2026-08-24T11:58:52Z,2026-08-24T00:00:00Z,,qm;wave1;sit
ERPMFG,Aurora ERP: Manufacturing & Quality,ERPMFG-513,Unit test Form: quality notifications Q1/Q2 for plant 1100 Guelph,task,To Do,todo,,,,points,,2026-08-21,ERPMFG-72,ERPMFG-453,2026-08-24T11:59:44Z,2026-08-24T00:00:00Z,,qm;wave1;wricef
ERPMFG,Aurora ERP: Manufacturing & Quality,ERPMFG-514,SIT-2 Order-to-Cash scenario 1 (PM),task,Ready,todo,,,2,points,2026-08-30,2026-09-20,ERPMFG-257,ERPMFG-357;ERPMFG-366,2026-08-24T14:20:24Z,2026-08-24T00:00:00Z,,pm;wave1;sit
ERPMFG,Aurora ERP: Manufacturing & Quality,ERPMFG-515,SIT-2 Record-to-Report scenario 1 (QM),task,To Do,todo,u-sarah.muller,Sarah Müller,,points,,,ERPMFG-272,ERPMFG-373;ERPMFG-451,2026-08-24T14:29:54Z,2026-08-24T00:00:00Z,,qm;wave1;sit
ERPMFG,Aurora ERP: Manufacturing & Quality,ERPMFG-516,SIT-2 Order-to-Cash scenario 5 (PP-SFC),task,Ready,todo,u-mariana.muller,Mariana Müller,13,points,,,ERPMFG-282,ERPMFG-363,2026-08-24T16:16:10Z,2026-08-24T00:00:00Z,,pp-sfc;wave1;sit
ERPMFG,Aurora ERP: Manufacturing & Quality,ERPMFG-517,SIT-2 Acquire-to-Retire scenario 4 (QM),task,To Do,todo,,,,points,2026-09-06,2026-09-27,ERPMFG-272,ERPMFG-325,2026-08-24T16:30:38Z,2026-08-24T00:00:00Z,,qm;wave1;sit
ERPMFG,Aurora ERP: Manufacturing & Quality,ERPMFG-518,SIT-2 Acquire-to-Retire scenario 3 (PM),task,Backlog,todo,u-wendy.taylor,Wendy Taylor,,points,,,ERPMFG-257,ERPMFG-402;ERPMFG-411,2026-08-24T20:56:57Z,2026-08-24T00:00:00Z,,pm;wave1;sit
ERPMFG,Aurora ERP: Manufacturing & Quality,ERPMFG-519,MFG: UAT and key user sign-off,epic,Backlog,todo,u-yuki.pereira,Yuki Pereira,,points,2026-10-04,2026-10-16,,,2026-09-08T08:39:36Z,2026-08-20T00:00:00Z,,uat;wave1
ERPMFG,Aurora ERP: Manufacturing & Quality,ERPMFG-520,UAT script Procure-to-Pay 2,task,To Do,todo,,,3,points,,2026-10-12,ERPMFG-519,ERPMFG-354,2026-09-08T16:43:57Z,2026-08-24T00:00:00Z,,uat;wave1
ERPMFG,Aurora ERP: Manufacturing & Quality,ERPMFG-521,UAT script Plan-to-Produce 2,task,Backlog,todo,,,8,points,,2026-10-12,ERPMFG-519,ERPMFG-341;ERPMFG-344;ERPMFG-309,2026-09-08T19:51:33Z,2026-08-24T00:00:00Z,,uat;wave1
ERPMFG,Aurora ERP: Manufacturing & Quality,ERPMFG-522,UAT script Order-to-Cash 1,task,Backlog,todo,u-mariana.muller,Mariana Müller,8,points,,,ERPMFG-519,ERPMFG-384;ERPMFG-314,2026-09-08T20:26:49Z,2026-08-24T00:00:00Z,,uat;wave1
ERPMFG,Aurora ERP: Manufacturing & Quality,ERPMFG-523,UAT script Record-to-Report 2,task,To Do,todo,,,13,points,,2026-10-12,ERPMFG-519,ERPMFG-376;ERPMFG-324,2026-09-08T20:38:26Z,2026-08-24T00:00:00Z,,uat;wave1
ERPMFG,Aurora ERP: Manufacturing & Quality,ERPMFG-524,UAT script Hire-to-Retire 1,task,Ready,todo,u-kevin.lavoie,Kevin Lavoie,2,points,2026-10-06,2026-10-09,ERPMFG-519,ERPMFG-306,2026-09-08T20:55:05Z,2026-08-24T00:00:00Z,,uat;wave1
ERPMFG,Aurora ERP: Manufacturing & Quality,ERPMFG-525,UAT script Procure-to-Pay 1,task,To Do,todo,u-henrique.reddy,Henrique Reddy,,points,,,ERPMFG-519,ERPMFG-325;ERPMFG-331,2026-09-08T21:05:43Z,2026-08-24T00:00:00Z,,uat;wave1
ERPMFG,Aurora ERP: Manufacturing & Quality,ERPMFG-526,UAT script Acquire-to-Retire 1,task,Backlog,todo,u-gustavo.nguyen,Gustavo Nguyen,8,points,,2026-10-09,,ERPMFG-351,2026-09-08T21:54:35Z,2026-08-24T00:00:00Z,,uat;wave1
ERPMFG,Aurora ERP: Manufacturing & Quality,ERPMFG-527,UAT script Hire-to-Retire 2,task,To Do,todo,,,2,points,,2026-10-11,ERPMFG-519,ERPMFG-275;ERPMFG-367,2026-09-08T23:11:34Z,2026-08-24T00:00:00Z,,uat;wave1
ERPMFG,Aurora ERP: Manufacturing & Quality,ERPMFG-528,UAT script Order-to-Cash 2,task,To Do,todo,u-sarah.muller,Sarah Müller,5,points,,2026-10-11,ERPMFG-519,ERPMFG-409;ERPMFG-362,2026-09-08T23:25:27Z,2026-08-24T00:00:00Z,,uat;wave1
ERPMFG,Aurora ERP: Manufacturing & Quality,ERPMFG-529,UAT script Record-to-Report 1,task,To Do,todo,u-kevin.lavoie,Kevin Lavoie,5,points,2026-10-07,2026-10-09,ERPMFG-519,ERPMFG-380,2026-09-09T00:04:01Z,2026-08-24T00:00:00Z,,uat;wave1
ERPMFG,Aurora ERP: Manufacturing & Quality,ERPMFG-530,Key user sign-off and exit criteria review,task,To Do,todo,u-yuki.pereira,Yuki Pereira,1,points,2026-10-14,,ERPMFG-519,,2026-09-09T00:15:27Z,2026-08-24T00:00:00Z,,uat;wave1
ERPMFG,Aurora ERP: Manufacturing & Quality,ERPMFG-531,UAT script Plan-to-Produce 1,task,Ready,todo,u-sarah.muller,Sarah Müller,5,points,,,ERPMFG-519,ERPMFG-352,2026-09-09T05:59:29Z,2026-08-24T00:00:00Z,,uat;wave1
ERPMFG,Aurora ERP: Manufacturing & Quality,ERPMFG-532,UAT script Acquire-to-Retire 2,task,To Do,todo,u-sarah.muller,Sarah Müller,3,points,,,,ERPMFG-292;ERPMFG-324,2026-09-09T06:13:04Z,2026-08-24T00:00:00Z,,uat;wave1
ERPMFG,Aurora ERP: Manufacturing & Quality,ERPMFG-533,MFG: cutover readiness and hypercare,epic,Ready,todo,u-sarah.muller,Sarah Müller,,points,2026-11-09,2026-12-14,,,2026-10-05T08:47:01Z,2026-08-13T00:00:00Z,,hypercare;wave1
ERPMFG,Aurora ERP: Manufacturing & Quality,ERPMFG-534,train-the-trainer sessions (MFG),task,To Do,todo,u-nikhil.chen,Nikhil Chen,3,points,,,ERPMFG-533,,2026-10-05T16:26:44Z,2026-08-24T00:00:00Z,,training;wave1
ERPMFG,Aurora ERP: Manufacturing & Quality,ERPMFG-535,end-user training materials (MFG),task,Ready,todo,u-yuki.pereira,Yuki Pereira,8,points,,,ERPMFG-533,,2026-10-05T17:47:02Z,2026-08-24T00:00:00Z,,training;wave1
ERPMFG,Aurora ERP: Manufacturing & Quality,ERPMFG-536,Hypercare runbook (MFG),task,Ready,todo,u-wendy.schmidt,Wendy Schmidt,,points,,2026-11-15,ERPMFG-533,,2026-10-05T19:08:17Z,2026-08-24T00:00:00Z,,hypercare;wave1
ERPMFG,Aurora ERP: Manufacturing & Quality,ERPMFG-537,Hypercare known issues list (MFG),task,To Do,todo,u-henrique.reddy,Henrique Reddy,13,points,,2026-11-27,ERPMFG-533,,2026-10-05T19:57:05Z,2026-08-24T00:00:00Z,,hypercare;wave1
ERPMFG,Aurora ERP: Manufacturing & Quality,ERPMFG-538,Hypercare exit criteria (MFG),task,Backlog,todo,u-renata.patel,Renata Patel,8,points,2026-12-06,,ERPMFG-533,,2026-10-05T23:47:25Z,2026-08-24T00:00:00Z,,hypercare;wave1
ERPMFG,Aurora ERP: Manufacturing & Quality,ERPMFG-539,Hypercare ticket triage process (MFG),task,To Do,todo,u-wendy.schmidt,Wendy Schmidt,2,points,2026-11-25,2026-12-02,ERPMFG-533,,2026-10-06T01:17:28Z,2026-08-24T00:00:00Z,,hypercare;wave1
ERPMFG,Aurora ERP: Manufacturing & Quality,ERPMFG-540,classroom sessions plants (MFG),task,To Do,todo,u-kevin.lavoie,Kevin Lavoie,8,points,,,ERPMFG-533,,2026-10-06T02:34:32Z,2026-08-24T00:00:00Z,,training;wave1
ERPMFG,Aurora ERP: Manufacturing & Quality,ERPMFG-541,Hypercare hypercare rota (MFG),task,Ready,todo,u-kevin.lavoie,Kevin Lavoie,1,points,,2026-11-19,ERPMFG-533,,2026-10-06T03:05:06Z,2026-08-24T00:00:00Z,,hypercare;wave1
ERPMFG,Aurora ERP: Manufacturing & Quality,ERPMFG-542,Hypercare week 1 daily stand-up (MFG),task,Backlog,todo,u-mariana.muller,Mariana Müller,1,points,2026-11-30,2026-12-07,ERPMFG-533,,2026-10-06T05:22:40Z,2026-08-24T00:00:00Z,,hypercare;wave1
ERPMFG,Aurora ERP: Manufacturing & Quality,ERPMFG-543,"Wave 2: Brazil localization (NF-e, SPED)",epic,To Do,todo,u-wendy.schmidt,Wendy Schmidt,,points,2027-03-04,,,,2027-01-20T08:58:15Z,2027-01-20T08:58:15Z,,wave2
ERPMFG,Aurora ERP: Manufacturing & Quality,ERPMFG-544,Wave 2: Advanced ATP,epic,Ready,todo,,,,points,2027-02-26,,,,2027-01-29T11:35:58Z,2027-01-29T11:35:58Z,,wave2
ERPHCM,Aurora ERP: HR & Payroll (SuccessFactors),ERPHCM-1,EC: fit-gap and process design,epic,Done,done,u-henrique.morrison,Henrique Morrison,,points,2025-11-26,2026-02-27,,,2025-11-05T10:23:01Z,2026-03-01T00:00:00Z,2026-03-01T00:00:00Z,ec;wave1;explore
ERPHCM,Aurora ERP: HR & Payroll (SuccessFactors),ERPHCM-2,Fit-gap workshop: Employee Central to S/4 replication,task,Done,done,u-omar.roy,Omar Roy,5,points,2025-11-28,,,,2025-11-06T12:13:47Z,2025-12-17T10:09:07Z,2025-12-15T23:58:04Z,ec;wave1;explore
ERPHCM,Aurora ERP: HR & Payroll (SuccessFactors),ERPHCM-3,PY-CA: fit-gap and process design,epic,Done,done,u-gustavo.nguyen,Gustavo Nguyen,,points,2025-12-10,2026-03-05,,,2025-11-09T10:17:00Z,2026-03-07T00:00:00Z,2026-03-07T00:00:00Z,py-ca;wave1;explore
ERPHCM,Aurora ERP: HR & Payroll (SuccessFactors),ERPHCM-4,Fit-gap workshop: manager self-service approvals,task,Closed,done,u-fatima.chen,Fatima Chen,13,points,,,ERPHCM-1,,2025-11-12T22:17:26Z,2026-01-02T23:35:52Z,2026-01-02T04:51:06Z,ec;wave1;explore
ERPHCM,Aurora ERP: HR & Payroll (SuccessFactors),ERPHCM-5,Fit-gap workshop: Ontario ESA vacation accrual,task,To Do,todo,u-omar.roy,Omar Roy,3,points,,2025-12-30,ERPHCM-3,,2025-11-13T08:12:39Z,2026-07-14T10:52:35Z,,py-ca;wave1;explore
ERPHCM,Aurora ERP: HR & Payroll (SuccessFactors),ERPHCM-6,Process design document: org structure and positions,story,Done,done,u-fatima.chen,Fatima Chen,5,points,2025-11-29,2025-12-20,ERPHCM-1,ERPHCM-8,2025-11-15T17:57:21Z,2025-12-31T02:31:43Z,2025-12-30T00:35:25Z,ec;wave1;explore
ERPHCM,Aurora ERP: HR & Payroll (SuccessFactors),ERPHCM-7,Fit-gap workshop: recruiting to onboarding flow,task,Done,done,u-gustavo.nguyen,Gustavo Nguyen,3,points,,2026-01-03,ERPHCM-1,,2025-11-21T14:46:52Z,2026-01-11T18:23:13Z,2026-01-11T02:04:00Z,ec;wave1;explore
ERPHCM,Aurora ERP: HR & Payroll (SuccessFactors),ERPHCM-8,Fit-gap workshop: org structure and positions,task,Closed,done,u-diego.morrison,Diego Morrison,2,points,,,ERPHCM-1,,2025-11-24T07:18:26Z,2025-12-15T03:22:54Z,2025-12-13T12:37:32Z,ec;wave1;explore
ERPHCM,Aurora ERP: HR & Payroll (SuccessFactors),ERPHCM-9,"Fit-gap workshop: Quebec payroll (RL-1, QPP)",task,Closed,done,u-diego.morrison,Diego Morrison,13,points,2025-12-15,2026-01-01,ERPHCM-3,,2025-11-24T15:10:15Z,2026-01-10T17:16:01Z,2026-01-10T06:50:48Z,py-ca;wave1;explore
ERPHCM,Aurora ERP: HR & Payroll (SuccessFactors),ERPHCM-10,Fit-gap workshop: union pay scales (Unifor Local 88),task,Blocked,in_progress,,,,points,,2026-01-14,ERPHCM-3,,2025-11-27T18:29:41Z,2026-08-18T19:11:11Z,,py-ca;wave1;explore
ERPHCM,Aurora ERP: HR & Payroll (SuccessFactors),ERPHCM-11,Fit-gap workshop: position management,task,Done,done,u-gustavo.nguyen,Gustavo Nguyen,8,points,2025-12-03,2025-12-22,ERPHCM-1,,2025-12-01T19:21:11Z,2026-01-02T13:04:07Z,2026-01-01T19:36:08Z,ec;wave1;explore
ERPHCM,Aurora ERP: HR & Payroll (SuccessFactors),ERPHCM-12,Fit-gap workshop: Canadian payroll schema,task,Closed,done,u-fatima.chen,Fatima Chen,5,points,,2025-12-25,ERPHCM-3,,2025-12-05T11:02:00Z,2025-12-28T03:33:49Z,2025-12-26T13:18:44Z,py-ca;wave1;explore
ERPHCM,Aurora ERP: HR & Payroll (SuccessFactors),ERPHCM-13,Fit-gap workshop: benefits enrollment,task,Done,done,u-julia.cote,Julia Côté,3,points,,2026-01-20,ERPHCM-1,,2025-12-07T10:45:37Z,2026-01-29T17:47:15Z,2026-01-28T11:16:38Z,ec;wave1;explore
ERPHCM,Aurora ERP: HR & Payroll (SuccessFactors),ERPHCM-14,Process design document: compensation planning,story,Done,done,u-kevin.fischer,Kevin Fischer,3,points,2026-01-01,2026-01-21,ERPHCM-1,ERPHCM-19,2025-12-07T14:57:33Z,2026-01-24T23:48:58Z,2026-01-24T13:43:18Z,ec;wave1;explore
ERPHCM,Aurora ERP: HR & Payroll (SuccessFactors),ERPHCM-15,"Process design document: Quebec payroll (RL-1, QPP)",story,Done,done,u-diego.morrison,Diego Morrison,5,points,,,ERPHCM-3,ERPHCM-9,2025-12-08T01:32:12Z,2026-01-22T12:53:10Z,2026-01-21T03:02:03Z,py-ca;wave1;explore
ERPHCM,Aurora ERP: HR & Payroll (SuccessFactors),ERPHCM-16,Fit-gap workshop: garnishments,task,Closed,done,u-gustavo.nguyen,Gustavo Nguyen,5,points,,,ERPHCM-3,,2025-12-08T05:05:15Z,2026-01-25T06:07:17Z,2026-01-24T21:48:55Z,py-ca;wave1;explore
ERPHCM,Aurora ERP: HR & Payroll (SuccessFactors),ERPHCM-17,Process design document: garnishments,story,Closed,done,u-diego.morrison,Diego Morrison,,points,,2026-01-27,ERPHCM-3,ERPHCM-16,2025-12-13T21:57:46Z,2026-01-29T15:46:43Z,2026-01-28T20:29:32Z,py-ca;wave1;explore
ERPHCM,Aurora ERP: HR & Payroll (SuccessFactors),ERPHCM-18,Fit-gap workshop: learning compliance training,task,To Do,todo,u-priya.oliveira,Priya Oliveira,8,points,,,ERPHCM-1,,2025-12-17T23:25:50Z,2026-08-10T14:47:15Z,,ec;wave1;explore
ERPHCM,Aurora ERP: HR & Payroll (SuccessFactors),ERPHCM-19,Fit-gap workshop: compensation planning,task,Done,done,u-gustavo.nguyen,Gustavo Nguyen,5,points,,,ERPHCM-1,,2025-12-19T16:49:23Z,2026-01-25T06:41:02Z,2026-01-23T23:42:53Z,ec;wave1;explore
ERPHCM,Aurora ERP: HR & Payroll (SuccessFactors),ERPHCM-20,Process design document: learning compliance training,story,Closed,done,u-omar.roy,Omar Roy,3,points,,2026-02-01,,ERPHCM-18,2025-12-19T18:40:53Z,2026-01-29T12:15:34Z,2026-01-28T19:41:31Z,ec;wave1;explore
ERPHCM,Aurora ERP: HR & Payroll (SuccessFactors),ERPHCM-21,Process design document: time and attendance via Kronos,story,Done,done,u-diego.morrison,Diego Morrison,5,points,,,ERPHCM-3,ERPHCM-22,2025-12-23T13:59:34Z,2026-02-15T17:30:27Z,2026-02-14T20:01:48Z,py-ca;wave1;explore
ERPHCM,Aurora ERP: HR & Payroll (SuccessFactors),ERPHCM-22,Fit-gap workshop: time and attendance via Kronos,task,To Do,todo,u-diego.morrison,Diego Morrison,3,points,,,ERPHCM-3,,2025-12-25T22:05:39Z,2026-07-28T19:03:38Z,,py-ca;wave1;explore
ERPHCM,Aurora ERP: HR & Payroll (SuccessFactors),ERPHCM-23,Fit-gap workshop: year-end T4 and ROE,task,In Progress,in_progress,u-diego.morrison,Diego Morrison,2,points,2026-01-06,2026-01-21,ERPHCM-3,,2025-12-29T12:00:16Z,2026-08-20T21:23:21Z,,py-ca;wave1;explore
ERPHCM,Aurora ERP: HR & Payroll (SuccessFactors),ERPHCM-24,Process design document: year-end T4 and ROE,story,Done,done,u-olivia.weber,Olivia Weber,8,points,,2026-02-03,,ERPHCM-23,2026-01-02T13:11:09Z,2026-02-03T04:36:43Z,2026-02-02T11:29:05Z,py-ca;wave1;explore
ERPHCM,Aurora ERP: HR & Payroll (SuccessFactors),ERPHCM-25,Process design document: Canadian payroll schema for plant 1100 Guelph,story,Closed,done,u-gustavo.nguyen,Gustavo Nguyen,5,points,,,ERPHCM-3,ERPHCM-28,2026-01-03T18:19:02Z,2026-02-25T19:31:49Z,2026-02-25T11:36:33Z,py-ca;wave1;explore
ERPHCM,Aurora ERP: HR & Payroll (SuccessFactors),ERPHCM-26,Fit-gap workshop: position management for plant 1100 Guelph,task,Done,done,u-omar.roy,Omar Roy,2,points,2026-01-26,,ERPHCM-1,,2026-01-04T04:02:36Z,2026-02-20T03:08:11Z,2026-02-19T08:08:51Z,ec;wave1;explore
ERPHCM,Aurora ERP: HR & Payroll (SuccessFactors),ERPHCM-27,Fit-gap workshop: retroactive pay,task,Closed,done,u-gustavo.nguyen,Gustavo Nguyen,5,points,,2026-02-04,ERPHCM-3,,2026-01-04T05:07:54Z,2026-02-03T15:15:37Z,2026-02-03T08:00:47Z,py-ca;wave1;explore
ERPHCM,Aurora ERP: HR & Payroll (SuccessFactors),ERPHCM-28,Fit-gap workshop: Canadian payroll schema for plant 1100 Guelph,task,Done,done,u-gustavo.nguyen,Gustavo Nguyen,3,points,,2026-02-08,ERPHCM-3,,2026-01-04T12:10:52Z,2026-02-15T11:14:14Z,2026-02-13T13:41:45Z,py-ca;wave1;explore
ERPHCM,Aurora ERP: HR & Payroll (SuccessFactors),ERPHCM-29,Fit-gap workshop: org structure and positions for plant 1100 Guelph,task,Closed,done,u-priya.oliveira,Priya Oliveira,8,points,2026-01-11,2026-02-01,ERPHCM-1,,2026-01-05T11:41:44Z,2026-02-14T09:46:45Z,2026-02-12T10:52:00Z,ec;wave1;explore
ERPHCM,Aurora ERP: HR & Payroll (SuccessFactors),ERPHCM-30,Fit-gap workshop: Employee Central to S/4 replication for plant 1100 Guelph,task,Done,done,u-kevin.fischer,Kevin Fischer,,points,,,ERPHCM-1,,2026-01-05T14:24:14Z,2026-02-12T13:09:04Z,2026-02-11T01:02:14Z,ec;wave1;explore
ERPHCM,Aurora ERP: HR & Payroll (SuccessFactors),ERPHCM-31,Process design document: Employee Central to S/4 replication for plant 1100 Guelph,story,Done,done,u-diego.morrison,Diego Morrison,8,points,,2026-02-21,ERPHCM-1,ERPHCM-30,2026-01-08T20:37:21Z,2026-02-26T07:22:37Z,2026-02-24T20:22:13Z,ec;wave1;explore
ERPHCM,Aurora ERP: HR & Payroll (SuccessFactors),ERPHCM-32,"Fit-gap workshop: Quebec payroll (RL-1, QPP) for plant 1100 Guelph",task,In Progress,in_progress,u-gustavo.nguyen,Gustavo Nguyen,,points,,,ERPHCM-3,,2026-01-09T16:17:34Z,2026-08-13T18:41:09Z,,py-ca;wave1;explore
ERPHCM,Aurora ERP: HR & Payroll (SuccessFactors),ERPHCM-33,Fit-gap workshop: Ontario ESA vacation accrual for plant 1100 Guelph,task,Done,done,u-diego.morrison,Diego Morrison,2,points,2026-01-30,2026-02-12,ERPHCM-3,,2026-01-13T17:02:00Z,2026-02-21T13:15:20Z,2026-02-19T15:14:16Z,py-ca;wave1;explore
ERPHCM,Aurora ERP: HR & Payroll (SuccessFactors),ERPHCM-34,Fit-gap workshop: garnishments for plant 1100 Guelph,task,Done,done,u-gustavo.nguyen,Gustavo Nguyen,3,points,2026-02-15,,ERPHCM-3,,2026-01-17T00:55:10Z,2026-03-07T12:02:42Z,2026-03-06T08:13:38Z,py-ca;wave1;explore
ERPHCM,Aurora ERP: HR & Payroll (SuccessFactors),ERPHCM-35,PY-CA: configuration and unit test,epic,Done,done,,,,points,2026-02-14,2026-08-18,,,2026-01-18T12:03:04Z,2026-08-20T00:00:00Z,2026-08-20T00:00:00Z,py-ca;wave1;realize
ERPHCM,Aurora ERP: HR & Payroll (SuccessFactors),ERPHCM-36,EC: developments (WRICEF),epic,Closed,done,u-kevin.fischer,Kevin Fischer,,points,2026-02-21,,,,2026-01-21T14:58:32Z,2026-08-19T00:00:00Z,2026-08-19T00:00:00Z,ec;wave1;wricef
ERPHCM,Aurora ERP: HR & Payroll (SuccessFactors),ERPHCM-37,Process design document: recruiting to onboarding flow for plant 1100 Guelph,story,Done,done,u-olivia.weber,Olivia Weber,3,points,,2026-02-27,ERPHCM-1,ERPHCM-46,2026-01-23T06:32:23Z,2026-03-10T07:25:42Z,2026-03-08T16:38:31Z,ec;wave1;explore
ERPHCM,Aurora ERP: HR & Payroll (SuccessFactors),ERPHCM-38,Fit-gap workshop: union pay scales (Unifor Local 88) for plant 1100 Guelph,task,Closed,done,u-olivia.weber,Olivia Weber,3,points,,2026-03-03,ERPHCM-3,,2026-01-24T13:13:46Z,2026-02-27T12:24:17Z,2026-02-27T05:22:39Z,py-ca;wave1;explore
ERPHCM,Aurora ERP: HR & Payroll (SuccessFactors),ERPHCM-39,PY-CA: developments (WRICEF),epic,Blocked,in_progress,u-fatima.chen,Fatima Chen,,points,2026-02-14,2026-08-26,,,2026-01-24T14:19:47Z,2026-08-19T00:00:00Z,,py-ca;wave1;wricef
ERPHCM,Aurora ERP: HR & Payroll (SuccessFactors),ERPHCM-40,Fit-gap workshop: manager self-service approvals for plant 1100 Guelph,task,Closed,done,u-diego.morrison,Diego Morrison,8,points,,,,,2026-01-26T13:04:57Z,2026-03-04T04:25:49Z,2026-03-02T13:28:04Z,ec;wave1;explore
ERPHCM,Aurora ERP: HR & Payroll (SuccessFactors),ERPHCM-41,EC: configuration and unit test,epic,Closed,done,u-olivia.weber,Olivia Weber,,points,2026-02-24,2026-08-12,,,2026-01-27T18:16:55Z,2026-08-14T00:00:00Z,2026-08-14T00:00:00Z,ec;wave1;realize
ERPHCM,Aurora ERP: HR & Payroll (SuccessFactors),ERPHCM-42,Process design document: garnishments for plant 1100 Guelph,story,Closed,done,u-gustavo.nguyen,Gustavo Nguyen,2,points,,,ERPHCM-3,ERPHCM-34,2026-01-29T07:33:11Z,2026-03-15T09:53:06Z,2026-03-14T12:03:48Z,py-ca;wave1;explore
ERPHCM,Aurora ERP: HR & Payroll (SuccessFactors),ERPHCM-43,Fit-gap workshop: compensation planning for plant 1100 Guelph,task,In Review,in_progress,u-gustavo.nguyen,Gustavo Nguyen,2,points,2026-02-16,,ERPHCM-1,,2026-01-31T07:28:45Z,2026-07-11T10:52:50Z,,ec;wave1;explore
ERPHCM,Aurora ERP: HR & Payroll (SuccessFactors),ERPHCM-44,Technical spec Workflow: org structure and positions for plant 1100 Guelph,task,Done,done,u-olivia.weber,Olivia Weber,3,points,,2026-04-10,ERPHCM-36,ERPHCM-56,2026-02-02T06:01:50Z,2026-04-20T06:12:35Z,2026-04-19T21:27:11Z,ec;wave1;wricef
ERPHCM,Aurora ERP: HR & Payroll (SuccessFactors),ERPHCM-45,Configure org structure and positions,story,Done,done,u-henrique.morrison,Henrique Morrison,2,points,,2026-03-26,ERPHCM-41,ERPHCM-61,2026-02-02T07:18:01Z,2026-03-28T18:01:34Z,2026-03-27T12:15:05Z,ec;wave1;realize;config
ERPHCM,Aurora ERP: HR & Payroll (SuccessFactors),ERPHCM-46,Fit-gap workshop: recruiting to onboarding flow for plant 1100 Guelph,task,Done,done,u-diego.morrison,Diego Morrison,3,points,2026-02-07,,ERPHCM-1,,2026-02-03T01:03:18Z,2026-03-09T10:50:58Z,2026-03-08T16:44:38Z,ec;wave1;explore
ERPHCM,Aurora ERP: HR & Payroll (SuccessFactors),ERPHCM-47,Functional spec Workflow: Ontario ESA vacation accrual,task,Done,done,u-omar.roy,Omar Roy,3,points,,2026-04-10,ERPHCM-39,,2026-02-03T05:37:35Z,2026-04-18T19:06:30Z,2026-04-17T08:42:51Z,py-ca;wave1;wricef
ERPHCM,Aurora ERP: HR & Payroll (SuccessFactors),ERPHCM-48,Configure Employee Central to S/4 replication,story,Closed,done,u-omar.roy,Omar Roy,,points,,,ERPHCM-41,ERPHCM-59,2026-02-04T04:09:16Z,2026-03-30T09:42:35Z,2026-03-28T14:49:43Z,ec;wave1;realize;config
ERPHCM,Aurora ERP: HR & Payroll (SuccessFactors),ERPHCM-49,Configure Canadian payroll schema,story,Closed,done,u-fatima.chen,Fatima Chen,3,points,2026-02-14,2026-03-11,ERPHCM-35,,2026-02-04T21:31:10Z,2026-03-12T06:40:09Z,,py-ca;wave1;realize;config
ERPHCM,Aurora ERP: HR & Payroll (SuccessFactors),ERPHCM-50,Functional spec Form: Ontario ESA vacation accrual for plant 1100 Guelph,task,Closed,done,u-fatima.chen,Fatima Chen,8,points,,2026-03-09,ERPHCM-39,,2026-02-06T08:46:44Z,2026-03-16T00:41:45Z,2026-03-14T03:48:02Z,py-ca;wave1;wricef
ERPHCM,Aurora ERP: HR & Payroll (SuccessFactors),ERPHCM-51,Decision log and sign-off: EC design (Acquire-to-Retire),task,Done,done,u-olivia.weber,Olivia Weber,3,points,,2026-02-27,ERPHCM-1,,2026-02-06T14:51:02Z,2026-02-24T06:50:53Z,2026-02-22T14:37:10Z,ec;wave1;explore
ERPHCM,Aurora ERP: HR & Payroll (SuccessFactors),ERPHCM-52,Functional spec Report: Employee Central to S/4 replication,task,To Do,todo,,,2,points,,,ERPHCM-36,,2026-02-08T14:33:53Z,2026-02-10T20:03:11Z,,ec;wave1;wricef
ERPHCM,Aurora ERP: HR & Payroll (SuccessFactors),ERPHCM-53,Authorization role for Canadian payroll schema,task,Closed,done,u-olivia.weber,Olivia Weber,3,points,,2026-04-17,ERPHCM-35,ERPHCM-49,2026-02-09T22:27:53Z,2026-04-27T10:02:06Z,2026-04-26T18:44:54Z,py-ca;wave1;realize;security
ERPHCM,Aurora ERP: HR & Payroll (SuccessFactors),ERPHCM-54,"Configure Quebec payroll (RL-1, QPP)",story,Blocked,in_progress,u-gustavo.nguyen,Gustavo Nguyen,3,points,,2026-04-13,ERPHCM-35,,2026-02-12T16:58:31Z,2026-06-27T11:51:47Z,,py-ca;wave1;realize;config
ERPHCM,Aurora ERP: HR & Payroll (SuccessFactors),ERPHCM-55,Configure Ontario ESA vacation accrual,story,Done,done,u-kevin.fischer,Kevin Fischer,5,points,,2026-03-26,ERPHCM-35,,2026-02-13T17:24:51Z,2026-04-05T14:17:12Z,2026-04-05T07:33:23Z,py-ca;wave1;realize;config
ERPHCM,Aurora ERP: HR & Payroll (SuccessFactors),ERPHCM-56,Functional spec Workflow: org structure and positions for plant 1100 Guelph,task,Done,done,u-gustavo.nguyen,Gustavo Nguyen,8,points,2026-02-21,2026-03-21,ERPHCM-36,,2026-02-14T08:07:46Z,2026-03-20T05:16:59Z,2026-03-18T07:28:29Z,ec;wave1;wricef
ERPHCM,Aurora ERP: HR & Payroll (SuccessFactors),ERPHCM-57,Technical spec Form: Ontario ESA vacation accrual for plant 1100 Guelph,task,To Do,todo,,,13,points,,2026-03-26,ERPHCM-39,ERPHCM-50,2026-02-15T05:34:51Z,2026-03-20T11:54:21Z,,py-ca;wave1;wricef
ERPHCM,Aurora ERP: HR & Payroll (SuccessFactors),ERPHCM-58,Fit-gap workshop: year-end T4 and ROE for plant 1100 Guelph,task,Done,done,u-kevin.fischer,Kevin Fischer,1,points,,,ERPHCM-3,,2026-02-16T23:47:30Z,2026-03-16T09:13:07Z,2026-03-15T19:43:11Z,py-ca;wave1;explore
ERPHCM,Aurora ERP: HR & Payroll (SuccessFactors),ERPHCM-59,Functional spec: Employee Central to S/4 replication,task,Done,done,u-diego.morrison,Diego Morrison,3,points,,2026-03-29,ERPHCM-41,,2026-02-19T08:19:58Z,2026-04-02T21:13:21Z,,ec;wave1;realize
ERPHCM,Aurora ERP: HR & Payroll (SuccessFactors),ERPHCM-60,Configure position management,story,Done,done,u-olivia.weber,Olivia Weber,,points,,2026-04-20,ERPHCM-41,,2026-02-19T09:01:59Z,2026-04-16T01:50:58Z,2026-04-16T01:06:13Z,ec;wave1;realize;config
ERPHCM,Aurora ERP: HR & Payroll (SuccessFactors),ERPHCM-61,Functional spec: org structure and positions,task,Closed,done,u-omar.roy,Omar Roy,1,points,,2026-03-10,ERPHCM-41,,2026-02-19T18:46:54Z,2026-03-20T19:21:32Z,2026-03-19T17:44:29Z,ec;wave1;realize
ERPHCM,Aurora ERP: HR & Payroll (SuccessFactors),ERPHCM-62,Unit test: org structure and positions,task,Closed,done,u-kevin.fischer,Kevin Fischer,2,points,,2026-04-18,ERPHCM-41,ERPHCM-45,2026-02-20T10:11:28Z,2026-04-15T14:40:47Z,2026-04-15T04:14:28Z,ec;wave1;realize
ERPHCM,Aurora ERP: HR & Payroll (SuccessFactors),ERPHCM-63,Functional spec Form: Ontario ESA vacation accrual,task,Closed,done,u-henrique.morrison,Henrique Morrison,2,points,2026-03-22,2026-04-28,ERPHCM-39,ERPHCM-175,2026-02-21T03:20:45Z,2026-05-01T22:03:09Z,2026-05-01T00:20:43Z,py-ca;wave1;wricef
ERPHCM,Aurora ERP: HR & Payroll (SuccessFactors),ERPHCM-64,Decision log and sign-off: PY-CA design (Acquire-to-Retire),task,Backlog,todo,u-gustavo.nguyen,Gustavo Nguyen,8,points,,,ERPHCM-3,,2026-02-21T17:03:26Z,2026-08-19T13:22:07Z,,py-ca;wave1;explore
ERPHCM,Aurora ERP: HR & Payroll (SuccessFactors),ERPHCM-65,Functional spec Conversion: learning compliance training,task,Backlog,todo,u-kevin.fischer,Kevin Fischer,3,points,,,ERPHCM-36,,2026-02-22T18:20:01Z,2026-06-25T10:42:29Z,,ec;wave1;wricef
ERPHCM,Aurora ERP: HR & Payroll (SuccessFactors),ERPHCM-66,Unit test: Canadian payroll schema,task,Blocked,in_progress,u-julia.cote,Julia Côté,8,points,,,ERPHCM-35,ERPHCM-49,2026-02-26T09:15:13Z,2026-08-14T13:11:47Z,,py-ca;wave1;realize
ERPHCM,Aurora ERP: HR & Payroll (SuccessFactors),ERPHCM-67,Technical spec Report: Employee Central to S/4 replication,task,Done,done,u-diego.morrison,Diego Morrison,5,points,,,ERPHCM-36,ERPHCM-52,2026-02-26T15:21:38Z,2026-05-02T22:19:31Z,2026-05-01T21:23:30Z,ec;wave1;wricef
ERPHCM,Aurora ERP: HR & Payroll (SuccessFactors),ERPHCM-68,Build Workflow: Ontario ESA vacation accrual,story,Done,done,u-gustavo.nguyen,Gustavo Nguyen,3,points,,2026-05-12,ERPHCM-39,ERPHCM-71;ERPHCM-49,2026-03-03T03:37:09Z,2026-05-21T04:22:19Z,2026-05-20T06:00:51Z,py-ca;wave1;wricef
ERPHCM,Aurora ERP: HR & Payroll (SuccessFactors),ERPHCM-69,Build Form: Ontario ESA vacation accrual for plant 1100 Guelph,story,Closed,done,u-diego.morrison,Diego Morrison,3,points,,,ERPHCM-39,ERPHCM-57;ERPHCM-124,2026-03-03T04:16:19Z,2026-04-13T13:38:13Z,2026-04-11T23:53:49Z,py-ca;wave1;wricef
ERPHCM,Aurora ERP: HR & Payroll (SuccessFactors),ERPHCM-70,Configure manager self-service approvals,story,Done,done,u-diego.morrison,Diego Morrison,5,points,,2026-04-29,ERPHCM-41,,2026-03-03T15:17:08Z,2026-04-29T06:56:43Z,2026-04-27T22:36:07Z,ec;wave1;realize;config
ERPHCM,Aurora ERP: HR & Payroll (SuccessFactors),ERPHCM-71,Technical spec Workflow: Ontario ESA vacation accrual,task,Closed,done,u-diego.morrison,Diego Morrison,2,points,,2026-04-18,ERPHCM-39,ERPHCM-47,2026-03-04T22:06:07Z,2026-04-15T23:44:53Z,2026-04-15T19:51:10Z,py-ca;wave1;wricef
ERPHCM,Aurora ERP: HR & Payroll (SuccessFactors),ERPHCM-72,Functional spec Report: union pay scales (Unifor Local 88) for plant 1100 Guelph,task,Ready,todo,u-diego.morrison,Diego Morrison,13,points,,2026-05-24,ERPHCM-39,,2026-03-07T11:02:52Z,2026-07-17T12:59:36Z,,py-ca;wave1;wricef
ERPHCM,Aurora ERP: HR & Payroll (SuccessFactors),ERPHCM-73,"Unit test: Quebec payroll (RL-1, QPP)",task,Done,done,u-gustavo.nguyen,Gustavo Nguyen,2,points,,2026-05-03,,ERPHCM-54,2026-03-07T23:42:13Z,2026-05-12T21:37:42Z,2026-05-11T07:19:34Z,py-ca;wave1;realize
ERPHCM,Aurora ERP: HR & Payroll (SuccessFactors),ERPHCM-74,Functional spec Conversion: manager self-service approvals,task,Done,done,u-kevin.fischer,Kevin Fischer,3,points,2026-03-28,,ERPHCM-36,,2026-03-08T02:08:55Z,2026-05-12T22:12:20Z,2026-05-11T17:45:47Z,ec;wave1;wricef
ERPHCM,Aurora ERP: HR & Payroll (SuccessFactors),ERPHCM-75,Unit test: position management,task,Closed,done,u-gustavo.nguyen,Gustavo Nguyen,13,points,,,,ERPHCM-60,2026-03-08T11:32:00Z,2026-05-15T04:59:04Z,2026-05-14T19:49:34Z,ec;wave1;realize
ERPHCM,Aurora ERP: HR & Payroll (SuccessFactors),ERPHCM-76,Build Workflow: org structure and positions for plant 1100 Guelph,story,In Progress,in_progress,,,13,points,2026-03-13,2026-04-15,ERPHCM-36,ERPHCM-44;ERPHCM-118,2026-03-09T12:36:41Z,2026-06-23T17:35:47Z,,ec;wave1;wricef
ERPHCM,Aurora ERP: HR & Payroll (SuccessFactors),ERPHCM-77,Unit test: Ontario ESA vacation accrual,task,To Do,todo,u-henrique.morrison,Henrique Morrison,1,points,2026-03-20,,ERPHCM-35,ERPHCM-55,2026-03-10T13:48:48Z,2026-04-08T21:29:35Z,,py-ca;wave1;realize
ERPHCM,Aurora ERP: HR & Payroll (SuccessFactors),ERPHCM-78,Configure union pay scales (Unifor Local 88),story,Done,done,u-kevin.fischer,Kevin Fischer,3,points,,2026-05-01,ERPHCM-35,,2026-03-11T05:56:57Z,2026-04-30T16:56:33Z,2026-04-29T23:02:01Z,py-ca;wave1;realize;config
ERPHCM,Aurora ERP: HR & Payroll (SuccessFactors),ERPHCM-79,Functional spec: year-end T4 and ROE,task,Done,done,u-gustavo.nguyen,Gustavo Nguyen,5,points,,2026-05-11,,,2026-03-12T15:48:24Z,2026-05-11T04:31:00Z,2026-05-10T00:50:16Z,py-ca;wave1;realize
ERPHCM,Aurora ERP: HR & Payroll (SuccessFactors),ERPHCM-80,Technical spec Conversion: learning compliance training,task,Closed,done,u-priya.oliveira,Priya Oliveira,1,points,,2026-05-04,ERPHCM-36,ERPHCM-65,2026-03-13T20:59:38Z,2026-05-16T23:19:32Z,2026-05-15T04:33:56Z,ec;wave1;wricef
ERPHCM,Aurora ERP: HR & Payroll (SuccessFactors),ERPHCM-81,Unit test: Employee Central to S/4 replication,task,Closed,done,u-gustavo.nguyen,Gustavo Nguyen,3,points,,2026-05-04,ERPHCM-41,ERPHCM-48,2026-03-15T11:31:08Z,2026-05-10T00:32:43Z,2026-05-09T13:09:01Z,ec;wave1;realize
ERPHCM,Aurora ERP: HR & Payroll (SuccessFactors),ERPHCM-82,Unit test Form: Ontario ESA vacation accrual for plant 1100 Guelph,task,In Progress,in_progress,u-kevin.fischer,Kevin Fischer,5,points,,2026-05-18,ERPHCM-39,ERPHCM-69,2026-03-16T09:35:59Z,2026-08-17T14:20:51Z,,py-ca;wave1;wricef
ERPHCM,Aurora ERP: HR & Payroll (SuccessFactors),ERPHCM-83,Configure year-end T4 and ROE,story,In Review,in_progress,u-gustavo.nguyen,Gustavo Nguyen,,points,,2026-05-23,ERPHCM-35,ERPHCM-79,2026-03-16T21:34:22Z,2026-08-17T13:05:58Z,,py-ca;wave1;realize;config
ERPHCM,Aurora ERP: HR & Payroll (SuccessFactors),ERPHCM-84,Build Report: Employee Central to S/4 replication,story,Done,done,u-diego.morrison,Diego Morrison,5,points,,2026-05-06,ERPHCM-36,ERPHCM-67;ERPHCM-100,2026-03-20T19:30:05Z,2026-05-04T16:52:12Z,2026-05-02T17:24:09Z,ec;wave1;wricef
ERPHCM,Aurora ERP: HR & Payroll (SuccessFactors),ERPHCM-85,Technical spec Conversion: manager self-service approvals,task,Closed,done,u-julia.cote,Julia Côté,3,points,,,ERPHCM-36,ERPHCM-74,2026-03-23T06:33:03Z,2026-05-31T11:05:18Z,2026-05-31T10:02:41Z,ec;wave1;wricef
ERPHCM,Aurora ERP: HR & Payroll (SuccessFactors),ERPHCM-86,Unit test: manager self-service approvals,task,Closed,done,,,3,points,2026-04-14,2026-05-26,ERPHCM-41,ERPHCM-70,2026-03-23T07:34:05Z,2026-05-24T18:30:36Z,2026-05-23T05:02:40Z,ec;wave1;realize
ERPHCM,Aurora ERP: HR & Payroll (SuccessFactors),ERPHCM-87,Configure time and attendance via Kronos,story,Closed,done,u-olivia.weber,Olivia Weber,8,points,,,ERPHCM-35,ERPHCM-95,2026-03-23T12:02:16Z,2026-06-06T01:16:57Z,2026-06-05T07:40:25Z,py-ca;wave1;realize;config
ERPHCM,Aurora ERP: HR & Payroll (SuccessFactors),ERPHCM-88,Unit test: union pay scales (Unifor Local 88),task,Closed,done,u-priya.oliveira,Priya Oliveira,3,points,2026-04-16,,ERPHCM-35,ERPHCM-78,2026-03-26T01:49:01Z,2026-05-30T05:00:49Z,2026-05-29T04:28:09Z,py-ca;wave1;realize
ERPHCM,Aurora ERP: HR & Payroll (SuccessFactors),ERPHCM-89,Unit test Workflow: Ontario ESA vacation accrual,task,To Do,todo,,,5,points,,2026-05-31,ERPHCM-39,ERPHCM-68,2026-03-26T20:58:08Z,2026-06-28T15:41:08Z,2026-06-28T06:29:42Z,py-ca;wave1;wricef
ERPHCM,Aurora ERP: HR & Payroll (SuccessFactors),ERPHCM-90,Configure garnishments,story,Closed,done,u-diego.morrison,Diego Morrison,,points,,,ERPHCM-35,,2026-03-28T17:54:53Z,2026-05-11T06:00:47Z,2026-05-10T18:21:31Z,py-ca;wave1;realize;config
ERPHCM,Aurora ERP: HR & Payroll (SuccessFactors),ERPHCM-91,Unit test Report: Employee Central to S/4 replication,task,Closed,done,u-diego.morrison,Diego Morrison,5,points,,2026-06-02,ERPHCM-36,ERPHCM-84,2026-03-30T02:22:11Z,2026-06-04T04:45:06Z,2026-06-04T02:54:58Z,ec;wave1;wricef
ERPHCM,Aurora ERP: HR & Payroll (SuccessFactors),ERPHCM-92,Functional spec: retroactive pay,task,Done,done,u-diego.morrison,Diego Morrison,8,points,,2026-05-30,ERPHCM-35,,2026-03-30T08:56:19Z,2026-05-29T23:27:04Z,2026-05-28T19:05:32Z,py-ca;wave1;realize
ERPHCM,Aurora ERP: HR & Payroll (SuccessFactors),ERPHCM-93,Configure recruiting to onboarding flow,story,Closed,done,u-diego.morrison,Diego Morrison,8,points,,2026-05-09,ERPHCM-41,,2026-04-01T09:32:50Z,2026-05-17T17:21:57Z,2026-05-17T16:24:49Z,ec;wave1;realize;config
ERPHCM,Aurora ERP: HR & Payroll (SuccessFactors),ERPHCM-94,Technical spec Form: Ontario ESA vacation accrual,task,Closed,done,u-gustavo.nguyen,Gustavo Nguyen,,points,,,ERPHCM-39,ERPHCM-63,2026-04-02T09:37:19Z,2026-05-15T07:50:43Z,2026-05-13T07:52:05Z,py-ca;wave1;wricef
ERPHCM,Aurora ERP: HR & Payroll (SuccessFactors),ERPHCM-95,Functional spec: time and attendance via Kronos,task,Ready,todo,,,5,points,,,,,2026-04-03T22:53:42Z,2026-04-03T22:53:42Z,,py-ca;wave1;realize
ERPHCM,Aurora ERP: HR & Payroll (SuccessFactors),ERPHCM-96,Unit test: garnishments,task,Closed,done,u-henrique.morrison,Henrique Morrison,2,points,,,ERPHCM-35,ERPHCM-90,2026-04-04T06:16:03Z,2026-06-04T22:56:08Z,2026-06-04T22:14:23Z,py-ca;wave1;realize
ERPHCM,Aurora ERP: HR & Payroll (SuccessFactors),ERPHCM-97,Unit test Workflow: org structure and positions for plant 1100 Guelph,task,Done,done,u-gustavo.nguyen,Gustavo Nguyen,2,points,,2026-05-19,ERPHCM-36,ERPHCM-76,2026-04-05T00:09:32Z,2026-05-16T14:28:42Z,2026-05-14T16:25:05Z,ec;wave1;wricef
ERPHCM,Aurora ERP: HR & Payroll (SuccessFactors),ERPHCM-98,Functional spec Interface: garnishments for plant 1100 Guelph,task,Closed,done,u-julia.cote,Julia Côté,1,points,,,ERPHCM-39,ERPHCM-12,2026-04-05T02:17:04Z,2026-06-26T03:38:12Z,2026-06-24T23:23:05Z,py-ca;wave1;wricef
ERPHCM,Aurora ERP: HR & Payroll (SuccessFactors),ERPHCM-99,Technical spec Report: benefits enrollment,task,Closed,done,u-gustavo.nguyen,Gustavo Nguyen,8,points,,2026-06-10,ERPHCM-36,ERPHCM-108,2026-04-06T14:43:54Z,2026-06-10T11:02:57Z,2026-06-10T09:49:17Z,ec;wave1;wricef
ERPHCM,Aurora ERP: HR & Payroll (SuccessFactors),ERPHCM-100,Configure compensation planning,story,Done,done,u-diego.morrison,Diego Morrison,8,points,,,ERPHCM-41,,2026-04-08T18:09:36Z,2026-05-29T14:00:35Z,2026-05-28T23:38:53Z,ec;wave1;realize;config
ERPHCM,Aurora ERP: HR & Payroll (SuccessFactors),ERPHCM-101,Unit test Conversion: learning compliance training,task,In Review,in_progress,u-olivia.weber,Olivia Weber,2,points,2026-05-08,2026-06-19,ERPHCM-36,ERPHCM-106,2026-04-10T02:02:36Z,2026-07-03T18:37:33Z,,ec;wave1;wricef
ERPHCM,Aurora ERP: HR & Payroll (SuccessFactors),ERPHCM-102,Configure learning compliance training,story,Done,done,,,2,points,2026-05-07,,ERPHCM-41,,2026-04-11T06:59:50Z,2026-06-15T16:01:48Z,2026-06-14T16:17:12Z,ec;wave1;realize;config
ERPHCM,Aurora ERP: HR & Payroll (SuccessFactors),ERPHCM-103,Unit test: recruiting to onboarding flow,task,Done,done,u-diego.morrison,Diego Morrison,5,points,,2026-06-06,ERPHCM-41,ERPHCM-93,2026-04-11T12:45:19Z,2026-06-08T18:55:28Z,2026-06-07T18:15:51Z,ec;wave1;realize
ERPHCM,Aurora ERP: HR & Payroll (SuccessFactors),ERPHCM-104,Configure benefits enrollment,story,Done,done,u-diego.morrison,Diego Morrison,1,points,,,ERPHCM-41,,2026-04-13T10:44:18Z,2026-06-10T22:54:28Z,2026-06-10T18:11:15Z,ec;wave1;realize;config
ERPHCM,Aurora ERP: HR & Payroll (SuccessFactors),ERPHCM-105,Build Form: Ontario ESA vacation accrual,story,Done,done,u-julia.cote,Julia Côté,5,points,,2026-06-04,ERPHCM-39,ERPHCM-94;ERPHCM-124,2026-04-17T08:08:29Z,2026-06-15T18:18:00Z,2026-06-14T08:04:53Z,py-ca;wave1;wricef
ERPHCM,Aurora ERP: HR & Payroll (SuccessFactors),ERPHCM-106,Build Conversion: learning compliance training,story,Done,done,u-priya.oliveira,Priya Oliveira,5,points,,2026-05-28,ERPHCM-36,ERPHCM-80;ERPHCM-48,2026-04-17T15:59:01Z,2026-06-02T21:12:59Z,2026-06-02T00:25:08Z,ec;wave1;wricef
ERPHCM,Aurora ERP: HR & Payroll (SuccessFactors),ERPHCM-107,Technical spec Interface: garnishments for plant 1100 Guelph,task,Done,done,u-priya.oliveira,Priya Oliveira,1,points,2026-05-17,2026-06-26,ERPHCM-39,ERPHCM-98,2026-04-18T18:27:29Z,2026-06-27T05:48:53Z,2026-06-26T11:44:31Z,py-ca;wave1;wricef
ERPHCM,Aurora ERP: HR & Payroll (SuccessFactors),ERPHCM-108,Functional spec Report: benefits enrollment,task,Done,done,,,13,points,,,ERPHCM-36,,2026-04-20T00:54:42Z,2026-05-23T23:10:44Z,2026-05-23T23:00:06Z,ec;wave1;wricef
ERPHCM,Aurora ERP: HR & Payroll (SuccessFactors),ERPHCM-109,Build Conversion: manager self-service approvals,story,Closed,done,u-diego.morrison,Diego Morrison,3,points,,2026-06-09,ERPHCM-36,ERPHCM-85;ERPHCM-118,2026-04-20T01:35:41Z,2026-06-11T07:34:33Z,2026-06-09T13:24:25Z,ec;wave1;wricef
ERPHCM,Aurora ERP: HR & Payroll (SuccessFactors),ERPHCM-110,Functional spec Report: Employee Central to S/4 replication,task,Done,done,u-fatima.chen,Fatima Chen,13,points,,2026-06-08,ERPHCM-36,,2026-04-20T09:43:07Z,2026-06-08T09:44:36Z,2026-06-06T20:07:25Z,ec;wave1;wricef
ERPHCM,Aurora ERP: HR & Payroll (SuccessFactors),ERPHCM-111,Technical spec Report: union pay scales (Unifor Local 88) for plant 1100 Guelph,task,Done,done,u-priya.oliveira,Priya Oliveira,5,points,,,ERPHCM-39,ERPHCM-72,2026-04-22T00:05:29Z,2026-06-13T22:28:21Z,2026-06-11T23:34:19Z,py-ca;wave1;wricef
ERPHCM,Aurora ERP: HR & Payroll (SuccessFactors),ERPHCM-112,Unit test: year-end T4 and ROE,task,Closed,done,u-kevin.fischer,Kevin Fischer,3,points,,2026-06-10,ERPHCM-35,ERPHCM-83,2026-04-22T13:52:32Z,2026-06-14T12:30:00Z,2026-06-12T23:04:22Z,py-ca;wave1;realize
ERPHCM,Aurora ERP: HR & Payroll (SuccessFactors),ERPHCM-113,Functional spec Report: position management,task,Done,done,u-kevin.fischer,Kevin Fischer,5,points,2026-05-22,,,,2026-04-27T05:04:19Z,2026-07-09T06:48:07Z,2026-07-07T14:06:45Z,ec;wave1;wricef
ERPHCM,Aurora ERP: HR & Payroll (SuccessFactors),ERPHCM-114,Unit test: compensation planning,task,In Progress,in_progress,u-gustavo.nguyen,Gustavo Nguyen,,points,,,ERPHCM-41,ERPHCM-100,2026-04-27T12:12:37Z,2026-08-21T14:52:41Z,,ec;wave1;realize
ERPHCM,Aurora ERP: HR & Payroll (SuccessFactors),ERPHCM-115,Functional spec: Employee Central to S/4 replication for plant 1100 Guelph,task,Closed,done,u-julia.cote,Julia Côté,1,points,,2026-06-29,ERPHCM-41,,2026-04-28T15:41:46Z,2026-07-02T02:29:56Z,2026-06-30T05:33:11Z,ec;wave1;realize
ERPHCM,Aurora ERP: HR & Payroll (SuccessFactors),ERPHCM-116,Configure retroactive pay,story,Closed,done,u-gustavo.nguyen,Gustavo Nguyen,1,points,,,ERPHCM-35,ERPHCM-92,2026-04-29T14:26:37Z,2026-06-24T21:22:15Z,2026-06-23T02:24:06Z,py-ca;wave1;realize;config
ERPHCM,Aurora ERP: HR & Payroll (SuccessFactors),ERPHCM-117,Unit test: time and attendance via Kronos,task,Done,done,u-gustavo.nguyen,Gustavo Nguyen,13,points,2026-05-22,2026-07-01,ERPHCM-35,ERPHCM-87,2026-04-30T11:35:10Z,2026-07-01T14:21:50Z,2026-07-01T10:02:07Z,py-ca;wave1;realize
ERPHCM,Aurora ERP: HR & Payroll (SuccessFactors),ERPHCM-118,Configure org structure and positions for plant 1100 Guelph,story,Done,done,u-diego.morrison,Diego Morrison,5,points,,,ERPHCM-41,,2026-05-01T02:57:17Z,2026-07-05T00:47:27Z,2026-07-04T02:21:11Z,ec;wave1;realize;config
ERPHCM,Aurora ERP: HR & Payroll (SuccessFactors),ERPHCM-119,Unit test Conversion: manager self-service approvals,task,Done,done,u-diego.morrison,Diego Morrison,1,points,,2026-07-06,ERPHCM-36,ERPHCM-109,2026-05-01T08:40:49Z,2026-07-08T09:06:29Z,,ec;wave1;wricef
ERPHCM,Aurora ERP: HR & Payroll (SuccessFactors),ERPHCM-120,Unit test Form: Ontario ESA vacation accrual,task,Done,done,u-priya.oliveira,Priya Oliveira,3,points,,2026-06-21,ERPHCM-39,ERPHCM-105,2026-05-04T04:11:16Z,2026-06-26T20:02:48Z,2026-06-26T15:48:45Z,py-ca;wave1;wricef
ERPHCM,Aurora ERP: HR & Payroll (SuccessFactors),ERPHCM-121,Build Report: Employee Central to S/4 replication,story,Done,done,u-henrique.morrison,Henrique Morrison,3,points,,,ERPHCM-36,ERPHCM-129;ERPHCM-158,2026-05-05T01:16:10Z,2026-07-16T15:40:05Z,2026-07-14T19:20:02Z,ec;wave1;wricef
ERPHCM,Aurora ERP: HR & Payroll (SuccessFactors),ERPHCM-122,Build Interface: garnishments for plant 1100 Guelph,story,Done,done,u-diego.morrison,Diego Morrison,40,points,2026-05-31,,ERPHCM-39,ERPHCM-107;ERPHCM-124,2026-05-06T00:00:04Z,2026-07-11T10:43:47Z,2026-07-09T15:21:42Z,py-ca;wave1;wricef
ERPHCM,Aurora ERP: HR & Payroll (SuccessFactors),ERPHCM-123,Unit test: benefits enrollment,task,Ready,todo,u-fatima.chen,Fatima Chen,3,points,2026-05-26,2026-06-30,ERPHCM-41,ERPHCM-104,2026-05-10T12:45:45Z,2026-05-13T11:44:25Z,,ec;wave1;realize
ERPHCM,Aurora ERP: HR & Payroll (SuccessFactors),ERPHCM-124,Configure Canadian payroll schema for plant 1100 Guelph,story,Closed,done,u-fatima.chen,Fatima Chen,5,points,2026-05-23,,ERPHCM-35,,2026-05-10T19:43:41Z,2026-07-07T11:32:23Z,2026-07-05T17:08:17Z,py-ca;wave1;realize;config
ERPHCM,Aurora ERP: HR & Payroll (SuccessFactors),ERPHCM-125,Build Report: union pay scales (Unifor Local 88) for plant 1100 Guelph,story,Done,done,u-diego.morrison,Diego Morrison,3,points,2026-05-14,,ERPHCM-39,ERPHCM-111;ERPHCM-87;ERPHCM-132,2026-05-11T03:39:38Z,2026-07-02T17:56:38Z,2026-06-30T20:58:00Z,py-ca;wave1;wricef
ERPHCM,Aurora ERP: HR & Payroll (SuccessFactors),ERPHCM-126,Configure Employee Central to S/4 replication for plant 1100 Guelph,story,Done,done,u-julia.cote,Julia Côté,3,points,2026-06-04,2026-07-14,ERPHCM-41,ERPHCM-115,2026-05-12T08:44:23Z,2026-07-14T21:13:05Z,2026-07-13T23:20:27Z,ec;wave1;realize;config
ERPHCM,Aurora ERP: HR & Payroll (SuccessFactors),ERPHCM-127,Functional spec Conversion: garnishments,task,In Progress,in_progress,u-gustavo.nguyen,Gustavo Nguyen,,points,2026-05-20,2026-07-08,ERPHCM-39,,2026-05-13T19:30:40Z,2026-08-16T08:38:33Z,,py-ca;wave1;wricef
ERPHCM,Aurora ERP: HR & Payroll (SuccessFactors),ERPHCM-128,Build Report: benefits enrollment,story,Closed,done,u-diego.morrison,Diego Morrison,2,points,,2026-06-30,ERPHCM-36,ERPHCM-99;ERPHCM-167,2026-05-14T02:28:26Z,2026-07-01T12:12:54Z,2026-06-29T18:37:59Z,ec;wave1;wricef
ERPHCM,Aurora ERP: HR & Payroll (SuccessFactors),ERPHCM-129,Technical spec Report: Employee Central to S/4 replication,task,Done,done,u-diego.morrison,Diego Morrison,1,points,2026-05-15,2026-06-30,ERPHCM-36,ERPHCM-110,2026-05-14T03:59:00Z,2026-07-10T21:15:18Z,2026-07-09T08:55:40Z,ec;wave1;wricef
ERPHCM,Aurora ERP: HR & Payroll (SuccessFactors),ERPHCM-130,"Functional spec: Quebec payroll (RL-1, QPP) for plant 1100 Guelph",task,Closed,done,u-gustavo.nguyen,Gustavo Nguyen,5,points,2026-06-09,,ERPHCM-35,,2026-05-15T15:05:20Z,2026-07-18T13:35:30Z,2026-07-17T05:15:12Z,py-ca;wave1;realize
ERPHCM,Aurora ERP: HR & Payroll (SuccessFactors),ERPHCM-131,Unit test: Canadian payroll schema for plant 1100 Guelph,task,Closed,done,u-henrique.morrison,Henrique Morrison,2,points,,2026-07-21,ERPHCM-35,ERPHCM-124,2026-05-16T00:23:23Z,2026-07-30T15:41:14Z,2026-07-29T16:56:22Z,py-ca;wave1;realize
ERPHCM,Aurora ERP: HR & Payroll (SuccessFactors),ERPHCM-132,Technical spec Conversion: garnishments,task,Done,done,u-diego.morrison,Diego Morrison,,points,,,ERPHCM-39,ERPHCM-127,2026-05-17T03:28:16Z,2026-07-12T06:27:45Z,2026-07-11T14:31:53Z,py-ca;wave1;wricef
ERPHCM,Aurora ERP: HR & Payroll (SuccessFactors),ERPHCM-133,Unit test: retroactive pay,task,Closed,done,u-diego.morrison,Diego Morrison,1,points,,,,ERPHCM-116,2026-05-21T14:08:01Z,2026-07-10T01:19:21Z,2026-07-09T14:32:07Z,py-ca;wave1;realize
ERPHCM,Aurora ERP: HR & Payroll (SuccessFactors),ERPHCM-134,"Functional spec Form: Quebec payroll (RL-1, QPP)",task,Done,done,u-omar.roy,Omar Roy,,points,,2026-07-30,ERPHCM-39,,2026-05-23T08:19:34Z,2026-08-11T06:37:59Z,2026-08-09T09:18:23Z,py-ca;wave1;wricef
ERPHCM,Aurora ERP: HR & Payroll (SuccessFactors),ERPHCM-135,Unit test: org structure and positions for plant 1100 Guelph,task,Closed,done,u-priya.oliveira,Priya Oliveira,13,points,2026-06-19,2026-07-27,ERPHCM-41,ERPHCM-118,2026-05-27T07:49:10Z,2026-08-02T20:44:33Z,2026-08-02T01:08:04Z,ec;wave1;realize
ERPHCM,Aurora ERP: HR & Payroll (SuccessFactors),ERPHCM-136,Configure Ontario ESA vacation accrual for plant 1100 Guelph,story,Backlog,todo,,,,points,,2026-07-13,ERPHCM-35,,2026-05-28T04:45:29Z,2026-05-28T04:45:29Z,,py-ca;wave1;realize;config
ERPHCM,Aurora ERP: HR & Payroll (SuccessFactors),ERPHCM-137,Unit test: learning compliance training,task,Done,done,u-diego.morrison,Diego Morrison,13,points,,2026-07-06,ERPHCM-41,ERPHCM-102,2026-05-28T19:13:40Z,2026-07-11T01:31:20Z,2026-07-09T13:34:51Z,ec;wave1;realize
ERPHCM,Aurora ERP: HR & Payroll (SuccessFactors),ERPHCM-138,Unit test Report: union pay scales (Unifor Local 88) for plant 1100 Guelph,task,Done,done,u-olivia.weber,Olivia Weber,3,points,,,ERPHCM-39,ERPHCM-125,2026-05-30T04:50:03Z,2026-07-18T20:56:16Z,2026-07-16T22:07:03Z,py-ca;wave1;wricef
ERPHCM,Aurora ERP: HR & Payroll (SuccessFactors),ERPHCM-139,Configure position management for plant 1100 Guelph,story,Done,done,u-henrique.morrison,Henrique Morrison,1,points,,2026-07-17,ERPHCM-41,,2026-05-31T08:31:24Z,2026-07-14T11:30:07Z,2026-07-14T03:17:43Z,ec;wave1;realize;config
ERPHCM,Aurora ERP: HR & Payroll (SuccessFactors),ERPHCM-140,Unit test: Ontario ESA vacation accrual for plant 1100 Guelph,task,Closed,done,u-diego.morrison,Diego Morrison,5,points,2026-06-26,2026-08-16,ERPHCM-35,ERPHCM-136,2026-05-31T12:03:02Z,2026-08-21T14:43:35Z,2026-08-19T23:25:15Z,py-ca;wave1;realize
ERPHCM,Aurora ERP: HR & Payroll (SuccessFactors),ERPHCM-141,Technical spec Report: position management,task,Closed,done,u-gustavo.nguyen,Gustavo Nguyen,5,points,,2026-07-09,ERPHCM-36,ERPHCM-113,2026-05-31T12:43:05Z,2026-07-11T15:54:29Z,2026-07-11T12:10:49Z,ec;wave1;wricef
ERPHCM,Aurora ERP: HR & Payroll (SuccessFactors),ERPHCM-142,Unit test Report: benefits enrollment,task,Closed,done,u-diego.morrison,Diego Morrison,2,points,,,ERPHCM-36,ERPHCM-128,2026-05-31T21:20:00Z,2026-07-17T22:35:35Z,2026-07-17T19:13:02Z,ec;wave1;wricef
ERPHCM,Aurora ERP: HR & Payroll (SuccessFactors),ERPHCM-143,Functional spec Form: org structure and positions,task,Done,done,u-diego.morrison,Diego Morrison,5,points,,,ERPHCM-36,,2026-06-01T10:50:38Z,2026-07-24T00:58:35Z,2026-07-22T17:20:28Z,ec;wave1;wricef
ERPHCM,Aurora ERP: HR & Payroll (SuccessFactors),ERPHCM-144,Functional spec Interface: recruiting to onboarding flow for plant 1100 Guelph,task,Done,done,u-omar.roy,Omar Roy,3,points,2026-06-19,,ERPHCM-36,,2026-06-01T14:29:47Z,2026-08-09T06:54:09Z,2026-08-08T10:33:09Z,ec;wave1;wricef
ERPHCM,Aurora ERP: HR & Payroll (SuccessFactors),ERPHCM-145,Unit test Report: Employee Central to S/4 replication,task,Closed,done,u-fatima.chen,Fatima Chen,3,points,,2026-07-28,ERPHCM-36,ERPHCM-121,2026-06-03T01:46:09Z,2026-07-31T00:20:27Z,2026-07-29T15:27:49Z,ec;wave1;wricef
ERPHCM,Aurora ERP: HR & Payroll (SuccessFactors),ERPHCM-146,Unit test Interface: garnishments for plant 1100 Guelph,task,Closed,done,u-olivia.weber,Olivia Weber,5,points,,2026-08-03,ERPHCM-39,ERPHCM-122,2026-06-03T20:01:40Z,2026-08-11T19:12:11Z,2026-08-10T12:54:50Z,py-ca;wave1;wricef
ERPHCM,Aurora ERP: HR & Payroll (SuccessFactors),ERPHCM-147,Build Conversion: garnishments,story,In Progress,in_progress,u-diego.morrison,Diego Morrison,8,points,,2026-08-10,ERPHCM-39,ERPHCM-132;ERPHCM-116,2026-06-04T10:04:19Z,2026-06-17T10:53:52Z,,py-ca;wave1;wricef
ERPHCM,Aurora ERP: HR & Payroll (SuccessFactors),ERPHCM-148,EC: SIT cycles 1 and 2,epic,Blocked,in_progress,u-fatima.chen,Fatima Chen,,points,2026-07-03,,,,2026-06-05T13:01:56Z,2026-08-09T00:00:00Z,,ec;wave1;sit
ERPHCM,Aurora ERP: HR & Payroll (SuccessFactors),ERPHCM-149,Functional spec: recruiting to onboarding flow for plant 1100 Guelph,task,Closed,done,u-kevin.fischer,Kevin Fischer,3,points,2026-06-28,,ERPHCM-41,,2026-06-06T07:19:49Z,2026-08-18T21:37:25Z,2026-08-18T02:11:00Z,ec;wave1;realize
ERPHCM,Aurora ERP: HR & Payroll (SuccessFactors),ERPHCM-150,"Configure Quebec payroll (RL-1, QPP) for plant 1100 Guelph",story,Blocked,in_progress,u-julia.cote,Julia Côté,,points,2026-06-15,,ERPHCM-35,ERPHCM-130,2026-06-11T03:12:36Z,2026-08-22T10:52:20Z,,py-ca;wave1;realize;config
ERPHCM,Aurora ERP: HR & Payroll (SuccessFactors),ERPHCM-151,"Technical spec Form: Quebec payroll (RL-1, QPP)",task,Done,done,u-julia.cote,Julia Côté,1,points,,2026-08-03,ERPHCM-39,ERPHCM-134,2026-06-11T09:13:24Z,2026-08-12T04:31:48Z,2026-08-11T17:49:36Z,py-ca;wave1;wricef
ERPHCM,Aurora ERP: HR & Payroll (SuccessFactors),ERPHCM-152,Technical spec Form: org structure and positions,task,Done,done,u-kevin.fischer,Kevin Fischer,3,points,,2026-07-31,ERPHCM-36,ERPHCM-143,2026-06-13T14:38:01Z,2026-08-10T03:46:06Z,2026-08-10T00:05:17Z,ec;wave1;wricef
ERPHCM,Aurora ERP: HR & Payroll (SuccessFactors),ERPHCM-153,SIT-1 Record-to-Report scenario 1 (EC),task,Done,done,u-omar.roy,Omar Roy,5,points,,2026-08-05,ERPHCM-148,ERPHCM-104;ERPHCM-60,2026-06-14T04:18:53Z,2026-08-12T06:51:31Z,2026-08-12T01:07:31Z,ec;wave1;sit
ERPHCM,Aurora ERP: HR & Payroll (SuccessFactors),ERPHCM-154,Unit test Report: position management,task,Done,done,,,1,points,2026-07-08,2026-08-17,ERPHCM-36,ERPHCM-166,2026-06-14T07:43:57Z,2026-08-24T00:00:00Z,2026-08-24T08:52:43Z,ec;wave1;wricef
ERPHCM,Aurora ERP: HR & Payroll (SuccessFactors),ERPHCM-155,SIT-1 Hire-to-Retire scenario 4 (EC),task,Backlog,todo,,,3,points,,,ERPHCM-148,ERPHCM-126;ERPHCM-48,2026-06-15T19:16:16Z,2026-07-18T08:02:40Z,,ec;wave1;sit
ERPHCM,Aurora ERP: HR & Payroll (SuccessFactors),ERPHCM-156,SIT-1 Hire-to-Retire scenario 1 (EC),task,Backlog,todo,,,8,points,2026-07-03,,ERPHCM-148,ERPHCM-139;ERPHCM-118,2026-06-16T00:40:19Z,2026-06-16T00:40:19Z,,ec;wave1;sit
ERPHCM,Aurora ERP: HR & Payroll (SuccessFactors),ERPHCM-157,PY-CA: SIT cycles 1 and 2,epic,In Review,in_progress,u-olivia.weber,Olivia Weber,,points,2026-07-16,2026-09-22,,,2026-06-16T19:42:09Z,2026-08-05T00:00:00Z,,py-ca;wave1;sit
ERPHCM,Aurora ERP: HR & Payroll (SuccessFactors),ERPHCM-158,Configure recruiting to onboarding flow for plant 1100 Guelph,story,Closed,done,u-kevin.fischer,Kevin Fischer,5,points,2026-07-08,2026-08-12,ERPHCM-41,ERPHCM-149;ERPHCM-108,2026-06-17T10:43:29Z,2026-08-22T09:57:36Z,2026-08-21T08:34:21Z,ec;wave1;realize;config
ERPHCM,Aurora ERP: HR & Payroll (SuccessFactors),ERPHCM-159,SIT-1 Record-to-Report scenario 4 (PY-CA),task,Done,done,u-gustavo.nguyen,Gustavo Nguyen,2,points,2026-07-16,2026-07-29,ERPHCM-157,ERPHCM-124,2026-06-18T21:15:39Z,2026-08-08T13:52:18Z,2026-08-07T16:18:11Z,py-ca;wave1;sit
ERPHCM,Aurora ERP: HR & Payroll (SuccessFactors),ERPHCM-160,SIT-1 Record-to-Report scenario 3 (EC),task,Done,done,u-diego.morrison,Diego Morrison,2,points,2026-07-11,2026-07-31,ERPHCM-148,ERPHCM-126;ERPHCM-70;ERPHCM-158,2026-06-18T23:54:31Z,2026-07-29T12:43:11Z,2026-07-27T12:50:39Z,ec;wave1;sit
ERPHCM,Aurora ERP: HR & Payroll (SuccessFactors),ERPHCM-161,Configure union pay scales (Unifor Local 88) for plant 1100 Guelph,story,Closed,done,u-henrique.morrison,Henrique Morrison,3,points,,2026-08-02,ERPHCM-35,,2026-06-19T01:43:16Z,2026-08-13T05:31:53Z,2026-08-12T21:37:42Z,py-ca;wave1;realize;config
ERPHCM,Aurora ERP: HR & Payroll (SuccessFactors),ERPHCM-162,SIT-1 Record-to-Report scenario 6 (PY-CA),task,Closed,done,u-julia.cote,Julia Côté,5,points,2026-07-16,2026-07-30,ERPHCM-157,ERPHCM-205;ERPHCM-90;ERPHCM-116,2026-06-19T20:52:59Z,2026-08-11T08:49:02Z,2026-08-10T02:57:26Z,py-ca;wave1;sit
ERPHCM,Aurora ERP: HR & Payroll (SuccessFactors),ERPHCM-163,SIT-1 Hire-to-Retire scenario 5 (EC),task,Done,done,u-diego.morrison,Diego Morrison,2,points,2026-07-03,,ERPHCM-148,ERPHCM-45;ERPHCM-118,2026-06-20T01:27:12Z,2026-08-01T15:29:30Z,2026-07-31T12:26:38Z,ec;wave1;sit
ERPHCM,Aurora ERP: HR & Payroll (SuccessFactors),ERPHCM-164,SIT-1 Hire-to-Retire scenario 2 (EC),task,Done,done,u-diego.morrison,Diego Morrison,8,points,2026-07-03,,,ERPHCM-118;ERPHCM-100;ERPHCM-158,2026-06-20T17:15:25Z,2026-07-21T01:57:08Z,2026-07-19T20:21:15Z,ec;wave1;sit
ERPHCM,Aurora ERP: HR & Payroll (SuccessFactors),ERPHCM-165,Technical spec Interface: recruiting to onboarding flow for plant 1100 Guelph,task,Done,done,u-diego.morrison,Diego Morrison,,points,,,ERPHCM-36,ERPHCM-144,2026-06-21T09:38:36Z,2026-08-07T14:42:02Z,2026-08-07T11:27:55Z,ec;wave1;wricef
ERPHCM,Aurora ERP: HR & Payroll (SuccessFactors),ERPHCM-166,Build Report: position management,story,Closed,done,u-diego.morrison,Diego Morrison,2,points,,2026-07-22,ERPHCM-36,ERPHCM-141;ERPHCM-60,2026-06-22T09:43:43Z,2026-07-27T06:03:26Z,2026-07-26T09:32:34Z,ec;wave1;wricef
ERPHCM,Aurora ERP: HR & Payroll (SuccessFactors),ERPHCM-167,Configure manager self-service approvals for plant 1100 Guelph,story,Done,done,u-omar.roy,Omar Roy,5,points,,2026-07-28,ERPHCM-41,,2026-06-22T17:38:23Z,2026-08-04T15:44:20Z,2026-08-04T09:49:32Z,ec;wave1;realize;config
ERPHCM,Aurora ERP: HR & Payroll (SuccessFactors),ERPHCM-168,SIT-1 Record-to-Report scenario 3 (PY-CA),task,Done,done,u-fatima.chen,Fatima Chen,2,points,,2026-07-28,ERPHCM-157,ERPHCM-87;ERPHCM-161;ERPHCM-136,2026-06-22T20:38:45Z,2026-07-30T03:42:09Z,2026-07-29T08:59:34Z,py-ca;wave1;sit
ERPHCM,Aurora ERP: HR & Payroll (SuccessFactors),ERPHCM-169,SIT-1 Hire-to-Retire scenario 3 (EC),task,Closed,done,u-gustavo.nguyen,Gustavo Nguyen,5,points,,2026-07-19,ERPHCM-148,ERPHCM-70;ERPHCM-104;ERPHCM-197,2026-06-22T21:11:01Z,2026-07-27T16:00:22Z,2026-07-26T20:29:06Z,ec;wave1;sit
ERPHCM,Aurora ERP: HR & Payroll (SuccessFactors),ERPHCM-170,Configure garnishments for plant 1100 Guelph,story,Closed,done,u-gustavo.nguyen,Gustavo Nguyen,3,points,,2026-08-15,ERPHCM-35,,2026-06-22T22:55:49Z,2026-08-24T00:00:00Z,2026-08-22T22:34:45Z,py-ca;wave1;realize;config
ERPHCM,Aurora ERP: HR & Payroll (SuccessFactors),ERPHCM-171,Build Form: org structure and positions,story,In Review,in_progress,u-diego.morrison,Diego Morrison,2,points,,,ERPHCM-36,ERPHCM-152;ERPHCM-104,2026-06-23T20:24:09Z,2026-08-21T12:08:32Z,,ec;wave1;wricef
ERPHCM,Aurora ERP: HR & Payroll (SuccessFactors),ERPHCM-172,Functional spec Enhancement: learning compliance training,task,Done,done,u-omar.roy,Omar Roy,1,points,,,ERPHCM-36,,2026-06-24T06:40:23Z,2026-08-11T13:13:34Z,2026-08-10T19:34:32Z,ec;wave1;wricef
ERPHCM,Aurora ERP: HR & Payroll (SuccessFactors),ERPHCM-173,SIT-1 Record-to-Report scenario 7 (PY-CA),task,Closed,done,,,8,points,,,,ERPHCM-54;ERPHCM-205;ERPHCM-83,2026-06-24T20:47:39Z,2026-08-08T00:00:48Z,2026-08-06T00:12:15Z,py-ca;wave1;sit
ERPHCM,Aurora ERP: HR & Payroll (SuccessFactors),ERPHCM-174,SIT-1 Hire-to-Retire scenario 6 (EC),task,Closed,done,u-julia.cote,Julia Côté,5,points,2026-07-03,2026-07-26,ERPHCM-148,ERPHCM-60,2026-06-25T02:24:46Z,2026-07-28T16:25:17Z,2026-07-28T03:06:13Z,ec;wave1;sit
ERPHCM,Aurora ERP: HR & Payroll (SuccessFactors),ERPHCM-175,Unit test: position management for plant 1100 Guelph,task,Done,done,u-olivia.weber,Olivia Weber,3,points,,2026-08-12,ERPHCM-41,ERPHCM-139,2026-06-26T00:15:12Z,2026-08-22T03:36:30Z,2026-08-21T13:03:46Z,ec;wave1;realize
ERPHCM,Aurora ERP: HR & Payroll (SuccessFactors),ERPHCM-176,SIT-1 Plan-to-Produce scenario 3 (EC),task,In Review,in_progress,u-olivia.weber,Olivia Weber,13,points,,2026-08-10,ERPHCM-148,ERPHCM-48,2026-06-26T19:59:47Z,2026-08-19T10:04:05Z,,ec;wave1;sit
ERPHCM,Aurora ERP: HR & Payroll (SuccessFactors),ERPHCM-177,Functional spec Interface: Ontario ESA vacation accrual for plant 1100 Guelph,task,Closed,done,u-priya.oliveira,Priya Oliveira,2,points,2026-07-08,,ERPHCM-39,,2026-06-27T21:15:40Z,2026-08-19T23:53:01Z,2026-08-19T09:05:59Z,py-ca;wave1;wricef
ERPHCM,Aurora ERP: HR & Payroll (SuccessFactors),ERPHCM-178,SIT-1 Hire-to-Retire scenario 7 (EC),task,Closed,done,u-diego.morrison,Diego Morrison,2,points,,2026-07-22,ERPHCM-148,ERPHCM-60;ERPHCM-158;ERPHCM-45,2026-06-28T00:10:00Z,2026-07-27T03:01:39Z,2026-07-27T00:24:25Z,ec;wave1;sit
ERPHCM,Aurora ERP: HR & Payroll (SuccessFactors),ERPHCM-179,SIT-1 Record-to-Report scenario 2 (PY-CA),task,Closed,done,u-diego.morrison,Diego Morrison,5,points,,2026-08-01,ERPHCM-157,ERPHCM-78;ERPHCM-116;ERPHCM-87,2026-06-28T07:39:09Z,2026-08-08T07:24:57Z,2026-08-06T11:21:35Z,py-ca;wave1;sit
ERPHCM,Aurora ERP: HR & Payroll (SuccessFactors),ERPHCM-180,SIT-1 Plan-to-Produce scenario 2 (PY-CA),task,Done,done,u-olivia.weber,Olivia Weber,8,points,,2026-08-11,ERPHCM-157,ERPHCM-55;ERPHCM-297,2026-06-29T08:41:08Z,2026-08-19T05:21:57Z,2026-08-18T07:28:30Z,py-ca;wave1;sit
ERPHCM,Aurora ERP: HR & Payroll (SuccessFactors),ERPHCM-181,Unit test: Employee Central to S/4 replication for plant 1100 Guelph,task,Done,done,u-gustavo.nguyen,Gustavo Nguyen,2,points,,,ERPHCM-41,ERPHCM-126,2026-07-01T00:57:06Z,2026-08-11T22:11:06Z,2026-08-11T14:59:01Z,ec;wave1;realize
ERPHCM,Aurora ERP: HR & Payroll (SuccessFactors),ERPHCM-182,SIT-1 Plan-to-Produce scenario 2 (EC),task,To Do,todo,,,8,points,,2026-08-09,ERPHCM-148,ERPHCM-45;ERPHCM-70,2026-07-02T16:58:28Z,2026-07-02T16:58:28Z,,ec;wave1;sit
ERPHCM,Aurora ERP: HR & Payroll (SuccessFactors),ERPHCM-183,SIT-1 Plan-to-Produce scenario 4 (PY-CA),task,Closed,done,u-priya.oliveira,Priya Oliveira,5,points,,,,ERPHCM-87;ERPHCM-78;ERPHCM-124,2026-07-04T06:06:20Z,2026-08-14T12:40:28Z,2026-08-13T09:43:44Z,py-ca;wave1;sit
ERPHCM,Aurora ERP: HR & Payroll (SuccessFactors),ERPHCM-184,SIT-1 Plan-to-Produce scenario 4 (EC),task,In Progress,in_progress,u-fatima.chen,Fatima Chen,2,points,2026-07-20,,ERPHCM-148,ERPHCM-102;ERPHCM-167;ERPHCM-93,2026-07-04T12:13:12Z,2026-08-16T15:08:09Z,,ec;wave1;sit
ERPHCM,Aurora ERP: HR & Payroll (SuccessFactors),ERPHCM-185,Functional spec Conversion: compensation planning,task,Done,done,u-diego.morrison,Diego Morrison,8,points,,2026-08-17,ERPHCM-36,,2026-07-04T21:08:24Z,2026-08-12T22:10:49Z,2026-08-12T18:33:35Z,ec;wave1;wricef
ERPHCM,Aurora ERP: HR & Payroll (SuccessFactors),ERPHCM-186,Unit test Conversion: garnishments,task,In Progress,in_progress,u-gustavo.nguyen,Gustavo Nguyen,5,points,,,ERPHCM-39,ERPHCM-147,2026-07-05T14:53:27Z,2026-08-20T18:53:35Z,,py-ca;wave1;wricef
ERPHCM,Aurora ERP: HR & Payroll (SuccessFactors),ERPHCM-187,Defect: MRP creates planned orders in closed periods (PY-CA),bug,Backlog,todo,,,5,points,,,ERPHCM-157,,2026-07-05T20:46:10Z,2026-07-05T20:46:10Z,,py-ca;wave1;sit;defect
ERPHCM,Aurora ERP: HR & Payroll (SuccessFactors),ERPHCM-188,Unit test: manager self-service approvals for plant 1100 Guelph,task,Done,done,u-fatima.chen,Fatima Chen,2,points,2026-07-22,2026-08-12,ERPHCM-41,ERPHCM-167,2026-07-06T17:36:11Z,2026-08-22T21:01:42Z,2026-08-21T15:56:20Z,ec;wave1;realize
ERPHCM,Aurora ERP: HR & Payroll (SuccessFactors),ERPHCM-189,SIT-1 Record-to-Report scenario 4 (EC),task,Closed,done,u-priya.oliveira,Priya Oliveira,13,points,2026-07-12,2026-07-31,ERPHCM-148,ERPHCM-100;ERPHCM-118;ERPHCM-93,2026-07-07T01:42:19Z,2026-08-09T07:36:49Z,2026-08-07T07:48:47Z,ec;wave1;sit
ERPHCM,Aurora ERP: HR & Payroll (SuccessFactors),ERPHCM-190,"Unit test: Quebec payroll (RL-1, QPP) for plant 1100 Guelph",task,Closed,done,u-gustavo.nguyen,Gustavo Nguyen,8,points,2026-07-14,,ERPHCM-35,ERPHCM-150,2026-07-07T15:04:04Z,2026-08-24T00:00:00Z,2026-08-24T21:16:19Z,py-ca;wave1;realize
ERPHCM,Aurora ERP: HR & Payroll (SuccessFactors),ERPHCM-191,SIT-1 Plan-to-Produce scenario 1 (EC),task,Done,done,,,5,points,,,ERPHCM-148,ERPHCM-139;ERPHCM-45,2026-07-07T17:49:55Z,2026-08-19T15:26:24Z,2026-08-18T10:51:56Z,ec;wave1;sit
ERPHCM,Aurora ERP: HR & Payroll (SuccessFactors),ERPHCM-192,Technical spec Enhancement: learning compliance training,task,In Progress,in_progress,u-gustavo.nguyen,Gustavo Nguyen,,points,,,ERPHCM-36,ERPHCM-172,2026-07-07T21:00:03Z,2026-08-20T17:22:33Z,,ec;wave1;wricef
ERPHCM,Aurora ERP: HR & Payroll (SuccessFactors),ERPHCM-193,Unit test Form: org structure and positions,task,To Do,todo,,,5,points,,2026-08-17,ERPHCM-36,ERPHCM-171,2026-07-08T01:42:38Z,2026-07-08T01:42:38Z,,ec;wave1;wricef
ERPHCM,Aurora ERP: HR & Payroll (SuccessFactors),ERPHCM-194,Build Interface: recruiting to onboarding flow for plant 1100 Guelph,story,Closed,done,u-priya.oliveira,Priya Oliveira,5,points,,2026-08-17,ERPHCM-36,ERPHCM-165;ERPHCM-93,2026-07-08T04:58:31Z,2026-08-24T00:00:00Z,2026-08-24T21:08:59Z,ec;wave1;wricef
ERPHCM,Aurora ERP: HR & Payroll (SuccessFactors),ERPHCM-195,SIT-1 Acquire-to-Retire scenario 3 (PY-CA),task,In Progress,in_progress,u-julia.cote,Julia Côté,3,points,,2026-08-07,ERPHCM-157,ERPHCM-205;ERPHCM-78,2026-07-08T14:22:20Z,2026-08-21T21:07:40Z,,py-ca;wave1;sit
ERPHCM,Aurora ERP: HR & Payroll (SuccessFactors),ERPHCM-196,SIT-1 Plan-to-Produce scenario 1 (PY-CA),task,Closed,done,u-gustavo.nguyen,Gustavo Nguyen,8,points,,,,ERPHCM-124,2026-07-08T23:10:48Z,2026-08-24T00:00:00Z,2026-08-23T17:45:57Z,py-ca;wave1;sit
ERPHCM,Aurora ERP: HR & Payroll (SuccessFactors),ERPHCM-197,Configure compensation planning for plant 1100 Guelph,story,In Review,in_progress,u-olivia.weber,Olivia Weber,5,points,2026-07-23,2026-08-12,,ERPHCM-202,2026-07-09T02:36:30Z,2026-08-14T16:47:46Z,,ec;wave1;realize;config
ERPHCM,Aurora ERP: HR & Payroll (SuccessFactors),ERPHCM-198,SIT-1 Acquire-to-Retire scenario 2 (PY-CA),task,Closed,done,u-diego.morrison,Diego Morrison,3,points,2026-07-22,2026-08-07,ERPHCM-157,ERPHCM-49;ERPHCM-124,2026-07-09T22:26:24Z,2026-08-05T12:45:35Z,2026-08-04T12:09:34Z,py-ca;wave1;sit
ERPHCM,Aurora ERP: HR & Payroll (SuccessFactors),ERPHCM-199,"Build Form: Quebec payroll (RL-1, QPP)",story,Ready,todo,,,2,points,,2026-08-26,ERPHCM-39,ERPHCM-151;ERPHCM-54,2026-07-10T03:30:29Z,2026-07-10T03:30:29Z,,py-ca;wave1;wricef
ERPHCM,Aurora ERP: HR & Payroll (SuccessFactors),ERPHCM-200,SIT-1 Record-to-Report scenario 2 (EC),task,Closed,done,u-gustavo.nguyen,Gustavo Nguyen,1,points,2026-07-11,2026-08-01,ERPHCM-148,ERPHCM-197;ERPHCM-104,2026-07-10T19:39:16Z,2026-08-06T10:29:29Z,2026-08-05T03:39:28Z,ec;wave1;sit
ERPHCM,Aurora ERP: HR & Payroll (SuccessFactors),ERPHCM-201,SIT-1 Acquire-to-Retire scenario 1 (PY-CA),task,Closed,done,u-fatima.chen,Fatima Chen,3,points,,,,ERPHCM-124;ERPHCM-205,2026-07-11T01:33:12Z,2026-08-07T00:49:59Z,2026-08-06T05:13:39Z,py-ca;wave1;sit
ERPHCM,Aurora ERP: HR & Payroll (SuccessFactors),ERPHCM-202,Functional spec: compensation planning for plant 1100 Guelph,task,Closed,done,u-kevin.fischer,Kevin Fischer,5,points,,,ERPHCM-41,,2026-07-11T10:55:21Z,2026-08-24T00:00:00Z,2026-08-22T15:11:04Z,ec;wave1;realize
ERPHCM,Aurora ERP: HR & Payroll (SuccessFactors),ERPHCM-203,Functional spec Interface: union pay scales (Unifor Local 88) for plant 1100 Guelph,task,In Progress,in_progress,u-priya.oliveira,Priya Oliveira,3,points,2026-07-28,2026-08-26,ERPHCM-39,,2026-07-12T04:11:35Z,2026-08-18T15:51:29Z,,py-ca;wave1;wricef
ERPHCM,Aurora ERP: HR & Payroll (SuccessFactors),ERPHCM-204,Unit test: union pay scales (Unifor Local 88) for plant 1100 Guelph,task,Blocked,in_progress,,,8,points,,2026-08-18,ERPHCM-35,ERPHCM-161,2026-07-12T12:29:18Z,2026-08-13T14:25:48Z,,py-ca;wave1;realize
ERPHCM,Aurora ERP: HR & Payroll (SuccessFactors),ERPHCM-205,Configure year-end T4 and ROE for plant 1100 Guelph,story,In Progress,in_progress,u-henrique.morrison,Henrique Morrison,2,points,2026-07-26,,ERPHCM-35,ERPHCM-261,2026-07-12T21:49:24Z,2026-08-12T11:26:06Z,,py-ca;wave1;realize;config
ERPHCM,Aurora ERP: HR & Payroll (SuccessFactors),ERPHCM-206,SIT-1 Record-to-Report scenario 5 (PY-CA),task,Closed,done,u-diego.morrison,Diego Morrison,8,points,,,ERPHCM-157,ERPHCM-54;ERPHCM-49,2026-07-13T18:41:15Z,2026-07-28T14:32:39Z,2026-07-28T07:00:11Z,py-ca;wave1;sit
ERPHCM,Aurora ERP: HR & Payroll (SuccessFactors),ERPHCM-207,Technical spec Interface: Ontario ESA vacation accrual for plant 1100 Guelph,task,Ready,todo,u-fatima.chen,Fatima Chen,8,points,2026-07-23,2026-08-26,ERPHCM-39,ERPHCM-177,2026-07-14T07:36:19Z,2026-07-14T07:36:19Z,,py-ca;wave1;wricef
ERPHCM,Aurora ERP: HR & Payroll (SuccessFactors),ERPHCM-208,SIT-1 Record-to-Report scenario 1 (PY-CA),task,Closed,done,u-olivia.weber,Olivia Weber,3,points,2026-07-17,2026-07-30,ERPHCM-157,ERPHCM-55;ERPHCM-54,2026-07-14T22:36:04Z,2026-07-27T04:11:43Z,2026-07-26T02:39:52Z,py-ca;wave1;sit
ERPHCM,Aurora ERP: HR & Payroll (SuccessFactors),ERPHCM-209,SIT-1 Acquire-to-Retire scenario 4 (PY-CA),task,Closed,done,u-gustavo.nguyen,Gustavo Nguyen,8,points,,,ERPHCM-157,ERPHCM-90;ERPHCM-54,2026-07-15T00:55:03Z,2026-08-11T10:26:16Z,2026-08-11T10:01:17Z,py-ca;wave1;sit
ERPHCM,Aurora ERP: HR & Payroll (SuccessFactors),ERPHCM-210,"Unit test Form: Quebec payroll (RL-1, QPP)",task,Ready,todo,,,2,points,,2026-08-26,ERPHCM-39,ERPHCM-199,2026-07-15T23:13:34Z,2026-07-15T23:13:34Z,,py-ca;wave1;wricef
ERPHCM,Aurora ERP: HR & Payroll (SuccessFactors),ERPHCM-211,Defect: variant configuration price not recalculated (EC),bug,Closed,done,u-henrique.morrison,Henrique Morrison,1,points,2026-07-25,,ERPHCM-148,,2026-07-16T18:59:35Z,2026-08-18T12:07:48Z,2026-08-16T19:56:28Z,ec;wave1;sit;defect
ERPHCM,Aurora ERP: HR & Payroll (SuccessFactors),ERPHCM-212,Authorization role for recruiting to onboarding flow for plant 1100 Guelph,task,In Progress,in_progress,u-henrique.morrison,Henrique Morrison,5,points,2026-08-10,2026-08-12,ERPHCM-41,ERPHCM-158,2026-07-16T22:42:52Z,2026-08-18T20:14:41Z,,ec;wave1;realize;security
ERPHCM,Aurora ERP: HR & Payroll (SuccessFactors),ERPHCM-213,Defect: pricing condition not applied on returns (EC),bug,In Progress,in_progress,u-gustavo.nguyen,Gustavo Nguyen,3,points,,2026-08-19,ERPHCM-148,,2026-07-19T21:26:20Z,2026-08-13T12:25:51Z,,ec;wave1;sit;defect
ERPHCM,Aurora ERP: HR & Payroll (SuccessFactors),ERPHCM-214,Unit test: recruiting to onboarding flow for plant 1100 Guelph,task,Closed,done,u-fatima.chen,Fatima Chen,5,points,,2026-08-12,,ERPHCM-158,2026-07-20T05:57:47Z,2026-08-17T20:21:09Z,2026-08-17T12:13:32Z,ec;wave1;realize
ERPHCM,Aurora ERP: HR & Payroll (SuccessFactors),ERPHCM-215,Defect: usage decision does not release stock (EC),bug,Done,done,u-kevin.fischer,Kevin Fischer,3,points,,,ERPHCM-148,,2026-07-21T01:09:11Z,2026-08-17T07:58:29Z,2026-08-16T02:46:34Z,ec;wave1;sit;defect
ERPHCM,Aurora ERP: HR & Payroll (SuccessFactors),ERPHCM-216,Build Interface: Ontario ESA vacation accrual for plant 1100 Guelph,story,Closed,done,u-gustavo.nguyen,Gustavo Nguyen,5,points,2026-08-11,2026-08-26,ERPHCM-39,ERPHCM-207;ERPHCM-49,2026-07-21T02:57:43Z,2026-08-24T00:00:00Z,2026-08-24T14:42:13Z,py-ca;wave1;wricef
ERPHCM,Aurora ERP: HR & Payroll (SuccessFactors),ERPHCM-217,"Authorization role for Quebec payroll (RL-1, QPP) for plant 1100 Guelph",task,In Progress,in_progress,u-kevin.fischer,Kevin Fischer,5,points,2026-07-26,2026-08-18,ERPHCM-35,ERPHCM-150,2026-07-21T11:32:47Z,2026-08-13T19:45:27Z,,py-ca;wave1;realize;security
ERPHCM,Aurora ERP: HR & Payroll (SuccessFactors),ERPHCM-218,Defect: IDoc status 51 on customer master replication (PY-CA),bug,Closed,done,u-gustavo.nguyen,Gustavo Nguyen,8,points,2026-08-01,2026-08-15,ERPHCM-157,,2026-07-22T01:39:26Z,2026-08-19T09:49:45Z,2026-08-17T23:23:02Z,py-ca;wave1;sit;defect
ERPHCM,Aurora ERP: HR & Payroll (SuccessFactors),ERPHCM-219,Technical spec Interface: union pay scales (Unifor Local 88) for plant 1100 Guelph,task,In Progress,in_progress,u-kevin.fischer,Kevin Fischer,8,points,2026-08-10,,ERPHCM-39,ERPHCM-203,2026-07-22T10:05:37Z,2026-08-23T16:10:44Z,,py-ca;wave1;wricef
ERPHCM,Aurora ERP: HR & Payroll (SuccessFactors),ERPHCM-220,Technical spec Conversion: compensation planning,task,Done,done,u-kevin.fischer,Kevin Fischer,3,points,2026-08-02,,ERPHCM-36,ERPHCM-185,2026-07-23T14:01:25Z,2026-08-24T00:00:00Z,2026-08-24T17:00:14Z,ec;wave1;wricef
ERPHCM,Aurora ERP: HR & Payroll (SuccessFactors),ERPHCM-221,SIT-1 Plan-to-Produce scenario 3 (PY-CA),task,Done,done,u-priya.oliveira,Priya Oliveira,2,points,,2026-08-14,ERPHCM-157,ERPHCM-87,2026-07-23T15:32:08Z,2026-08-17T16:35:35Z,2026-08-16T07:53:54Z,py-ca;wave1;sit
ERPHCM,Aurora ERP: HR & Payroll (SuccessFactors),ERPHCM-222,SIT-2 Record-to-Report scenario 3 (PY-CA),task,Ready,todo,,,1,points,,,ERPHCM-157,ERPHCM-168,2026-07-23T23:53:25Z,2026-07-23T23:53:25Z,2026-07-23T17:50:36Z,py-ca;wave1;sit
ERPHCM,Aurora ERP: HR & Payroll (SuccessFactors),ERPHCM-223,SIT-2 Hire-to-Retire scenario 3 (EC),task,Done,done,u-diego.morrison,Diego Morrison,13,points,2026-08-18,,ERPHCM-148,ERPHCM-169,2026-07-24T06:18:36Z,2026-08-24T00:00:00Z,2026-08-24T12:31:07Z,ec;wave1;sit
ERPHCM,Aurora ERP: HR & Payroll (SuccessFactors),ERPHCM-224,Defect: goods receipt posts to wrong valuation class (EC),bug,Closed,done,u-priya.oliveira,Priya Oliveira,5,points,,,ERPHCM-148,,2026-07-24T15:59:09Z,2026-08-24T00:00:00Z,2026-08-24T14:04:24Z,ec;wave1;sit;defect
ERPHCM,Aurora ERP: HR & Payroll (SuccessFactors),ERPHCM-225,SIT-1 Plan-to-Produce scenario 5 (PY-CA),task,In Review,in_progress,u-omar.roy,Omar Roy,3,points,2026-07-29,2026-08-13,ERPHCM-157,ERPHCM-49;ERPHCM-90;ERPHCM-124,2026-07-24T16:17:47Z,2026-07-25T18:10:33Z,,py-ca;wave1;sit
ERPHCM,Aurora ERP: HR & Payroll (SuccessFactors),ERPHCM-226,Build Conversion: compensation planning,story,Closed,done,u-gustavo.nguyen,Gustavo Nguyen,2,points,,2026-08-17,ERPHCM-36,ERPHCM-220;ERPHCM-93,2026-07-24T19:33:04Z,2026-08-22T08:42:10Z,2026-08-21T08:53:13Z,ec;wave1;wricef
ERPHCM,Aurora ERP: HR & Payroll (SuccessFactors),ERPHCM-227,Defect: depreciation run skips assets acquired mid-month (PY-CA),bug,Backlog,todo,,,5,points,2026-08-14,2026-08-27,ERPHCM-157,,2026-07-25T02:18:24Z,2026-07-25T02:18:24Z,,py-ca;wave1;sit;defect
ERPHCM,Aurora ERP: HR & Payroll (SuccessFactors),ERPHCM-228,Defect: goods receipt posts to wrong valuation class (PY-CA),bug,Closed,done,u-diego.morrison,Diego Morrison,2,points,,2026-08-30,ERPHCM-157,,2026-07-25T08:28:46Z,2026-08-24T00:00:00Z,2026-08-24T20:07:42Z,py-ca;wave1;sit;defect
ERPHCM,Aurora ERP: HR & Payroll (SuccessFactors),ERPHCM-229,Defect: inbound ASN creates duplicate handling units (PY-CA),bug,Done,done,u-gustavo.nguyen,Gustavo Nguyen,5,points,,,ERPHCM-157,,2026-07-28T04:14:03Z,2026-08-17T20:05:43Z,2026-08-17T13:11:11Z,py-ca;wave1;sit;defect
ERPHCM,Aurora ERP: HR & Payroll (SuccessFactors),ERPHCM-230,Unit test Interface: recruiting to onboarding flow for plant 1100 Guelph,task,Closed,done,u-kevin.fischer,Kevin Fischer,3,points,,2026-08-17,ERPHCM-36,ERPHCM-194,2026-07-28T05:40:58Z,2026-08-15T06:25:06Z,2026-08-13T13:04:06Z,ec;wave1;wricef
ERPHCM,Aurora ERP: HR & Payroll (SuccessFactors),ERPHCM-231,SIT-2 Record-to-Report scenario 2 (EC),task,Backlog,todo,,,8,points,,2026-09-16,ERPHCM-148,ERPHCM-200,2026-07-30T03:05:01Z,2026-07-30T03:05:01Z,,ec;wave1;sit
ERPHCM,Aurora ERP: HR & Payroll (SuccessFactors),ERPHCM-232,SIT-2 Hire-to-Retire scenario 6 (EC),task,To Do,todo,u-kevin.fischer,Kevin Fischer,13,points,2026-08-18,2026-09-07,ERPHCM-148,ERPHCM-174;ERPHCM-213,2026-07-30T18:20:49Z,2026-07-30T18:20:49Z,,ec;wave1;sit
ERPHCM,Aurora ERP: HR & Payroll (SuccessFactors),ERPHCM-233,SIT-2 Record-to-Report scenario 1 (PY-CA),task,In Progress,in_progress,u-diego.morrison,Diego Morrison,5,points,,,ERPHCM-157,ERPHCM-208;ERPHCM-229,2026-07-30T19:21:19Z,2026-08-14T16:34:44Z,,py-ca;wave1;sit
ERPHCM,Aurora ERP: HR & Payroll (SuccessFactors),ERPHCM-234,SIT-2 Acquire-to-Retire scenario 2 (PY-CA),task,Ready,todo,,,2,points,2026-08-25,2026-09-10,ERPHCM-157,ERPHCM-198,2026-07-30T20:45:18Z,2026-07-30T20:45:18Z,,py-ca;wave1;sit
ERPHCM,Aurora ERP: HR & Payroll (SuccessFactors),ERPHCM-235,SIT-2 Hire-to-Retire scenario 7 (EC),task,Done,done,u-henrique.morrison,Henrique Morrison,3,points,,2026-09-06,ERPHCM-148,ERPHCM-178;ERPHCM-211,2026-08-01T14:08:00Z,2026-08-24T00:00:00Z,2026-08-24T13:44:59Z,ec;wave1;sit
ERPHCM,Aurora ERP: HR & Payroll (SuccessFactors),ERPHCM-236,SIT-2 Acquire-to-Retire scenario 4 (PY-CA),task,Ready,todo,u-gustavo.nguyen,Gustavo Nguyen,5,points,,2026-09-08,ERPHCM-157,ERPHCM-209,2026-08-02T07:18:06Z,2026-08-02T07:18:06Z,,py-ca;wave1;sit
ERPHCM,Aurora ERP: HR & Payroll (SuccessFactors),ERPHCM-237,Build Enhancement: learning compliance training,story,Done,done,u-omar.roy,Omar Roy,2,points,2026-08-05,2026-08-17,ERPHCM-36,ERPHCM-192;ERPHCM-104,2026-08-03T11:27:59Z,2026-08-16T07:28:49Z,2026-08-14T10:25:51Z,ec;wave1;wricef
ERPHCM,Aurora ERP: HR & Payroll (SuccessFactors),ERPHCM-238,SIT-2 Plan-to-Produce scenario 2 (PY-CA),task,Ready,todo,u-kevin.fischer,Kevin Fischer,1,points,,,ERPHCM-157,ERPHCM-180;ERPHCM-244,2026-08-03T14:09:31Z,2026-08-03T14:09:31Z,,py-ca;wave1;sit
ERPHCM,Aurora ERP: HR & Payroll (SuccessFactors),ERPHCM-239,Defect: variant configuration price not recalculated (EC),bug,In Progress,in_progress,u-gustavo.nguyen,Gustavo Nguyen,,points,,,ERPHCM-148,,2026-08-03T15:21:40Z,2026-08-20T21:35:21Z,,ec;wave1;sit;defect
ERPHCM,Aurora ERP: HR & Payroll (SuccessFactors),ERPHCM-240,Defect: payment run selects blocked invoices (EC),bug,Blocked,in_progress,u-gustavo.nguyen,Gustavo Nguyen,3,points,,,ERPHCM-148,ERPHCM-9001,2026-08-03T16:31:10Z,2026-08-20T07:59:28Z,,ec;wave1;sit;defect
ERPHCM,Aurora ERP: HR & Payroll (SuccessFactors),ERPHCM-241,Defect: usage decision does not release stock (PY-CA),bug,In Progress,in_progress,u-julia.cote,Julia Côté,5,points,,,ERPHCM-157,,2026-08-03T18:10:33Z,2026-08-03T18:10:33Z,,py-ca;wave1;sit;defect
ERPHCM,Aurora ERP: HR & Payroll (SuccessFactors),ERPHCM-242,Unit test Interface: Ontario ESA vacation accrual for plant 1100 Guelph,task,To Do,todo,u-gustavo.nguyen,Gustavo Nguyen,,points,,2026-08-26,ERPHCM-39,ERPHCM-216,2026-08-05T00:20:06Z,2026-08-06T10:46:55Z,,py-ca;wave1;wricef
ERPHCM,Aurora ERP: HR & Payroll (SuccessFactors),ERPHCM-243,Unit test: garnishments for plant 1100 Guelph,task,To Do,todo,,,3,points,,,ERPHCM-35,ERPHCM-170,2026-08-05T06:25:32Z,2026-08-05T06:25:32Z,,py-ca;wave1;realize
ERPHCM,Aurora ERP: HR & Payroll (SuccessFactors),ERPHCM-244,Defect: cost center hierarchy missing plant 1200 nodes (PY-CA),bug,In Progress,in_progress,u-kevin.fischer,Kevin Fischer,5,points,2026-08-13,,,,2026-08-05T07:25:17Z,2026-08-05T07:25:17Z,,py-ca;wave1;sit;defect
ERPHCM,Aurora ERP: HR & Payroll (SuccessFactors),ERPHCM-245,SIT-2 Hire-to-Retire scenario 2 (EC),task,In Review,in_progress,u-kevin.fischer,Kevin Fischer,5,points,,,ERPHCM-148,ERPHCM-164,2026-08-06T02:09:20Z,2026-08-23T12:24:39Z,,ec;wave1;sit
ERPHCM,Aurora ERP: HR & Payroll (SuccessFactors),ERPHCM-246,SIT-2 Record-to-Report scenario 4 (EC),task,Backlog,todo,,,8,points,,2026-09-21,ERPHCM-148,ERPHCM-189,2026-08-06T18:21:54Z,2026-08-06T18:21:54Z,,ec;wave1;sit
ERPHCM,Aurora ERP: HR & Payroll (SuccessFactors),ERPHCM-247,Defect: EDI 856 missing pallet level (PY-CA),bug,Blocked,in_progress,u-gustavo.nguyen,Gustavo Nguyen,2,points,,2026-08-20,ERPHCM-157,,2026-08-08T02:00:32Z,2026-08-08T02:00:32Z,,py-ca;wave1;sit;defect
ERPHCM,Aurora ERP: HR & Payroll (SuccessFactors),ERPHCM-248,SIT-2 Hire-to-Retire scenario 4 (EC),task,In Review,in_progress,u-diego.morrison,Diego Morrison,1,points,,2026-09-10,ERPHCM-148,ERPHCM-155,2026-08-08T19:24:00Z,2026-08-22T19:50:04Z,,ec;wave1;sit
ERPHCM,Aurora ERP: HR & Payroll (SuccessFactors),ERPHCM-249,Build Interface: union pay scales (Unifor Local 88) for plant 1100 Guelph,story,Backlog,todo,u-diego.morrison,Diego Morrison,3,points,,,ERPHCM-39,ERPHCM-219;ERPHCM-54,2026-08-08T22:32:33Z,2026-08-08T22:32:33Z,,py-ca;wave1;wricef
ERPHCM,Aurora ERP: HR & Payroll (SuccessFactors),ERPHCM-250,SIT-2 Record-to-Report scenario 2 (PY-CA),task,Blocked,in_progress,u-diego.morrison,Diego Morrison,5,points,,2026-09-02,ERPHCM-157,ERPHCM-179,2026-08-11T03:05:24Z,2026-08-11T03:05:24Z,,py-ca;wave1;sit
ERPHCM,Aurora ERP: HR & Payroll (SuccessFactors),ERPHCM-251,Unit test: year-end T4 and ROE for plant 1100 Guelph,task,Blocked,in_progress,u-gustavo.nguyen,Gustavo Nguyen,8,points,2026-08-18,2026-08-18,ERPHCM-35,ERPHCM-205,2026-08-11T04:16:01Z,2026-08-20T18:26:59Z,,py-ca;wave1;realize
ERPHCM,Aurora ERP: HR & Payroll (SuccessFactors),ERPHCM-252,Unit test: compensation planning for plant 1100 Guelph,task,Done,done,u-gustavo.nguyen,Gustavo Nguyen,,points,2026-08-19,,,ERPHCM-197,2026-08-11T04:17:41Z,2026-08-14T01:10:07Z,2026-08-12T21:29:31Z,ec;wave1;realize
ERPHCM,Aurora ERP: HR & Payroll (SuccessFactors),ERPHCM-253,SIT-2 Acquire-to-Retire scenario 1 (PY-CA),task,To Do,todo,,,3,points,,2026-09-06,ERPHCM-157,ERPHCM-201;ERPHCM-241,2026-08-11T10:40:51Z,2026-08-11T10:40:51Z,,py-ca;wave1;sit
ERPHCM,Aurora ERP: HR & Payroll (SuccessFactors),ERPHCM-254,SIT-2 Hire-to-Retire scenario 1 (EC),task,In Review,in_progress,u-diego.morrison,Diego Morrison,,points,,,ERPHCM-148,ERPHCM-156;ERPHCM-215,2026-08-11T21:30:30Z,2026-08-23T20:26:48Z,,ec;wave1;sit
ERPHCM,Aurora ERP: HR & Payroll (SuccessFactors),ERPHCM-255,SIT-2 Hire-to-Retire scenario 5 (EC),task,In Progress,in_progress,u-diego.morrison,Diego Morrison,3,points,,2026-09-10,ERPHCM-148,ERPHCM-163,2026-08-11T21:42:28Z,2026-08-14T10:20:14Z,,ec;wave1;sit
ERPHCM,Aurora ERP: HR & Payroll (SuccessFactors),ERPHCM-256,SIT-2 Plan-to-Produce scenario 4 (PY-CA),task,To Do,todo,u-diego.morrison,Diego Morrison,3,points,,,ERPHCM-157,ERPHCM-183,2026-08-12T17:01:09Z,2026-08-12T17:01:09Z,,py-ca;wave1;sit
ERPHCM,Aurora ERP: HR & Payroll (SuccessFactors),ERPHCM-257,SIT-2 Record-to-Report scenario 6 (PY-CA),task,Ready,todo,,,1,points,2026-08-18,,ERPHCM-157,ERPHCM-162;ERPHCM-218,2026-08-13T09:09:42Z,2026-08-13T09:09:42Z,,py-ca;wave1;sit
ERPHCM,Aurora ERP: HR & Payroll (SuccessFactors),ERPHCM-258,SIT-2 Record-to-Report scenario 1 (EC),task,To Do,todo,u-diego.morrison,Diego Morrison,,points,,2026-09-18,ERPHCM-148,ERPHCM-153;ERPHCM-239,2026-08-13T13:03:40Z,2026-08-23T19:40:39Z,,ec;wave1;sit
ERPHCM,Aurora ERP: HR & Payroll (SuccessFactors),ERPHCM-259,Unit test Conversion: compensation planning,task,Done,done,u-kevin.fischer,Kevin Fischer,2,points,,2026-08-17,ERPHCM-36,ERPHCM-226,2026-08-13T18:04:02Z,2026-08-21T23:06:55Z,2026-08-20T07:48:14Z,ec;wave1;wricef
ERPHCM,Aurora ERP: HR & Payroll (SuccessFactors),ERPHCM-260,SIT-2 Plan-to-Produce scenario 1 (EC),task,To Do,todo,,,5,points,2026-09-08,2026-09-30,ERPHCM-148,ERPHCM-191,2026-08-13T19:08:35Z,2026-08-13T19:08:35Z,,ec;wave1;sit
ERPHCM,Aurora ERP: HR & Payroll (SuccessFactors),ERPHCM-261,SIT-2 Record-to-Report scenario 4 (PY-CA),task,Blocked,in_progress,u-fatima.chen,Fatima Chen,2,points,2026-08-18,,ERPHCM-157,ERPHCM-159;ERPHCM-187,2026-08-13T22:59:18Z,2026-08-14T10:50:15Z,,py-ca;wave1;sit
ERPHCM,Aurora ERP: HR & Payroll (SuccessFactors),ERPHCM-262,SIT-2 Record-to-Report scenario 7 (PY-CA),task,Closed,done,u-diego.morrison,Diego Morrison,8,points,2026-08-18,,ERPHCM-157,ERPHCM-173;ERPHCM-129,2026-08-14T19:53:35Z,2026-08-24T00:00:00Z,,py-ca;wave1;sit
ERPHCM,Aurora ERP: HR & Payroll (SuccessFactors),ERPHCM-263,SIT-2 Record-to-Report scenario 3 (EC),task,To Do,todo,u-olivia.weber,Olivia Weber,2,points,,2026-09-19,ERPHCM-148,ERPHCM-160;ERPHCM-240,2026-08-16T16:48:33Z,2026-08-16T16:48:33Z,,ec;wave1;sit
ERPHCM,Aurora ERP: HR & Payroll (SuccessFactors),ERPHCM-264,SIT-2 Plan-to-Produce scenario 4 (EC),task,To Do,todo,u-julia.cote,Julia Côté,3,points,2026-09-08,,ERPHCM-148,ERPHCM-184,2026-08-17T08:07:32Z,2026-08-17T08:07:32Z,,ec;wave1;sit
ERPHCM,Aurora ERP: HR & Payroll (SuccessFactors),ERPHCM-265,SIT-2 Record-to-Report scenario 5 (PY-CA),task,Backlog,todo,,,8,points,,,ERPHCM-157,ERPHCM-206,2026-08-19T22:50:23Z,2026-08-19T22:50:23Z,,py-ca;wave1;sit
ERPHCM,Aurora ERP: HR & Payroll (SuccessFactors),ERPHCM-266,SIT-2 Acquire-to-Retire scenario 3 (PY-CA),task,To Do,todo,u-priya.oliveira,Priya Oliveira,2,points,,2026-09-07,ERPHCM-157,ERPHCM-195;ERPHCM-247,2026-08-21T07:16:02Z,2026-08-21T07:16:02Z,,py-ca;wave1;sit
ERPHCM,Aurora ERP: HR & Payroll (SuccessFactors),ERPHCM-267,Unit test Enhancement: learning compliance training,task,In Progress,in_progress,,,,points,,2026-08-17,ERPHCM-36,ERPHCM-237,2026-08-22T15:15:58Z,2026-08-22T15:15:58Z,,ec;wave1;wricef
ERPHCM,Aurora ERP: HR & Payroll (SuccessFactors),ERPHCM-268,SIT-2 Plan-to-Produce scenario 1 (PY-CA),task,Backlog,todo,,,8,points,2026-08-31,,ERPHCM-157,ERPHCM-196;ERPHCM-227,2026-08-24T11:13:14Z,2026-08-24T00:00:00Z,,py-ca;wave1;sit
ERPHCM,Aurora ERP: HR & Payroll (SuccessFactors),ERPHCM-269,SIT-2 Plan-to-Produce scenario 3 (EC),task,To Do,todo,u-gustavo.nguyen,Gustavo Nguyen,5,points,,,ERPHCM-148,ERPHCM-176,2026-08-24T12:09:10Z,2026-08-24T00:00:00Z,,ec;wave1;sit
ERPHCM,Aurora ERP: HR & Payroll (SuccessFactors),ERPHCM-270,SIT-2 Plan-to-Produce scenario 3 (PY-CA),task,Backlog,todo,,,13,points,,,ERPHCM-157,ERPHCM-221;ERPHCM-228,2026-08-24T14:41:19Z,2026-08-24T00:00:00Z,,py-ca;wave1;sit
ERPHCM,Aurora ERP: HR & Payroll (SuccessFactors),ERPHCM-271,Unit test Interface: union pay scales (Unifor Local 88) for plant 1100 Guelph,task,Backlog,todo,,,5,points,,,ERPHCM-39,ERPHCM-249,2026-08-24T15:46:03Z,2026-08-24T00:00:00Z,,py-ca;wave1;wricef
ERPHCM,Aurora ERP: HR & Payroll (SuccessFactors),ERPHCM-272,SIT-2 Plan-to-Produce scenario 2 (EC),task,To Do,todo,u-diego.morrison,Diego Morrison,5,points,,2026-09-30,ERPHCM-148,ERPHCM-182;ERPHCM-224,2026-08-24T18:32:56Z,2026-08-24T00:00:00Z,,ec;wave1;sit
ERPHCM,Aurora ERP: HR & Payroll (SuccessFactors),ERPHCM-273,SIT-2 Plan-to-Produce scenario 5 (PY-CA),task,Ready,todo,,,3,points,2026-09-02,2026-09-17,ERPHCM-157,ERPHCM-225,2026-08-24T20:21:48Z,2026-08-24T00:00:00Z,,py-ca;wave1;sit
ERPHCM,Aurora ERP: HR & Payroll (SuccessFactors),ERPHCM-274,HCM: UAT and key user sign-off,epic,To Do,todo,,,,points,2026-10-08,2026-10-23,,,2026-08-30T08:20:43Z,2026-08-15T00:00:00Z,,uat;wave1
ERPHCM,Aurora ERP: HR & Payroll (SuccessFactors),ERPHCM-275,UAT script Hire-to-Retire 2,task,To Do,todo,,,13,points,,,ERPHCM-274,ERPHCM-162,2026-08-30T16:30:50Z,2026-08-24T00:00:00Z,,uat;wave1
ERPHCM,Aurora ERP: HR & Payroll (SuccessFactors),ERPHCM-276,UAT script Hire-to-Retire 1,task,To Do,todo,,,2,points,2026-10-11,,ERPHCM-274,ERPHCM-209,2026-08-30T16:53:33Z,2026-08-24T00:00:00Z,,uat;wave1
ERPHCM,Aurora ERP: HR & Payroll (SuccessFactors),ERPHCM-277,UAT script Acquire-to-Retire 1,task,To Do,todo,,,,points,,2026-10-14,ERPHCM-274,ERPHCM-173;ERPHCM-196,2026-08-30T19:14:32Z,2026-08-24T00:00:00Z,,uat;wave1
ERPHCM,Aurora ERP: HR & Payroll (SuccessFactors),ERPHCM-278,UAT script Record-to-Report 1,task,Ready,todo,u-diego.morrison,Diego Morrison,,points,,2026-10-15,,ERPHCM-169;ERPHCM-173,2026-08-30T21:30:39Z,2026-08-24T00:00:00Z,,uat;wave1
ERPHCM,Aurora ERP: HR & Payroll (SuccessFactors),ERPHCM-279,UAT script Acquire-to-Retire 2,task,Backlog,todo,,,8,points,,2026-10-17,ERPHCM-274,ERPHCM-164;ERPHCM-200,2026-08-30T22:14:54Z,2026-08-24T00:00:00Z,,uat;wave1
ERPHCM,Aurora ERP: HR & Payroll (SuccessFactors),ERPHCM-280,UAT script Record-to-Report 2,task,To Do,todo,,,1,points,,2026-10-17,ERPHCM-274,ERPHCM-201;ERPHCM-178,2026-08-30T22:53:55Z,2026-08-24T00:00:00Z,,uat;wave1
ERPHCM,Aurora ERP: HR & Payroll (SuccessFactors),ERPHCM-281,UAT script Plan-to-Produce 2,task,Backlog,todo,,,2,points,,2026-10-17,ERPHCM-274,ERPHCM-162;ERPHCM-208,2026-08-31T00:33:38Z,2026-08-24T00:00:00Z,,uat;wave1
ERPHCM,Aurora ERP: HR & Payroll (SuccessFactors),ERPHCM-282,UAT script Order-to-Cash 2,task,Ready,todo,u-gustavo.nguyen,Gustavo Nguyen,3,points,2026-10-14,2026-10-17,ERPHCM-274,ERPHCM-198,2026-08-31T02:21:51Z,2026-08-24T00:00:00Z,,uat;wave1
ERPHCM,Aurora ERP: HR & Payroll (SuccessFactors),ERPHCM-283,UAT script Procure-to-Pay 1,task,To Do,todo,,,3,points,,2026-10-15,ERPHCM-274,ERPHCM-169;ERPHCM-174,2026-08-31T03:17:14Z,2026-08-24T00:00:00Z,,uat;wave1
ERPHCM,Aurora ERP: HR & Payroll (SuccessFactors),ERPHCM-284,UAT script Procure-to-Pay 2,task,To Do,todo,,,1,points,,2026-10-17,ERPHCM-274,ERPHCM-221;ERPHCM-189,2026-08-31T03:52:38Z,2026-08-24T00:00:00Z,,uat;wave1
ERPHCM,Aurora ERP: HR & Payroll (SuccessFactors),ERPHCM-285,Key user sign-off and exit criteria review,task,Ready,todo,,,5,points,,,ERPHCM-274,,2026-08-31T04:49:28Z,2026-08-24T00:00:00Z,,uat;wave1
ERPHCM,Aurora ERP: HR & Payroll (SuccessFactors),ERPHCM-286,UAT script Plan-to-Produce 1,task,To Do,todo,,,1,points,,,ERPHCM-274,ERPHCM-183;ERPHCM-189,2026-08-31T05:12:41Z,2026-08-24T00:00:00Z,,uat;wave1
ERPHCM,Aurora ERP: HR & Payroll (SuccessFactors),ERPHCM-287,UAT script Order-to-Cash 1,task,Ready,todo,u-henrique.morrison,Henrique Morrison,2,points,,2026-10-14,ERPHCM-274,ERPHCM-159;ERPHCM-198,2026-08-31T05:40:07Z,2026-08-24T00:00:00Z,,uat;wave1
ERPHCM,Aurora ERP: HR & Payroll (SuccessFactors),ERPHCM-288,HCM: cutover readiness and hypercare,epic,To Do,todo,,,,points,2026-10-30,2026-12-18,,,2026-09-26T16:30:50Z,2026-08-06T00:00:00Z,,hypercare;wave1
ERPHCM,Aurora ERP: HR & Payroll (SuccessFactors),ERPHCM-289,Hypercare hypercare rota (HCM),task,To Do,todo,,,13,points,,2026-11-14,ERPHCM-288,,2026-09-27T02:02:08Z,2026-08-24T00:00:00Z,,hypercare;wave1
ERPHCM,Aurora ERP: HR & Payroll (SuccessFactors),ERPHCM-290,Hypercare week 1 daily stand-up (HCM),task,To Do,todo,u-diego.morrison,Diego Morrison,5,points,2026-11-28,2026-12-10,ERPHCM-288,,2026-09-27T02:28:07Z,2026-08-24T00:00:00Z,,hypercare;wave1
ERPHCM,Aurora ERP: HR & Payroll (SuccessFactors),ERPHCM-291,end-user training materials (HCM),task,To Do,todo,u-fatima.chen,Fatima Chen,2,points,2026-11-02,,ERPHCM-288,,2026-09-27T04:06:35Z,2026-08-24T00:00:00Z,,training;wave1
ERPHCM,Aurora ERP: HR & Payroll (SuccessFactors),ERPHCM-292,Hypercare known issues list (HCM),task,Backlog,todo,,,1,points,,2026-11-21,,,2026-09-27T04:40:41Z,2026-08-24T00:00:00Z,,hypercare;wave1
ERPHCM,Aurora ERP: HR & Payroll (SuccessFactors),ERPHCM-293,Hypercare ticket triage process (HCM),task,Ready,todo,u-julia.cote,Julia Côté,2,points,,,,,2026-09-27T05:15:53Z,2026-08-24T00:00:00Z,,hypercare;wave1
ERPHCM,Aurora ERP: HR & Payroll (SuccessFactors),ERPHCM-294,Hypercare exit criteria (HCM),task,Ready,todo,,,8,points,,2026-12-16,ERPHCM-288,,2026-09-27T05:23:00Z,2026-08-24T00:00:00Z,,hypercare;wave1
ERPHCM,Aurora ERP: HR & Payroll (SuccessFactors),ERPHCM-295,train-the-trainer sessions (HCM),task,To Do,todo,,,3,points,,2026-11-21,ERPHCM-288,,2026-09-27T05:25:34Z,2026-08-24T00:00:00Z,,training;wave1
ERPHCM,Aurora ERP: HR & Payroll (SuccessFactors),ERPHCM-296,classroom sessions plants (HCM),task,To Do,todo,,,3,points,,2026-12-03,ERPHCM-288,,2026-09-27T07:56:01Z,2026-08-24T00:00:00Z,,training;wave1
ERPHCM,Aurora ERP: HR & Payroll (SuccessFactors),ERPHCM-297,Hypercare runbook (HCM),task,Backlog,todo,u-kevin.fischer,Kevin Fischer,5,points,,2026-11-08,ERPHCM-288,,2026-09-27T10:29:48Z,2026-08-24T00:00:00Z,,hypercare;wave1
ERPHCM,Aurora ERP: HR & Payroll (SuccessFactors),ERPHCM-298,"Wave 2: Brazil localization (NF-e, SPED)",epic,To Do,todo,u-henrique.morrison,Henrique Morrison,,points,2027-02-25,,,,2027-01-28T18:26:03Z,2027-01-28T18:26:03Z,,wave2
ERPHCM,Aurora ERP: HR & Payroll (SuccessFactors),ERPHCM-299,Wave 2: Central Finance for group reporting,epic,To Do,todo,u-kevin.fischer,Kevin Fischer,,points,2027-02-24,,,,2027-02-03T10:03:56Z,2027-02-03T10:03:56Z,,wave2
ERPINT,Aurora ERP: Integrations & Platform,ERPINT-1,EDI: interface design and mapping,epic,Closed,done,u-laura.ferreira,Laura Ferreira,,points,2025-12-03,2026-03-03,,,2025-10-25T15:23:34Z,2026-03-05T00:00:00Z,2026-03-05T00:00:00Z,edi;wave1;explore
ERPINT,Aurora ERP: Integrations & Platform,ERPINT-2,BTP: interface design and mapping,epic,In Progress,in_progress,u-samuel.carvalho,Samuel Carvalho,,points,2025-12-02,2026-02-26,,,2025-10-31T14:54:47Z,2026-08-13T00:00:00Z,,btp;wave1;explore
ERPINT,Aurora ERP: Integrations & Platform,ERPINT-3,IF: interface design and mapping,epic,Closed,done,u-renata.souza,Renata Souza,,points,2025-12-04,2026-02-23,,,2025-11-10T12:50:08Z,2026-02-25T00:00:00Z,2026-02-25T00:00:00Z,if;wave1;explore
ERPINT,Aurora ERP: Integrations & Platform,ERPINT-4,Interface spec: MES Ignition production confirmations,task,Closed,done,u-camila.muller,Camila Müller,5,points,,,ERPINT-3,,2025-11-11T05:12:30Z,2025-12-25T09:32:28Z,2025-12-24T13:33:49Z,if;wave1;explore
ERPINT,Aurora ERP: Integrations & Platform,ERPINT-5,Interface spec: Salesforce opportunity to quote,task,In Progress,in_progress,u-samuel.carvalho,Samuel Carvalho,3,points,,2025-12-17,ERPINT-3,,2025-11-11T06:22:41Z,2026-08-15T11:55:55Z,,if;wave1;explore
ERPINT,Aurora ERP: Integrations & Platform,ERPINT-6,Interface spec: API management policies,task,Done,done,u-gustavo.nguyen,Gustavo Nguyen,5,points,,2025-12-20,ERPINT-2,,2025-11-16T05:12:18Z,2026-01-01T16:45:58Z,2025-12-30T19:22:23Z,btp;wave1;explore
ERPINT,Aurora ERP: Integrations & Platform,ERPINT-7,Field mapping: Integration Suite tenant setup,task,Done,done,u-tania.chen,Tânia Chen,8,points,,,ERPINT-2,ERPINT-13,2025-11-17T17:35:37Z,2025-12-31T23:18:51Z,2025-12-31T12:05:32Z,btp;wave1;explore
ERPINT,Aurora ERP: Integrations & Platform,ERPINT-8,Field mapping: MES Ignition production confirmations,task,Closed,done,u-fatima.pereira,Fatima Pereira,2,points,2025-12-11,,ERPINT-3,ERPINT-4,2025-11-19T06:59:53Z,2026-01-06T02:07:29Z,2026-01-04T07:32:38Z,if;wave1;explore
ERPINT,Aurora ERP: Integrations & Platform,ERPINT-9,Interface spec: Kronos time export to payroll,task,Done,done,u-samuel.carvalho,Samuel Carvalho,3,points,,2025-12-22,ERPINT-3,,2025-11-20T00:01:02Z,2025-12-23T18:40:45Z,2025-12-23T05:31:03Z,if;wave1;explore
ERPINT,Aurora ERP: Integrations & Platform,ERPINT-10,Field mapping: Kronos time export to payroll,task,Closed,done,u-renata.roy,Renata Roy,1,points,2025-12-14,2025-12-31,ERPINT-3,ERPINT-9,2025-11-22T08:13:31Z,2026-01-12T03:47:10Z,2026-01-10T20:27:43Z,if;wave1;explore
ERPINT,Aurora ERP: Integrations & Platform,ERPINT-11,Interface spec: Shopify B2B orders to SD,task,Closed,done,u-samuel.carvalho,Samuel Carvalho,5,points,,,ERPINT-3,,2025-11-23T01:45:14Z,2026-01-06T03:20:35Z,,if;wave1;explore
ERPINT,Aurora ERP: Integrations & Platform,ERPINT-12,Field mapping: Concur expenses to FI,task,Done,done,u-gustavo.nguyen,Gustavo Nguyen,5,points,2025-12-16,,ERPINT-3,ERPINT-15,2025-11-24T04:39:18Z,2026-01-05T04:19:49Z,2026-01-03T19:03:25Z,if;wave1;explore
ERPINT,Aurora ERP: Integrations & Platform,ERPINT-13,Interface spec: Integration Suite tenant setup,task,Ready,todo,,,,points,2025-12-02,,ERPINT-2,,2025-11-24T09:11:43Z,2026-07-29T17:06:02Z,,btp;wave1;explore
ERPINT,Aurora ERP: Integrations & Platform,ERPINT-14,Interface spec: Cloud Connector to on-prem MES,task,Closed,done,u-samuel.carvalho,Samuel Carvalho,5,points,2025-12-11,2025-12-28,ERPINT-2,,2025-11-24T18:30:35Z,2025-12-28T05:07:09Z,2025-12-26T19:11:36Z,btp;wave1;explore
ERPINT,Aurora ERP: Integrations & Platform,ERPINT-15,Interface spec: Concur expenses to FI,task,Blocked,in_progress,u-gustavo.nguyen,Gustavo Nguyen,8,points,2025-12-11,2025-12-29,ERPINT-3,,2025-11-25T09:39:58Z,2026-08-20T11:06:13Z,,if;wave1;explore
ERPINT,Aurora ERP: Integrations & Platform,ERPINT-16,Field mapping: EDI 855 order acknowledgement,task,Backlog,todo,,,8,points,2025-12-15,2025-12-31,ERPINT-1,ERPINT-30;ERPINT-345,2025-11-26T11:28:55Z,2026-06-12T18:55:39Z,,edi;wave1;explore
ERPINT,Aurora ERP: Integrations & Platform,ERPINT-17,Interface spec: monitoring and alerting (AIF),task,Closed,done,u-joao.lima,João Lima,8,points,,,ERPINT-2,,2025-11-26T15:36:05Z,2026-01-07T05:24:12Z,2026-01-06T04:08:45Z,btp;wave1;explore
ERPINT,Aurora ERP: Integrations & Platform,ERPINT-18,Interface spec: RBC/TD bank statements CAMT.053,task,Closed,done,,,5,points,,,ERPINT-3,,2025-11-26T21:00:27Z,2026-01-07T00:32:10Z,2026-01-05T06:09:25Z,if;wave1;explore
ERPINT,Aurora ERP: Integrations & Platform,ERPINT-19,Interface spec: EDI 850 inbound purchase orders (OpenText),task,Closed,done,u-renata.roy,Renata Roy,8,points,,2025-12-19,ERPINT-1,,2025-11-27T17:01:20Z,2025-12-20T10:59:00Z,2025-12-19T02:31:26Z,edi;wave1;explore
ERPINT,Aurora ERP: Integrations & Platform,ERPINT-20,Field mapping: RBC/TD bank statements CAMT.053,task,Done,done,u-gustavo.nguyen,Gustavo Nguyen,1,points,,,ERPINT-3,ERPINT-18,2025-11-29T15:43:00Z,2026-01-14T21:49:17Z,2026-01-13T07:52:17Z,if;wave1;explore
ERPINT,Aurora ERP: Integrations & Platform,ERPINT-21,Interface spec: EDI 856 ASN outbound,task,Done,done,u-renata.roy,Renata Roy,13,points,,2026-01-02,ERPINT-1,,2025-12-01T03:24:01Z,2025-12-30T23:31:45Z,2025-12-29T16:35:02Z,edi;wave1;explore
ERPINT,Aurora ERP: Integrations & Platform,ERPINT-22,Field mapping: Salesforce opportunity to quote,task,Done,done,u-laura.ferreira,Laura Ferreira,5,points,,,ERPINT-3,ERPINT-5,2025-12-02T18:40:05Z,2026-01-01T20:48:46Z,2026-01-01T12:31:45Z,if;wave1;explore
ERPINT,Aurora ERP: Integrations & Platform,ERPINT-23,Field mapping: API management policies,task,Done,done,u-quentin.weber,Quentin Weber,2,points,,,ERPINT-2,ERPINT-6,2025-12-02T19:45:55Z,2026-01-04T19:15:20Z,2026-01-03T17:19:58Z,btp;wave1;explore
ERPINT,Aurora ERP: Integrations & Platform,ERPINT-24,Interface spec: Power BI extraction via CDS/OData,task,Done,done,u-camila.muller,Camila Müller,3,points,2025-12-25,2026-01-10,ERPINT-3,,2025-12-03T21:56:49Z,2026-01-16T18:38:16Z,2026-01-15T05:32:20Z,if;wave1;explore
ERPINT,Aurora ERP: Integrations & Platform,ERPINT-25,Interface spec: CRA tax rate service,task,Closed,done,u-renata.souza,Renata Souza,1,points,,2026-01-10,ERPINT-3,,2025-12-04T06:37:25Z,2026-01-19T09:33:52Z,2026-01-17T14:40:46Z,if;wave1;explore
ERPINT,Aurora ERP: Integrations & Platform,ERPINT-26,Field mapping: Shopify B2B orders to SD,task,Done,done,u-gustavo.nguyen,Gustavo Nguyen,2,points,,,ERPINT-3,ERPINT-11,2025-12-04T07:39:15Z,2026-01-22T13:14:52Z,2026-01-22T00:04:49Z,if;wave1;explore
ERPINT,Aurora ERP: Integrations & Platform,ERPINT-27,Field mapping: EDI 856 ASN outbound,task,Closed,done,u-samuel.carvalho,Samuel Carvalho,,points,,2026-01-13,ERPINT-1,ERPINT-21,2025-12-04T11:10:50Z,2026-01-18T18:54:03Z,2026-01-18T04:04:17Z,edi;wave1;explore
ERPINT,Aurora ERP: Integrations & Platform,ERPINT-28,Field mapping: EDI 850 inbound purchase orders (OpenText),task,Done,done,u-tania.chen,Tânia Chen,2,points,2025-12-08,2025-12-27,ERPINT-1,ERPINT-19,2025-12-05T04:19:05Z,2026-01-01T03:26:59Z,2025-12-31T16:04:34Z,edi;wave1;explore
ERPINT,Aurora ERP: Integrations & Platform,ERPINT-29,Interface spec: error handling and reprocessing,task,Closed,done,u-joao.lima,João Lima,3,points,2025-12-29,2026-01-14,ERPINT-2,,2025-12-05T08:19:03Z,2026-01-15T06:54:03Z,2026-01-14T13:17:54Z,btp;wave1;explore
ERPINT,Aurora ERP: Integrations & Platform,ERPINT-30,Interface spec: EDI 855 order acknowledgement,task,Closed,done,u-tania.wilson,Tânia Wilson,5,points,2025-12-07,2025-12-24,ERPINT-1,,2025-12-05T16:19:54Z,2026-01-03T08:16:26Z,2026-01-01T17:11:11Z,edi;wave1;explore
ERPINT,Aurora ERP: Integrations & Platform,ERPINT-31,Field mapping: CRA tax rate service,task,Closed,done,u-joao.lima,João Lima,3,points,2025-12-29,2026-01-17,ERPINT-3,ERPINT-25,2025-12-07T05:40:45Z,2026-01-18T14:37:49Z,2026-01-17T22:55:29Z,if;wave1;explore
ERPINT,Aurora ERP: Integrations & Platform,ERPINT-32,Interface spec: EDI 810 invoices to top 20 customers,task,Ready,todo,,,2,points,2025-12-24,,ERPINT-1,,2025-12-10T18:43:37Z,2026-08-18T14:20:14Z,,edi;wave1;explore
ERPINT,Aurora ERP: Integrations & Platform,ERPINT-33,Interface spec: customs broker Livingston export docs,task,Closed,done,u-renata.souza,Renata Souza,3,points,2025-12-30,2026-01-19,ERPINT-3,,2025-12-11T13:07:12Z,2026-01-26T00:32:55Z,2026-01-24T22:38:10Z,if;wave1;explore
ERPINT,Aurora ERP: Integrations & Platform,ERPINT-34,Field mapping: Cloud Connector to on-prem MES,task,In Review,in_progress,u-gustavo.nguyen,Gustavo Nguyen,3,points,,2026-01-10,ERPINT-2,ERPINT-14,2025-12-14T17:26:58Z,2026-08-20T21:10:18Z,,btp;wave1;explore
ERPINT,Aurora ERP: Integrations & Platform,ERPINT-35,Field mapping: legacy JDE coexistence bridge,task,Blocked,in_progress,u-samuel.carvalho,Samuel Carvalho,8,points,2026-01-06,2026-01-24,ERPINT-3,ERPINT-41,2025-12-15T13:53:51Z,2026-08-14T07:14:33Z,,if;wave1;explore
ERPINT,Aurora ERP: Integrations & Platform,ERPINT-36,Interface spec: EDI 940/945 with 3PL (DHL),task,Closed,done,u-gustavo.nguyen,Gustavo Nguyen,8,points,2025-12-28,2026-01-21,ERPINT-1,,2025-12-15T17:03:06Z,2026-01-29T04:01:22Z,2026-01-28T22:46:32Z,edi;wave1;explore
ERPINT,Aurora ERP: Integrations & Platform,ERPINT-37,Interface spec: Ariba PO and invoice flows,task,Done,done,u-laura.ferreira,Laura Ferreira,3,points,,2026-01-27,ERPINT-3,,2025-12-15T20:18:45Z,2026-01-25T10:05:47Z,2026-01-25T04:22:58Z,if;wave1;explore
ERPINT,Aurora ERP: Integrations & Platform,ERPINT-38,Field mapping: EDI 810 invoices to top 20 customers,task,Closed,done,u-gustavo.nguyen,Gustavo Nguyen,2,points,2026-01-01,,ERPINT-1,ERPINT-32,2025-12-17T21:17:32Z,2026-01-21T00:49:33Z,2026-01-19T18:43:38Z,edi;wave1;explore
ERPINT,Aurora ERP: Integrations & Platform,ERPINT-39,Interface spec: Salesforce opportunity to quote for plant 1100 Guelph,task,In Progress,in_progress,u-renata.souza,Renata Souza,8,points,2026-01-13,2026-02-01,ERPINT-3,,2025-12-17T22:47:27Z,2026-08-14T17:31:10Z,,if;wave1;explore
ERPINT,Aurora ERP: Integrations & Platform,ERPINT-40,Field mapping: Ariba PO and invoice flows,task,To Do,todo,u-gustavo.nguyen,Gustavo Nguyen,5,points,,2026-02-04,ERPINT-3,ERPINT-37,2025-12-21T14:21:36Z,2026-07-03T18:32:57Z,,if;wave1;explore
ERPINT,Aurora ERP: Integrations & Platform,ERPINT-41,Interface spec: legacy JDE coexistence bridge,task,Ready,todo,u-gustavo.nguyen,Gustavo Nguyen,,points,,2026-01-13,ERPINT-3,,2025-12-22T14:16:34Z,2026-06-18T07:24:53Z,,if;wave1;explore
ERPINT,Aurora ERP: Integrations & Platform,ERPINT-42,Field mapping: monitoring and alerting (AIF),task,Closed,done,u-samuel.carvalho,Samuel Carvalho,3,points,,2026-01-16,ERPINT-2,ERPINT-17,2025-12-23T01:53:53Z,2026-01-27T03:05:49Z,2026-01-26T03:18:40Z,btp;wave1;explore
ERPINT,Aurora ERP: Integrations & Platform,ERPINT-43,Field mapping: Power BI extraction via CDS/OData,task,In Progress,in_progress,u-tania.wilson,Tânia Wilson,13,points,,2026-01-18,ERPINT-3,ERPINT-24,2025-12-24T10:23:21Z,2026-08-13T16:33:21Z,,if;wave1;explore
ERPINT,Aurora ERP: Integrations & Platform,ERPINT-44,Interface spec: EDI 850 inbound purchase orders (OpenText) for plant 1100 Guelph,task,Done,done,u-renata.roy,Renata Roy,13,points,,2026-02-03,ERPINT-1,,2025-12-24T11:43:39Z,2026-02-11T20:42:15Z,2026-02-10T17:50:56Z,edi;wave1;explore
ERPINT,Aurora ERP: Integrations & Platform,ERPINT-45,Interface spec: carrier rating service,task,Closed,done,u-fatima.pereira,Fatima Pereira,2,points,,2026-01-19,ERPINT-3,,2025-12-25T15:20:23Z,2026-01-17T08:43:49Z,,if;wave1;explore
ERPINT,Aurora ERP: Integrations & Platform,ERPINT-46,Interface spec: EDI 855 order acknowledgement for plant 1100 Guelph,task,Done,done,u-gustavo.nguyen,Gustavo Nguyen,3,points,,,ERPINT-1,,2025-12-27T06:37:23Z,2026-02-16T15:19:56Z,2026-02-15T04:58:17Z,edi;wave1;explore
ERPINT,Aurora ERP: Integrations & Platform,ERPINT-47,Field mapping: customs broker Livingston export docs,task,Closed,done,u-quentin.weber,Quentin Weber,8,points,,,ERPINT-3,ERPINT-33,2025-12-27T08:43:35Z,2026-01-30T08:37:58Z,2026-01-28T21:13:11Z,if;wave1;explore
ERPINT,Aurora ERP: Integrations & Platform,ERPINT-48,Interface spec: partner profile onboarding,task,Done,done,,,13,points,,,ERPINT-1,,2025-12-27T15:57:19Z,2026-02-01T00:57:29Z,2026-01-30T18:35:09Z,edi;wave1;explore
ERPINT,Aurora ERP: Integrations & Platform,ERPINT-49,Interface spec: API management policies for plant 1100 Guelph,task,Closed,done,u-tania.wilson,Tânia Wilson,5,points,,2026-02-09,ERPINT-2,,2025-12-29T19:54:19Z,2026-02-12T12:28:12Z,2026-02-12T01:41:42Z,btp;wave1;explore
ERPINT,Aurora ERP: Integrations & Platform,ERPINT-50,Interface spec: SSO with Entra ID,task,Closed,done,u-tania.wilson,Tânia Wilson,3,points,,,ERPINT-2,,2025-12-30T02:30:53Z,2026-01-30T06:36:15Z,2026-01-29T10:12:56Z,btp;wave1;explore
ERPINT,Aurora ERP: Integrations & Platform,ERPINT-51,Field mapping: EDI 940/945 with 3PL (DHL),task,Done,done,u-gustavo.nguyen,Gustavo Nguyen,3,points,,2026-01-29,ERPINT-1,ERPINT-36,2025-12-30T06:00:15Z,2026-02-04T01:51:39Z,2026-02-02T07:03:23Z,edi;wave1;explore
ERPINT,Aurora ERP: Integrations & Platform,ERPINT-52,Interface spec: Integration Suite tenant setup for plant 1100 Guelph,task,Closed,done,u-gustavo.nguyen,Gustavo Nguyen,,points,,2026-02-01,ERPINT-2,,2025-12-31T19:26:12Z,2026-02-09T06:46:54Z,2026-02-07T20:36:08Z,btp;wave1;explore
ERPINT,Aurora ERP: Integrations & Platform,ERPINT-53,Field mapping: SSO with Entra ID,task,Closed,done,u-laura.ferreira,Laura Ferreira,8,points,,2026-02-04,ERPINT-2,ERPINT-50,2026-01-02T18:10:48Z,2026-02-06T01:12:11Z,2026-02-05T08:30:17Z,btp;wave1;explore
ERPINT,Aurora ERP: Integrations & Platform,ERPINT-54,Interface spec: Kronos time export to payroll for plant 1100 Guelph,task,Done,done,u-gustavo.nguyen,Gustavo Nguyen,13,points,2026-01-18,2026-02-07,ERPINT-3,,2026-01-03T19:02:50Z,2026-02-14T18:19:26Z,2026-02-14T13:58:30Z,if;wave1;explore
ERPINT,Aurora ERP: Integrations & Platform,ERPINT-55,Field mapping: error handling and reprocessing,task,Closed,done,u-samuel.carvalho,Samuel Carvalho,1,points,,2026-01-22,ERPINT-2,ERPINT-29,2026-01-04T17:44:22Z,2026-01-24T05:04:40Z,2026-01-22T18:33:06Z,btp;wave1;explore
ERPINT,Aurora ERP: Integrations & Platform,ERPINT-56,Field mapping: partner profile onboarding,task,Closed,done,u-samuel.carvalho,Samuel Carvalho,3,points,,2026-02-06,ERPINT-1,ERPINT-48,2026-01-08T07:00:29Z,2026-02-05T10:41:30Z,2026-02-04T17:36:07Z,edi;wave1;explore
ERPINT,Aurora ERP: Integrations & Platform,ERPINT-57,Interface spec: Concur expenses to FI for plant 1100 Guelph,task,Done,done,u-gustavo.nguyen,Gustavo Nguyen,5,points,2026-01-23,,ERPINT-3,,2026-01-08T17:54:08Z,2026-02-16T14:47:26Z,2026-02-14T20:33:55Z,if;wave1;explore
ERPINT,Aurora ERP: Integrations & Platform,ERPINT-58,Field mapping: carrier rating service,task,Done,done,u-gustavo.nguyen,Gustavo Nguyen,8,points,,2026-01-30,ERPINT-3,ERPINT-45,2026-01-09T17:19:04Z,2026-01-31T20:27:04Z,2026-01-30T03:14:58Z,if;wave1;explore
ERPINT,Aurora ERP: Integrations & Platform,ERPINT-59,Field mapping: EDI 850 inbound purchase orders (OpenText) for plant 1100 Guelph,task,Closed,done,u-gustavo.nguyen,Gustavo Nguyen,5,points,2026-01-25,2026-02-16,ERPINT-1,ERPINT-44,2026-01-10T08:18:12Z,2026-02-16T19:15:37Z,2026-02-16T02:51:16Z,edi;wave1;explore
ERPINT,Aurora ERP: Integrations & Platform,ERPINT-60,Interface spec: Cloud Connector to on-prem MES for plant 1100 Guelph,task,Done,done,u-samuel.carvalho,Samuel Carvalho,5,points,,2026-02-18,ERPINT-2,,2026-01-10T19:33:57Z,2026-02-16T16:19:12Z,2026-02-15T23:26:14Z,btp;wave1;explore
ERPINT,Aurora ERP: Integrations & Platform,ERPINT-61,Field mapping: Shopify B2B orders to SD for plant 1100 Guelph,task,Done,done,,,8,points,,2026-02-19,ERPINT-3,ERPINT-67,2026-01-11T17:38:34Z,2026-03-01T15:45:15Z,2026-03-01T04:56:49Z,if;wave1;explore
ERPINT,Aurora ERP: Integrations & Platform,ERPINT-62,Interface spec: EDI 810 invoices to top 20 customers for plant 1100 Guelph,task,In Progress,in_progress,u-quentin.weber,Quentin Weber,,points,,2026-02-27,ERPINT-1,,2026-01-11T20:25:40Z,2026-08-23T08:58:17Z,,edi;wave1;explore
ERPINT,Aurora ERP: Integrations & Platform,ERPINT-63,BTP: build and connectivity,epic,In Progress,in_progress,,,,points,2026-02-23,,,,2026-01-12T19:00:47Z,2026-08-19T00:00:00Z,,btp;wave1;realize
ERPINT,Aurora ERP: Integrations & Platform,ERPINT-64,Interface spec: Power BI extraction via CDS/OData for plant 1100 Guelph,task,Closed,done,u-renata.roy,Renata Roy,2,points,,2026-02-23,ERPINT-3,,2026-01-13T01:32:42Z,2026-02-25T15:38:58Z,2026-02-24T13:51:29Z,if;wave1;explore
ERPINT,Aurora ERP: Integrations & Platform,ERPINT-65,Field mapping: CRA tax rate service for plant 1100 Guelph,task,Backlog,todo,,,5,points,,2026-02-23,ERPINT-3,ERPINT-75;ERPINT-23,2026-01-13T20:59:21Z,2026-07-21T14:29:23Z,,if;wave1;explore
ERPINT,Aurora ERP: Integrations & Platform,ERPINT-66,Field mapping: Salesforce opportunity to quote for plant 1100 Guelph,task,To Do,todo,,,,points,,2026-02-09,,ERPINT-39,2026-01-14T13:35:08Z,2026-07-21T18:27:58Z,,if;wave1;explore
ERPINT,Aurora ERP: Integrations & Platform,ERPINT-67,Interface spec: Shopify B2B orders to SD for plant 1100 Guelph,task,Done,done,u-tania.wilson,Tânia Wilson,3,points,,,ERPINT-3,,2026-01-14T15:18:53Z,2026-02-19T20:47:02Z,2026-02-19T01:26:18Z,if;wave1;explore
ERPINT,Aurora ERP: Integrations & Platform,ERPINT-68,Field mapping: Integration Suite tenant setup for plant 1100 Guelph,task,Closed,done,u-gustavo.nguyen,Gustavo Nguyen,5,points,,2026-02-07,ERPINT-2,ERPINT-52,2026-01-14T15:32:42Z,2026-02-07T14:57:49Z,2026-02-06T12:13:14Z,btp;wave1;explore
ERPINT,Aurora ERP: Integrations & Platform,ERPINT-69,Field mapping: Concur expenses to FI for plant 1100 Guelph,task,Closed,done,u-quentin.oliveira,Quentin Oliveira,8,points,,2026-02-15,ERPINT-3,ERPINT-57,2026-01-15T17:40:06Z,2026-02-18T11:45:27Z,2026-02-16T11:52:24Z,if;wave1;explore
ERPINT,Aurora ERP: Integrations & Platform,ERPINT-70,Interface spec: MES Ignition production confirmations for plant 1100 Guelph,task,Closed,done,u-quentin.oliveira,Quentin Oliveira,2,points,,2026-02-02,ERPINT-3,,2026-01-16T17:32:27Z,2026-02-11T04:17:26Z,,if;wave1;explore
ERPINT,Aurora ERP: Integrations & Platform,ERPINT-71,Field mapping: MES Ignition production confirmations for plant 1100 Guelph,task,Done,done,u-renata.roy,Renata Roy,5,points,,2026-02-11,ERPINT-3,ERPINT-70,2026-01-17T16:48:29Z,2026-02-10T06:53:05Z,2026-02-09T01:38:59Z,if;wave1;explore
ERPINT,Aurora ERP: Integrations & Platform,ERPINT-72,Field mapping: API management policies for plant 1100 Guelph,task,Ready,todo,,,8,points,,2026-02-18,ERPINT-2,ERPINT-49,2026-01-18T19:31:27Z,2026-07-08T10:19:31Z,2026-07-08T04:07:38Z,btp;wave1;explore
ERPINT,Aurora ERP: Integrations & Platform,ERPINT-73,Field mapping: Kronos time export to payroll for plant 1100 Guelph,task,Closed,done,u-samuel.carvalho,Samuel Carvalho,5,points,2026-01-28,2026-02-16,ERPINT-3,ERPINT-54,2026-01-19T04:26:22Z,2026-02-20T06:57:45Z,2026-02-18T17:23:29Z,if;wave1;explore
ERPINT,Aurora ERP: Integrations & Platform,ERPINT-74,Field mapping: Power BI extraction via CDS/OData for plant 1100 Guelph,task,Closed,done,u-laura.ferreira,Laura Ferreira,5,points,2026-02-14,2026-02-23,ERPINT-3,ERPINT-64,2026-01-19T12:34:28Z,2026-02-21T23:26:41Z,2026-02-21T13:54:01Z,if;wave1;explore
ERPINT,Aurora ERP: Integrations & Platform,ERPINT-75,Interface spec: CRA tax rate service for plant 1100 Guelph,task,Closed,done,u-renata.souza,Renata Souza,1,points,,,ERPINT-3,,2026-01-19T18:03:08Z,2026-02-26T19:10:40Z,2026-02-25T13:49:53Z,if;wave1;explore
ERPINT,Aurora ERP: Integrations & Platform,ERPINT-76,Field mapping: EDI 855 order acknowledgement for plant 1100 Guelph,task,Closed,done,u-samuel.carvalho,Samuel Carvalho,2,points,,2026-02-22,ERPINT-1,ERPINT-46;ERPINT-48,2026-01-20T10:01:26Z,2026-02-21T04:44:56Z,2026-02-20T13:38:59Z,edi;wave1;explore
ERPINT,Aurora ERP: Integrations & Platform,ERPINT-77,EDI: build and connectivity,epic,Closed,done,u-laura.ferreira,Laura Ferreira,,points,2026-02-24,2026-08-12,,,2026-01-21T11:50:41Z,2026-08-14T00:00:00Z,2026-08-14T00:00:00Z,edi;wave1;realize
ERPINT,Aurora ERP: Integrations & Platform,ERPINT-78,IF: build and connectivity,epic,In Progress,in_progress,u-samuel.carvalho,Samuel Carvalho,,points,2026-02-20,2026-08-14,,,2026-01-22T09:09:00Z,2026-08-20T00:00:00Z,,if;wave1;realize
ERPINT,Aurora ERP: Integrations & Platform,ERPINT-79,Develop iFlow: Salesforce opportunity to quote,story,Closed,done,u-samuel.carvalho,Samuel Carvalho,2,points,,,ERPINT-78,ERPINT-22;ERPINT-111;ERPFIN-448,2026-01-23T05:48:16Z,2026-03-25T16:06:26Z,2026-03-24T12:40:37Z,if;wave1;realize
ERPINT,Aurora ERP: Integrations & Platform,ERPINT-80,Connectivity and certificates: Kronos time export to payroll,task,To Do,todo,,,5,points,,2026-03-20,ERPINT-78,,2026-01-23T15:59:34Z,2026-08-06T11:05:00Z,,if;wave1;realize
ERPINT,Aurora ERP: Integrations & Platform,ERPINT-81,Develop iFlow: EDI 850 inbound purchase orders (OpenText),story,Closed,done,u-fatima.pereira,Fatima Pereira,8,points,,2026-03-19,ERPINT-77,ERPINT-28;ERPINT-104;ERPSCM-122,2026-01-25T11:47:33Z,2026-03-27T19:32:19Z,2026-03-27T17:57:37Z,edi;wave1;realize
ERPINT,Aurora ERP: Integrations & Platform,ERPINT-82,Field mapping: Cloud Connector to on-prem MES for plant 1100 Guelph,task,Closed,done,u-laura.ferreira,Laura Ferreira,1,points,,2026-02-22,ERPINT-2,ERPINT-60,2026-01-25T16:51:52Z,2026-03-01T23:20:31Z,2026-03-01T22:44:40Z,btp;wave1;explore
ERPINT,Aurora ERP: Integrations & Platform,ERPINT-83,Interface spec: monitoring and alerting (AIF) for plant 1100 Guelph,task,Closed,done,u-laura.ferreira,Laura Ferreira,3,points,,2026-02-25,,ERPINT-156,2026-01-25T17:00:52Z,2026-02-24T14:09:43Z,2026-02-23T21:57:13Z,btp;wave1;explore
ERPINT,Aurora ERP: Integrations & Platform,ERPINT-84,Interface spec: customs broker Livingston export docs for plant 1100 Guelph,task,Closed,done,u-quentin.weber,Quentin Weber,8,points,,,ERPINT-3,,2026-01-26T11:15:04Z,2026-02-21T08:01:49Z,2026-02-19T11:53:41Z,if;wave1;explore
ERPINT,Aurora ERP: Integrations & Platform,ERPINT-85,Interface spec: legacy JDE coexistence bridge for plant 1100 Guelph,task,Done,done,u-gustavo.nguyen,Gustavo Nguyen,3,points,,,ERPINT-3,,2026-01-26T15:52:38Z,2026-02-22T12:57:10Z,2026-02-21T10:53:08Z,if;wave1;explore
ERPINT,Aurora ERP: Integrations & Platform,ERPINT-86,Field mapping: EDI 810 invoices to top 20 customers for plant 1100 Guelph,task,Done,done,u-renata.roy,Renata Roy,5,points,,2026-03-03,ERPINT-1,ERPINT-62,2026-01-27T22:09:59Z,2026-03-03T21:20:45Z,2026-03-03T19:32:38Z,edi;wave1;explore
ERPINT,Aurora ERP: Integrations & Platform,ERPINT-87,Field mapping: RBC/TD bank statements CAMT.053 for plant 1100 Guelph,task,In Review,in_progress,u-samuel.carvalho,Samuel Carvalho,2,points,2026-02-06,2026-02-23,ERPINT-3,ERPINT-93,2026-01-28T08:04:44Z,2026-08-17T14:39:32Z,,if;wave1;explore
ERPINT,Aurora ERP: Integrations & Platform,ERPINT-88,Develop iFlow: Integration Suite tenant setup,story,Blocked,in_progress,u-gustavo.nguyen,Gustavo Nguyen,5,points,,2026-03-19,ERPINT-63,ERPINT-7;ERPINT-110;ERPSCM-339,2026-01-28T11:24:41Z,2026-08-17T14:15:29Z,,btp;wave1;realize
ERPINT,Aurora ERP: Integrations & Platform,ERPINT-89,Develop iFlow: MES Ignition production confirmations,story,In Progress,in_progress,u-gustavo.nguyen,Gustavo Nguyen,8,points,2026-02-20,2026-03-23,ERPINT-78,ERPINT-8;ERPINT-99;ERPFIN-218,2026-01-28T11:32:10Z,2026-08-12T16:52:39Z,,if;wave1;realize
ERPINT,Aurora ERP: Integrations & Platform,ERPINT-90,Field mapping: monitoring and alerting (AIF) for plant 1100 Guelph,task,Done,done,u-camila.muller,Camila Müller,3,points,,2026-02-26,ERPINT-2,ERPINT-83,2026-01-28T11:49:27Z,2026-03-01T16:20:31Z,2026-02-27T18:58:47Z,btp;wave1;explore
ERPINT,Aurora ERP: Integrations & Platform,ERPINT-91,Field mapping: EDI 856 ASN outbound for plant 1100 Guelph,task,In Review,in_progress,u-renata.roy,Renata Roy,3,points,2026-02-08,2026-03-03,ERPINT-1,ERPINT-92,2026-01-28T18:37:23Z,2026-08-24T00:00:00Z,,edi;wave1;explore
ERPINT,Aurora ERP: Integrations & Platform,ERPINT-92,Interface spec: EDI 856 ASN outbound for plant 1100 Guelph,task,Done,done,u-joao.lima,João Lima,3,points,,2026-02-19,ERPINT-1,,2026-01-31T00:20:31Z,2026-03-01T21:02:02Z,2026-03-01T12:53:05Z,edi;wave1;explore
ERPINT,Aurora ERP: Integrations & Platform,ERPINT-93,Interface spec: RBC/TD bank statements CAMT.053 for plant 1100 Guelph,task,Closed,done,u-laura.ferreira,Laura Ferreira,2,points,2026-01-31,,ERPINT-3,,2026-02-01T07:17:02Z,2026-02-15T21:07:22Z,2026-02-14T20:36:55Z,if;wave1;explore
ERPINT,Aurora ERP: Integrations & Platform,ERPINT-94,Develop iFlow: API management policies,story,In Review,in_progress,u-camila.muller,Camila Müller,1,points,2026-03-01,2026-04-08,ERPINT-63,ERPINT-23;ERPINT-113;ERPSCM-169,2026-02-02T05:25:39Z,2026-08-17T17:23:29Z,,btp;wave1;realize
ERPINT,Aurora ERP: Integrations & Platform,ERPINT-95,Connectivity and certificates: EDI 855 order acknowledgement,task,Closed,done,u-quentin.oliveira,Quentin Oliveira,3,points,2026-02-24,,ERPINT-77,,2026-02-02T11:01:16Z,2026-04-10T11:07:32Z,2026-04-10T04:39:49Z,edi;wave1;realize
ERPINT,Aurora ERP: Integrations & Platform,ERPINT-96,Field mapping: error handling and reprocessing for plant 1100 Guelph,task,Done,done,u-samuel.carvalho,Samuel Carvalho,5,points,,2026-02-26,ERPINT-2,ERPINT-103,2026-02-04T04:25:02Z,2026-02-23T20:02:46Z,2026-02-22T21:05:44Z,btp;wave1;explore
ERPINT,Aurora ERP: Integrations & Platform,ERPINT-97,Field mapping: legacy JDE coexistence bridge for plant 1100 Guelph,task,Blocked,in_progress,u-laura.ferreira,Laura Ferreira,3,points,,2026-02-23,ERPINT-3,ERPINT-85,2026-02-04T14:55:02Z,2026-08-20T19:12:14Z,,if;wave1;explore
ERPINT,Aurora ERP: Integrations & Platform,ERPINT-98,Interface spec: EDI 940/945 with 3PL (DHL) for plant 1100 Guelph,task,Done,done,u-camila.muller,Camila Müller,3,points,2026-02-16,2026-03-03,ERPINT-1,,2026-02-06T12:30:00Z,2026-03-04T23:59:06Z,2026-03-04T08:27:58Z,edi;wave1;explore
ERPINT,Aurora ERP: Integrations & Platform,ERPINT-99,Connectivity and certificates: MES Ignition production confirmations,task,Done,done,u-camila.muller,Camila Müller,5,points,,2026-03-23,ERPINT-78,,2026-02-06T17:49:31Z,2026-03-29T11:11:15Z,2026-03-28T15:34:04Z,if;wave1;realize
ERPINT,Aurora ERP: Integrations & Platform,ERPINT-100,Field mapping: EDI 940/945 with 3PL (DHL) for plant 1100 Guelph,task,Done,done,u-tania.chen,Tânia Chen,13,points,,2026-03-03,ERPINT-1,ERPINT-98,2026-02-06T23:01:31Z,2026-03-03T15:14:08Z,2026-03-03T11:12:23Z,edi;wave1;explore
ERPINT,Aurora ERP: Integrations & Platform,ERPINT-101,Develop iFlow: EDI 855 order acknowledgement,story,Done,done,u-samuel.carvalho,Samuel Carvalho,13,points,,2026-04-13,ERPINT-77,ERPINT-16;ERPINT-95;ERPFIN-679;ERPINT-216,2026-02-08T05:59:27Z,2026-04-20T19:55:56Z,2026-04-19T02:39:59Z,edi;wave1;realize
ERPINT,Aurora ERP: Integrations & Platform,ERPINT-102,Connectivity and certificates: EDI 856 ASN outbound,task,Done,done,u-joao.lima,João Lima,8,points,,2026-04-11,ERPINT-77,,2026-02-08T10:47:55Z,2026-04-14T10:37:44Z,2026-04-12T12:31:08Z,edi;wave1;realize
ERPINT,Aurora ERP: Integrations & Platform,ERPINT-103,Interface spec: error handling and reprocessing for plant 1100 Guelph,task,Done,done,,,3,points,2026-02-14,2026-02-26,ERPINT-2,,2026-02-08T10:48:16Z,2026-03-03T08:57:26Z,2026-03-02T18:46:05Z,btp;wave1;explore
ERPINT,Aurora ERP: Integrations & Platform,ERPINT-104,Connectivity and certificates: EDI 850 inbound purchase orders (OpenText),task,Done,done,u-samuel.carvalho,Samuel Carvalho,3,points,,2026-03-13,ERPINT-77,,2026-02-08T13:33:40Z,2026-03-22T07:48:50Z,2026-03-21T04:15:40Z,edi;wave1;realize
ERPINT,Aurora ERP: Integrations & Platform,ERPINT-105,Field mapping: customs broker Livingston export docs for plant 1100 Guelph,task,Done,done,u-samuel.carvalho,Samuel Carvalho,5,points,,2026-02-23,ERPINT-3,ERPINT-84,2026-02-09T17:36:11Z,2026-02-20T10:04:26Z,2026-02-20T09:32:50Z,if;wave1;explore
ERPINT,Aurora ERP: Integrations & Platform,ERPINT-106,Build Interface: Integration Suite tenant setup extension,story,Done,done,u-samuel.carvalho,Samuel Carvalho,13,points,,2026-04-02,ERPINT-63,ERPINT-88,2026-02-10T22:35:18Z,2026-04-09T08:52:08Z,2026-04-08T01:21:26Z,btp;wave1;wricef
ERPINT,Aurora ERP: Integrations & Platform,ERPINT-107,Build Conversion: Salesforce opportunity to quote extension,story,Done,done,u-quentin.oliveira,Quentin Oliveira,80,points,2026-02-28,2026-04-10,ERPINT-78,ERPINT-79,2026-02-12T00:28:00Z,2026-04-08T18:10:17Z,2026-04-08T13:38:10Z,if;wave1;wricef
ERPINT,Aurora ERP: Integrations & Platform,ERPINT-108,Develop iFlow: Cloud Connector to on-prem MES,story,Done,done,u-tania.wilson,Tânia Wilson,5,points,,2026-04-22,ERPINT-63,ERPINT-34;ERPINT-122;ERPFIN-525,2026-02-12T20:48:54Z,2026-04-19T15:56:43Z,2026-04-19T00:56:36Z,btp;wave1;realize
ERPINT,Aurora ERP: Integrations & Platform,ERPINT-109,Develop iFlow: Concur expenses to FI,story,Done,done,u-renata.souza,Renata Souza,13,points,,,ERPINT-78,ERPINT-12;ERPINT-121;ERPSCM-339,2026-02-13T16:29:04Z,2026-04-18T04:04:10Z,2026-04-17T21:52:11Z,if;wave1;realize
ERPINT,Aurora ERP: Integrations & Platform,ERPINT-110,Connectivity and certificates: Integration Suite tenant setup,task,Closed,done,u-tania.wilson,Tânia Wilson,8,points,,2026-03-07,ERPINT-63,,2026-02-15T17:08:51Z,2026-03-12T01:28:23Z,2026-03-10T03:15:29Z,btp;wave1;realize
ERPINT,Aurora ERP: Integrations & Platform,ERPINT-111,Connectivity and certificates: Salesforce opportunity to quote,task,In Progress,in_progress,u-samuel.carvalho,Samuel Carvalho,3,points,,2026-03-13,ERPINT-78,,2026-02-18T09:22:55Z,2026-08-12T08:30:15Z,,if;wave1;realize
ERPINT,Aurora ERP: Integrations & Platform,ERPINT-112,Develop iFlow: Kronos time export to payroll,story,Closed,done,u-camila.muller,Camila Müller,5,points,,2026-04-01,ERPINT-78,ERPINT-10;ERPINT-80;ERPSCM-93,2026-02-21T05:08:20Z,2026-03-29T14:44:36Z,2026-03-27T21:41:51Z,if;wave1;realize
ERPINT,Aurora ERP: Integrations & Platform,ERPINT-113,Connectivity and certificates: API management policies,task,Done,done,u-quentin.oliveira,Quentin Oliveira,8,points,2026-02-23,,ERPINT-63,,2026-02-21T12:11:54Z,2026-04-07T16:46:34Z,2026-04-06T11:15:44Z,btp;wave1;realize
ERPINT,Aurora ERP: Integrations & Platform,ERPINT-114,Develop iFlow: EDI 856 ASN outbound,story,Closed,done,u-tania.chen,Tânia Chen,3,points,,2026-04-26,ERPINT-77,ERPINT-27;ERPINT-102;ERPHCM-49,2026-02-24T05:42:55Z,2026-04-24T18:22:19Z,2026-04-23T07:45:19Z,edi;wave1;realize
ERPINT,Aurora ERP: Integrations & Platform,ERPINT-115,Connectivity and certificates: Shopify B2B orders to SD,task,Done,done,u-samuel.carvalho,Samuel Carvalho,5,points,,,,,2026-02-24T20:54:27Z,2026-04-20T06:40:57Z,2026-04-18T13:22:49Z,if;wave1;realize
ERPINT,Aurora ERP: Integrations & Platform,ERPINT-116,Unit test iFlow: EDI 850 inbound purchase orders (OpenText),task,Closed,done,u-samuel.carvalho,Samuel Carvalho,3,points,,2026-04-19,ERPINT-77,ERPINT-81,2026-02-28T20:31:08Z,2026-04-28T00:09:07Z,2026-04-26T23:37:46Z,edi;wave1;realize
ERPINT,Aurora ERP: Integrations & Platform,ERPINT-117,Build Conversion: EDI 850 inbound purchase orders (OpenText) extension,story,To Do,todo,,,8,points,2026-03-04,2026-04-03,ERPINT-77,ERPINT-81,2026-03-01T00:24:26Z,2026-06-12T08:00:28Z,,edi;wave1;wricef
ERPINT,Aurora ERP: Integrations & Platform,ERPINT-118,Connectivity and certificates: CRA tax rate service,task,Blocked,in_progress,u-gustavo.nguyen,Gustavo Nguyen,,points,,2026-05-02,ERPINT-78,,2026-03-01T11:06:45Z,2026-08-18T20:36:03Z,,if;wave1;realize
ERPINT,Aurora ERP: Integrations & Platform,ERPINT-119,Develop iFlow: RBC/TD bank statements CAMT.053,story,Done,done,u-laura.ferreira,Laura Ferreira,1,points,,2026-04-24,ERPINT-78,ERPINT-20;ERPINT-133;ERPSCM-114,2026-03-01T11:53:07Z,2026-04-26T13:18:35Z,2026-04-26T04:17:42Z,if;wave1;realize
ERPINT,Aurora ERP: Integrations & Platform,ERPINT-120,Build Interface: Concur expenses to FI extension,story,Closed,done,u-quentin.oliveira,Quentin Oliveira,2,points,2026-03-24,2026-05-05,ERPINT-78,ERPINT-109,2026-03-02T01:28:14Z,2026-05-08T05:39:20Z,2026-05-07T21:11:16Z,if;wave1;wricef
ERPINT,Aurora ERP: Integrations & Platform,ERPINT-121,Connectivity and certificates: Concur expenses to FI,task,Closed,done,u-samuel.carvalho,Samuel Carvalho,5,points,,2026-03-28,ERPINT-78,,2026-03-02T03:25:17Z,2026-03-27T01:28:07Z,2026-03-25T08:03:49Z,if;wave1;realize
ERPINT,Aurora ERP: Integrations & Platform,ERPINT-122,Connectivity and certificates: Cloud Connector to on-prem MES,task,Closed,done,u-renata.souza,Renata Souza,5,points,,,ERPINT-63,,2026-03-04T03:30:06Z,2026-04-22T09:25:37Z,2026-04-21T05:11:55Z,btp;wave1;realize
ERPINT,Aurora ERP: Integrations & Platform,ERPINT-123,Connectivity and certificates: EDI 810 invoices to top 20 customers,task,Closed,done,u-renata.souza,Renata Souza,5,points,,2026-04-23,,ERPINT-129,2026-03-04T09:18:41Z,2026-04-23T08:18:48Z,2026-04-23T02:09:00Z,edi;wave1;realize
ERPINT,Aurora ERP: Integrations & Platform,ERPINT-124,Develop iFlow: Shopify B2B orders to SD,story,Backlog,todo,,,5,points,,2026-04-24,ERPINT-78,ERPINT-26;ERPINT-115;ERPSCM-534,2026-03-05T07:49:35Z,2026-08-09T13:14:38Z,,if;wave1;realize
ERPINT,Aurora ERP: Integrations & Platform,ERPINT-125,Unit test iFlow: EDI 855 order acknowledgement,task,Done,done,u-tania.chen,Tânia Chen,5,points,,2026-04-26,ERPINT-77,ERPINT-101,2026-03-06T01:15:23Z,2026-04-30T12:33:00Z,2026-04-30T03:37:10Z,edi;wave1;realize
ERPINT,Aurora ERP: Integrations & Platform,ERPINT-126,Unit test iFlow: API management policies,task,Closed,done,u-renata.souza,Renata Souza,8,points,2026-03-30,2026-05-06,ERPINT-63,ERPINT-94,2026-03-06T03:15:38Z,2026-05-08T11:26:56Z,2026-05-07T14:34:58Z,btp;wave1;realize
ERPINT,Aurora ERP: Integrations & Platform,ERPINT-127,Unit test iFlow: Integration Suite tenant setup,task,Closed,done,u-quentin.oliveira,Quentin Oliveira,3,points,,,ERPINT-63,ERPINT-88,2026-03-08T08:53:37Z,2026-04-11T23:47:51Z,2026-04-10T15:29:44Z,btp;wave1;realize
ERPINT,Aurora ERP: Integrations & Platform,ERPINT-128,Develop iFlow: EDI 810 invoices to top 20 customers,story,Done,done,u-gustavo.nguyen,Gustavo Nguyen,5,points,,2026-05-14,ERPINT-77,ERPINT-38;ERPINT-123;ERPFIN-424,2026-03-08T14:14:38Z,2026-05-12T04:12:09Z,2026-05-11T23:46:18Z,edi;wave1;realize
ERPINT,Aurora ERP: Integrations & Platform,ERPINT-129,Unit test iFlow: Salesforce opportunity to quote,task,Closed,done,u-renata.roy,Renata Roy,5,points,,2026-04-20,ERPINT-78,ERPINT-79,2026-03-10T06:54:33Z,2026-04-22T07:14:53Z,2026-04-21T06:31:42Z,if;wave1;realize
ERPINT,Aurora ERP: Integrations & Platform,ERPINT-130,Unit test iFlow: MES Ignition production confirmations,task,In Progress,in_progress,u-samuel.carvalho,Samuel Carvalho,8,points,,2026-04-18,ERPINT-78,ERPINT-89,2026-03-10T07:42:46Z,2026-08-19T08:38:59Z,,if;wave1;realize
ERPINT,Aurora ERP: Integrations & Platform,ERPINT-131,Unit test iFlow: Concur expenses to FI,task,Closed,done,u-laura.ferreira,Laura Ferreira,,points,,,ERPINT-78,ERPINT-109,2026-03-12T16:58:57Z,2026-05-21T23:26:45Z,2026-05-21T08:31:44Z,if;wave1;realize
ERPINT,Aurora ERP: Integrations & Platform,ERPINT-132,Develop iFlow: Power BI extraction via CDS/OData,story,Closed,done,u-samuel.carvalho,Samuel Carvalho,13,points,,2026-05-14,ERPINT-78,ERPINT-43;ERPINT-134;ERPFIN-218,2026-03-13T14:32:26Z,2026-05-22T22:17:13Z,,if;wave1;realize
ERPINT,Aurora ERP: Integrations & Platform,ERPINT-133,Connectivity and certificates: RBC/TD bank statements CAMT.053,task,Closed,done,u-gustavo.nguyen,Gustavo Nguyen,1,points,2026-03-13,,ERPINT-78,,2026-03-14T08:21:24Z,2026-04-15T22:29:19Z,2026-04-15T12:09:17Z,if;wave1;realize
ERPINT,Aurora ERP: Integrations & Platform,ERPINT-134,Connectivity and certificates: Power BI extraction via CDS/OData,task,Closed,done,u-gustavo.nguyen,Gustavo Nguyen,2,points,2026-03-25,,ERPINT-78,,2026-03-16T06:51:26Z,2026-05-06T07:35:53Z,2026-05-05T14:17:45Z,if;wave1;realize
ERPINT,Aurora ERP: Integrations & Platform,ERPINT-135,Develop iFlow: monitoring and alerting (AIF),story,Backlog,todo,,,8,points,2026-03-30,,ERPINT-63,ERPINT-42;ERPINT-136;ERPSCM-421,2026-03-17T10:09:08Z,2026-06-17T17:14:46Z,,btp;wave1;realize
ERPINT,Aurora ERP: Integrations & Platform,ERPINT-136,Connectivity and certificates: monitoring and alerting (AIF),task,Done,done,u-gustavo.nguyen,Gustavo Nguyen,,points,2026-03-20,2026-04-25,ERPINT-63,ERPINT-169,2026-03-17T21:27:37Z,2026-04-24T12:28:00Z,2026-04-24T11:50:50Z,btp;wave1;realize
ERPINT,Aurora ERP: Integrations & Platform,ERPINT-137,Unit test iFlow: Kronos time export to payroll,task,Closed,done,u-camila.muller,Camila Müller,8,points,2026-03-21,2026-04-25,ERPINT-78,ERPINT-112;ERPINT-302,2026-03-19T05:45:04Z,2026-05-04T15:57:11Z,2026-05-03T06:13:43Z,if;wave1;realize
ERPINT,Aurora ERP: Integrations & Platform,ERPINT-138,Connectivity and certificates: customs broker Livingston export docs,task,To Do,todo,u-gustavo.nguyen,Gustavo Nguyen,5,points,2026-04-15,2026-05-24,ERPINT-78,,2026-03-20T18:37:07Z,2026-07-12T19:16:24Z,,if;wave1;realize
ERPINT,Aurora ERP: Integrations & Platform,ERPINT-139,Develop iFlow: CRA tax rate service,story,In Review,in_progress,u-joao.lima,João Lima,1,points,,2026-05-05,ERPINT-78,ERPINT-31;ERPINT-118;ERPSCM-262;ERPINT-51,2026-03-21T10:25:46Z,2026-08-15T09:33:08Z,,if;wave1;realize
ERPINT,Aurora ERP: Integrations & Platform,ERPINT-140,Unit test iFlow: Shopify B2B orders to SD,task,Done,done,u-samuel.carvalho,Samuel Carvalho,1,points,,2026-05-17,ERPINT-78,ERPINT-124,2026-03-22T01:43:29Z,2026-05-18T09:01:31Z,2026-05-17T12:37:32Z,if;wave1;realize
ERPINT,Aurora ERP: Integrations & Platform,ERPINT-141,Unit test iFlow: EDI 856 ASN outbound,task,In Review,in_progress,u-tania.chen,Tânia Chen,8,points,2026-04-11,2026-05-18,ERPINT-77,ERPINT-114,2026-03-22T03:20:51Z,2026-08-20T07:58:19Z,,edi;wave1;realize
ERPINT,Aurora ERP: Integrations & Platform,ERPINT-142,Unit test iFlow: RBC/TD bank statements CAMT.053,task,Closed,done,u-tania.wilson,Tânia Wilson,3,points,,2026-05-18,ERPINT-78,ERPINT-119,2026-03-23T07:54:56Z,2026-05-26T13:08:15Z,2026-05-26T03:53:25Z,if;wave1;realize
ERPINT,Aurora ERP: Integrations & Platform,ERPINT-143,Build Report: monitoring and alerting (AIF) extension,story,Closed,done,u-gustavo.nguyen,Gustavo Nguyen,2,points,,2026-05-26,ERPINT-63,ERPINT-135,2026-03-25T20:31:07Z,2026-05-31T12:26:42Z,2026-05-30T20:43:07Z,btp;wave1;wricef
ERPINT,Aurora ERP: Integrations & Platform,ERPINT-144,Connectivity and certificates: legacy JDE coexistence bridge,task,To Do,todo,u-renata.souza,Renata Souza,5,points,,2026-05-07,ERPINT-78,,2026-03-28T13:19:14Z,2026-07-29T21:08:51Z,,if;wave1;realize
ERPINT,Aurora ERP: Integrations & Platform,ERPINT-145,Connectivity and certificates: EDI 940/945 with 3PL (DHL),task,Closed,done,u-tania.wilson,Tânia Wilson,1,points,,,ERPINT-77,,2026-03-31T11:42:47Z,2026-05-11T12:21:18Z,2026-05-09T22:33:42Z,edi;wave1;realize
ERPINT,Aurora ERP: Integrations & Platform,ERPINT-146,Connectivity and certificates: partner profile onboarding,task,In Progress,in_progress,u-gustavo.nguyen,Gustavo Nguyen,3,points,2026-04-20,2026-06-02,ERPINT-77,,2026-04-01T21:06:27Z,2026-08-24T00:00:00Z,,edi;wave1;realize
ERPINT,Aurora ERP: Integrations & Platform,ERPINT-147,Develop iFlow: error handling and reprocessing,story,Done,done,u-renata.roy,Renata Roy,8,points,,2026-05-24,ERPINT-63,ERPINT-55;ERPINT-150;ERPFIN-189,2026-04-03T01:50:15Z,2026-05-29T18:01:04Z,2026-05-28T22:51:49Z,btp;wave1;realize
ERPINT,Aurora ERP: Integrations & Platform,ERPINT-148,Build Interface: CRA tax rate service extension,story,Done,done,u-gustavo.nguyen,Gustavo Nguyen,80,points,,2026-05-22,ERPINT-78,ERPINT-139,2026-04-03T19:43:23Z,2026-05-30T14:31:41Z,2026-05-30T09:31:10Z,if;wave1;wricef
ERPINT,Aurora ERP: Integrations & Platform,ERPINT-149,Unit test iFlow: CRA tax rate service,task,Closed,done,u-quentin.weber,Quentin Weber,3,points,2026-04-22,2026-06-04,ERPINT-78,ERPINT-139;ERPINT-313,2026-04-04T11:28:45Z,2026-06-04T02:13:27Z,2026-06-04T00:35:26Z,if;wave1;realize
ERPINT,Aurora ERP: Integrations & Platform,ERPINT-150,Connectivity and certificates: error handling and reprocessing,task,Done,done,u-samuel.carvalho,Samuel Carvalho,8,points,,2026-05-14,ERPINT-63,,2026-04-04T15:50:41Z,2026-05-25T07:21:23Z,2026-05-25T07:11:44Z,btp;wave1;realize
ERPINT,Aurora ERP: Integrations & Platform,ERPINT-151,Connectivity and certificates: Ariba PO and invoice flows,task,Done,done,u-quentin.weber,Quentin Weber,8,points,,,ERPINT-78,,2026-04-05T04:57:44Z,2026-06-11T22:01:01Z,2026-06-10T13:14:28Z,if;wave1;realize
ERPINT,Aurora ERP: Integrations & Platform,ERPINT-152,Unit test iFlow: monitoring and alerting (AIF),task,Closed,done,u-fatima.pereira,Fatima Pereira,13,points,,2026-06-02,ERPINT-63,ERPINT-135,2026-04-07T22:02:56Z,2026-06-01T21:36:12Z,2026-06-01T11:49:55Z,btp;wave1;realize
ERPINT,Aurora ERP: Integrations & Platform,ERPINT-153,Develop iFlow: legacy JDE coexistence bridge,story,In Review,in_progress,u-laura.ferreira,Laura Ferreira,13,points,,2026-05-22,ERPINT-78,ERPINT-35;ERPINT-144;ERPMFG-222,2026-04-08T01:48:31Z,2026-08-18T13:15:24Z,,if;wave1;realize
ERPINT,Aurora ERP: Integrations & Platform,ERPINT-154,Unit test iFlow: Cloud Connector to on-prem MES,task,Done,done,u-gustavo.nguyen,Gustavo Nguyen,2,points,,2026-05-24,ERPINT-63,ERPINT-108,2026-04-09T16:44:16Z,2026-05-26T22:22:47Z,2026-05-25T18:34:44Z,btp;wave1;realize
ERPINT,Aurora ERP: Integrations & Platform,ERPINT-155,Connectivity and certificates: SSO with Entra ID,task,Done,done,u-gustavo.nguyen,Gustavo Nguyen,8,points,2026-04-26,2026-06-06,ERPINT-63,ERPINT-16,2026-04-10T04:47:23Z,2026-06-10T05:25:31Z,2026-06-09T22:02:42Z,btp;wave1;realize
ERPINT,Aurora ERP: Integrations & Platform,ERPINT-156,Develop iFlow: carrier rating service,story,In Progress,in_progress,u-gustavo.nguyen,Gustavo Nguyen,8,points,,2026-06-04,ERPINT-78,ERPINT-58;ERPINT-157;ERPSCM-178,2026-04-11T03:56:47Z,2026-08-12T17:44:55Z,,if;wave1;realize
ERPINT,Aurora ERP: Integrations & Platform,ERPINT-157,Connectivity and certificates: carrier rating service,task,Closed,done,u-tania.chen,Tânia Chen,2,points,2026-04-19,,ERPINT-78,,2026-04-16T02:01:27Z,2026-05-28T11:15:56Z,2026-05-26T21:49:25Z,if;wave1;realize
ERPINT,Aurora ERP: Integrations & Platform,ERPINT-158,Connectivity and certificates: Integration Suite tenant setup for plant 1100 Guelph,task,Closed,done,u-samuel.carvalho,Samuel Carvalho,5,points,,2026-06-13,ERPINT-63,,2026-04-16T07:38:10Z,2026-06-16T17:24:10Z,2026-06-16T04:50:50Z,btp;wave1;realize
ERPINT,Aurora ERP: Integrations & Platform,ERPINT-159,Build Form: EDI 810 invoices to top 20 customers extension,story,Done,done,u-samuel.carvalho,Samuel Carvalho,80,points,,,ERPINT-77,ERPINT-128,2026-04-18T04:37:07Z,2026-05-16T08:34:44Z,2026-05-16T03:22:16Z,edi;wave1;wricef
ERPINT,Aurora ERP: Integrations & Platform,ERPINT-160,Develop iFlow: EDI 940/945 with 3PL (DHL),story,Closed,done,u-fatima.pereira,Fatima Pereira,3,points,2026-04-20,2026-05-29,ERPINT-77,ERPINT-51;ERPINT-145;ERPFIN-479,2026-04-20T10:21:46Z,2026-06-01T03:35:28Z,2026-05-31T02:49:24Z,edi;wave1;realize
ERPINT,Aurora ERP: Integrations & Platform,ERPINT-161,Develop iFlow: customs broker Livingston export docs,story,Closed,done,u-samuel.carvalho,Samuel Carvalho,3,points,,2026-06-03,ERPINT-78,ERPINT-47;ERPINT-138;ERPFIN-416,2026-04-21T01:08:14Z,2026-06-07T11:09:18Z,2026-06-07T02:43:10Z,if;wave1;realize
ERPINT,Aurora ERP: Integrations & Platform,ERPINT-162,Unit test iFlow: EDI 810 invoices to top 20 customers,task,Closed,done,u-samuel.carvalho,Samuel Carvalho,8,points,2026-04-24,2026-05-30,ERPINT-77,ERPINT-128,2026-04-21T22:16:54Z,2026-06-01T16:12:52Z,2026-05-31T14:59:49Z,edi;wave1;realize
ERPINT,Aurora ERP: Integrations & Platform,ERPINT-163,Develop iFlow: Integration Suite tenant setup for plant 1100 Guelph,story,Done,done,u-samuel.carvalho,Samuel Carvalho,13,points,2026-05-17,2026-06-24,ERPINT-63,ERPINT-68;ERPINT-158;ERPSCM-93,2026-04-22T07:06:14Z,2026-06-27T23:55:53Z,2026-06-26T02:03:22Z,btp;wave1;realize
ERPINT,Aurora ERP: Integrations & Platform,ERPINT-164,Unit test iFlow: customs broker Livingston export docs,task,Closed,done,u-samuel.carvalho,Samuel Carvalho,3,points,,,ERPINT-78,ERPINT-161,2026-04-23T21:52:35Z,2026-07-09T21:46:40Z,2026-07-08T20:00:06Z,if;wave1;realize
ERPINT,Aurora ERP: Integrations & Platform,ERPINT-165,Unit test iFlow: Power BI extraction via CDS/OData,task,Done,done,u-tania.wilson,Tânia Wilson,5,points,2026-05-03,2026-06-04,ERPINT-78,ERPINT-132,2026-04-24T08:52:47Z,2026-06-09T15:45:25Z,2026-06-08T09:11:56Z,if;wave1;realize
ERPINT,Aurora ERP: Integrations & Platform,ERPINT-166,Develop iFlow: partner profile onboarding,story,Blocked,in_progress,u-samuel.carvalho,Samuel Carvalho,2,points,,,ERPINT-77,ERPINT-56;ERPINT-146;ERPSCM-197,2026-04-26T21:52:57Z,2026-08-15T08:32:01Z,,edi;wave1;realize
ERPINT,Aurora ERP: Integrations & Platform,ERPINT-167,Unit test iFlow: carrier rating service,task,Closed,done,u-joao.lima,João Lima,8,points,,,ERPINT-78,ERPINT-156,2026-04-27T07:45:44Z,2026-07-13T11:14:28Z,2026-07-11T16:31:43Z,if;wave1;realize
ERPINT,Aurora ERP: Integrations & Platform,ERPINT-168,Unit test iFlow: EDI 940/945 with 3PL (DHL),task,Closed,done,u-samuel.carvalho,Samuel Carvalho,5,points,,2026-06-21,ERPINT-77,ERPINT-160,2026-04-30T02:24:26Z,2026-06-20T17:07:50Z,2026-06-19T11:50:49Z,edi;wave1;realize
ERPINT,Aurora ERP: Integrations & Platform,ERPINT-169,Unit test iFlow: error handling and reprocessing,task,Done,done,u-samuel.carvalho,Samuel Carvalho,5,points,2026-05-14,2026-06-19,ERPINT-63,ERPINT-147,2026-04-30T08:44:30Z,2026-06-19T21:49:19Z,2026-06-18T02:04:28Z,btp;wave1;realize
ERPINT,Aurora ERP: Integrations & Platform,ERPINT-170,Develop iFlow: Salesforce opportunity to quote for plant 1100 Guelph,story,Done,done,u-gustavo.nguyen,Gustavo Nguyen,2,points,,2026-06-25,ERPINT-78,ERPINT-66;ERPINT-173;ERPMFG-78,2026-05-01T13:40:53Z,2026-07-04T16:27:05Z,2026-07-04T01:09:13Z,if;wave1;realize
ERPINT,Aurora ERP: Integrations & Platform,ERPINT-171,Build Conversion: customs broker Livingston export docs extension,story,In Progress,in_progress,u-laura.ferreira,Laura Ferreira,5,points,2026-05-12,,ERPINT-78,ERPINT-161,2026-05-02T01:00:54Z,2026-08-17T09:33:56Z,,if;wave1;wricef
ERPINT,Aurora ERP: Integrations & Platform,ERPINT-172,Develop iFlow: SSO with Entra ID,story,To Do,todo,,,8,points,,,ERPINT-63,ERPINT-53;ERPINT-155;ERPMFG-166,2026-05-02T05:48:31Z,2026-05-02T05:48:31Z,,btp;wave1;realize
ERPINT,Aurora ERP: Integrations & Platform,ERPINT-173,Connectivity and certificates: Salesforce opportunity to quote for plant 1100 Guelph,task,Closed,done,u-samuel.carvalho,Samuel Carvalho,5,points,2026-05-09,2026-06-12,ERPINT-78,,2026-05-02T14:21:51Z,2026-06-14T07:56:17Z,2026-06-12T19:38:39Z,if;wave1;realize
ERPINT,Aurora ERP: Integrations & Platform,ERPINT-174,Develop iFlow: Ariba PO and invoice flows,story,Done,done,u-renata.roy,Renata Roy,2,points,2026-05-05,2026-06-19,ERPINT-78,ERPINT-40;ERPINT-151;ERPSCM-194,2026-05-03T22:33:46Z,2026-06-22T11:31:17Z,2026-06-20T20:23:54Z,if;wave1;realize
ERPINT,Aurora ERP: Integrations & Platform,ERPINT-175,Connectivity and certificates: Concur expenses to FI for plant 1100 Guelph,task,Closed,done,u-renata.souza,Renata Souza,8,points,2026-05-29,2026-07-07,ERPINT-78,,2026-05-04T08:15:25Z,2026-07-06T12:22:27Z,2026-07-04T18:58:17Z,if;wave1;realize
ERPINT,Aurora ERP: Integrations & Platform,ERPINT-176,Connectivity and certificates: EDI 850 inbound purchase orders (OpenText) for plant 1100 Guelph,task,Done,done,u-gustavo.nguyen,Gustavo Nguyen,8,points,2026-05-13,2026-06-10,ERPINT-77,,2026-05-04T11:16:23Z,2026-06-21T02:40:35Z,2026-06-19T20:35:02Z,edi;wave1;realize
ERPINT,Aurora ERP: Integrations & Platform,ERPINT-177,Unit test iFlow: partner profile onboarding,task,Done,done,u-renata.souza,Renata Souza,5,points,,2026-07-02,ERPINT-77,ERPINT-166,2026-05-04T11:20:30Z,2026-07-04T08:55:37Z,2026-07-03T22:39:39Z,edi;wave1;realize
ERPINT,Aurora ERP: Integrations & Platform,ERPINT-178,Connectivity and certificates: API management policies for plant 1100 Guelph,task,To Do,todo,,,,points,2026-05-24,2026-07-03,ERPINT-63,,2026-05-05T14:54:14Z,2026-07-20T12:00:14Z,,btp;wave1;realize
ERPINT,Aurora ERP: Integrations & Platform,ERPINT-179,Connectivity and certificates: MES Ignition production confirmations for plant 1100 Guelph,task,Blocked,in_progress,u-quentin.weber,Quentin Weber,8,points,,,ERPINT-78,,2026-05-08T12:03:50Z,2026-08-12T16:19:24Z,,if;wave1;realize
ERPINT,Aurora ERP: Integrations & Platform,ERPINT-180,Unit test iFlow: legacy JDE coexistence bridge,task,Closed,done,u-gustavo.nguyen,Gustavo Nguyen,8,points,,2026-06-13,ERPINT-78,ERPINT-153,2026-05-08T17:27:00Z,2026-06-24T00:09:45Z,2026-06-23T21:35:18Z,if;wave1;realize
ERPINT,Aurora ERP: Integrations & Platform,ERPINT-181,Develop iFlow: EDI 850 inbound purchase orders (OpenText) for plant 1100 Guelph,story,Done,done,u-quentin.weber,Quentin Weber,2,points,,2026-06-20,ERPINT-77,ERPINT-59;ERPINT-176;ERPSCM-170,2026-05-09T18:24:14Z,2026-06-24T04:16:59Z,2026-06-22T22:46:43Z,edi;wave1;realize
ERPINT,Aurora ERP: Integrations & Platform,ERPINT-182,Develop iFlow: EDI 855 order acknowledgement for plant 1100 Guelph,story,Closed,done,u-tania.wilson,Tânia Wilson,2,points,,,,ERPINT-76;ERPINT-186;ERPFIN-610,2026-05-13T06:42:03Z,2026-07-09T23:41:45Z,2026-07-09T03:59:05Z,edi;wave1;realize
ERPINT,Aurora ERP: Integrations & Platform,ERPINT-183,Develop iFlow: Kronos time export to payroll for plant 1100 Guelph,story,To Do,todo,,,13,points,2026-06-03,2026-07-08,ERPINT-78,ERPINT-73;ERPINT-192;ERPMFG-94,2026-05-15T03:07:50Z,2026-07-03T07:44:37Z,,if;wave1;realize
ERPINT,Aurora ERP: Integrations & Platform,ERPINT-184,Connectivity and certificates: RBC/TD bank statements CAMT.053 for plant 1100 Guelph,task,Closed,done,u-samuel.carvalho,Samuel Carvalho,2,points,2026-06-14,2026-07-23,ERPINT-78,,2026-05-15T20:56:36Z,2026-07-28T04:26:58Z,2026-07-26T18:08:38Z,if;wave1;realize
ERPINT,Aurora ERP: Integrations & Platform,ERPINT-185,Build Conversion: EDI 850 inbound purchase orders (OpenText) for plant 1100 Guelph extension,story,Done,done,u-samuel.carvalho,Samuel Carvalho,3,points,,2026-07-04,ERPINT-77,ERPINT-181,2026-05-17T13:42:29Z,2026-07-01T23:03:02Z,2026-07-01T21:07:58Z,edi;wave1;wricef
ERPINT,Aurora ERP: Integrations & Platform,ERPINT-186,Connectivity and certificates: EDI 855 order acknowledgement for plant 1100 Guelph,task,In Review,in_progress,u-quentin.weber,Quentin Weber,8,points,,2026-06-24,ERPINT-77,,2026-05-18T03:57:14Z,2026-06-30T09:13:09Z,,edi;wave1;realize
ERPINT,Aurora ERP: Integrations & Platform,ERPINT-187,Unit test iFlow: SSO with Entra ID,task,Closed,done,u-laura.ferreira,Laura Ferreira,5,points,2026-05-26,2026-07-02,ERPINT-63,ERPINT-172,2026-05-18T12:41:57Z,2026-07-13T12:23:02Z,2026-07-11T23:20:57Z,btp;wave1;realize
ERPINT,Aurora ERP: Integrations & Platform,ERPINT-188,Build Enhancement: Integration Suite tenant setup for plant 1100 Guelph extension,story,Done,done,u-gustavo.nguyen,Gustavo Nguyen,8,points,2026-06-05,2026-07-10,ERPINT-63,ERPINT-163,2026-05-20T02:39:10Z,2026-07-19T07:29:41Z,2026-07-18T22:28:45Z,btp;wave1;wricef
ERPINT,Aurora ERP: Integrations & Platform,ERPINT-189,Connectivity and certificates: Shopify B2B orders to SD for plant 1100 Guelph,task,Done,done,u-laura.ferreira,Laura Ferreira,13,points,,2026-07-14,ERPINT-78,,2026-05-20T19:45:23Z,2026-07-15T02:36:17Z,2026-07-13T05:05:59Z,if;wave1;realize
ERPINT,Aurora ERP: Integrations & Platform,ERPINT-190,Develop iFlow: Shopify B2B orders to SD for plant 1100 Guelph,story,Closed,done,u-samuel.carvalho,Samuel Carvalho,1,points,,2026-07-26,ERPINT-78,ERPINT-61;ERPINT-189;ERPSCM-421,2026-05-21T11:12:38Z,2026-07-29T16:47:39Z,2026-07-27T21:16:26Z,if;wave1;realize
ERPINT,Aurora ERP: Integrations & Platform,ERPINT-191,Develop iFlow: API management policies for plant 1100 Guelph,story,Closed,done,u-tania.wilson,Tânia Wilson,3,points,,,ERPINT-63,ERPINT-72;ERPINT-178;ERPFIN-359,2026-05-21T16:01:59Z,2026-07-23T11:00:37Z,2026-07-22T10:30:44Z,btp;wave1;realize
ERPINT,Aurora ERP: Integrations & Platform,ERPINT-192,Connectivity and certificates: Kronos time export to payroll for plant 1100 Guelph,task,Closed,done,u-quentin.oliveira,Quentin Oliveira,3,points,,2026-07-04,ERPINT-78,,2026-05-21T18:44:28Z,2026-07-02T02:11:20Z,2026-06-30T08:26:08Z,if;wave1;realize
ERPINT,Aurora ERP: Integrations & Platform,ERPINT-193,Unit test iFlow: EDI 850 inbound purchase orders (OpenText) for plant 1100 Guelph,task,Done,done,u-gustavo.nguyen,Gustavo Nguyen,8,points,,,ERPINT-77,ERPINT-181,2026-05-22T02:06:45Z,2026-07-27T22:04:25Z,2026-07-27T04:54:20Z,edi;wave1;realize
ERPINT,Aurora ERP: Integrations & Platform,ERPINT-194,Unit test iFlow: Ariba PO and invoice flows,task,Closed,done,u-renata.roy,Renata Roy,3,points,,2026-07-07,ERPINT-78,ERPINT-174,2026-05-22T22:13:43Z,2026-07-05T01:59:53Z,2026-07-03T03:40:11Z,if;wave1;realize
ERPINT,Aurora ERP: Integrations & Platform,ERPINT-195,Unit test iFlow: MES Ignition production confirmations for plant 1100 Guelph,task,Closed,done,u-tania.wilson,Tânia Wilson,13,points,,2026-07-24,ERPINT-78,ERPINT-196,2026-05-23T14:25:08Z,2026-07-24T17:22:52Z,2026-07-23T06:36:25Z,if;wave1;realize
ERPINT,Aurora ERP: Integrations & Platform,ERPINT-196,Develop iFlow: MES Ignition production confirmations for plant 1100 Guelph,story,Closed,done,u-camila.muller,Camila Müller,1,points,,2026-06-30,ERPINT-78,ERPINT-71;ERPINT-179;ERPSCM-121,2026-05-23T20:53:56Z,2026-06-28T09:49:34Z,2026-06-26T17:39:53Z,if;wave1;realize
ERPINT,Aurora ERP: Integrations & Platform,ERPINT-197,Connectivity and certificates: EDI 856 ASN outbound for plant 1100 Guelph,task,Blocked,in_progress,,,1,points,,2026-07-17,ERPINT-77,ERPINT-39,2026-05-24T22:58:47Z,2026-08-12T17:56:31Z,,edi;wave1;realize
ERPINT,Aurora ERP: Integrations & Platform,ERPINT-198,Develop iFlow: RBC/TD bank statements CAMT.053 for plant 1100 Guelph,story,In Review,in_progress,u-samuel.carvalho,Samuel Carvalho,5,points,2026-06-24,,ERPINT-78,ERPINT-87;ERPINT-184;ERPFIN-174,2026-05-25T22:02:03Z,2026-08-13T20:10:55Z,,if;wave1;realize
ERPINT,Aurora ERP: Integrations & Platform,ERPINT-199,Develop iFlow: Concur expenses to FI for plant 1100 Guelph,story,To Do,todo,,,5,points,,2026-07-19,ERPINT-78,ERPINT-69;ERPINT-175;ERPMFG-298,2026-05-28T03:16:18Z,2026-08-19T11:11:08Z,,if;wave1;realize
ERPINT,Aurora ERP: Integrations & Platform,ERPINT-200,Connectivity and certificates: CRA tax rate service for plant 1100 Guelph,task,Blocked,in_progress,,,3,points,2026-06-21,2026-08-04,ERPINT-78,,2026-05-28T07:45:10Z,2026-08-23T16:12:37Z,,if;wave1;realize
ERPINT,Aurora ERP: Integrations & Platform,ERPINT-201,Build Form: Salesforce opportunity to quote for plant 1100 Guelph extension,story,In Review,in_progress,u-tania.wilson,Tânia Wilson,40,points,,2026-07-10,ERPINT-78,ERPINT-170,2026-05-30T03:51:40Z,2026-08-15T14:22:55Z,,if;wave1;wricef
ERPINT,Aurora ERP: Integrations & Platform,ERPINT-202,Connectivity and certificates: Cloud Connector to on-prem MES for plant 1100 Guelph,task,To Do,todo,u-joao.lima,João Lima,,points,,2026-07-22,ERPINT-63,,2026-05-30T15:17:42Z,2026-07-29T11:25:17Z,,btp;wave1;realize
ERPINT,Aurora ERP: Integrations & Platform,ERPINT-203,Unit test iFlow: Integration Suite tenant setup for plant 1100 Guelph,task,Closed,done,u-gustavo.nguyen,Gustavo Nguyen,3,points,,2026-07-19,ERPINT-63,ERPINT-163,2026-05-30T17:22:07Z,2026-07-15T00:57:16Z,2026-07-14T23:20:38Z,btp;wave1;realize
ERPINT,Aurora ERP: Integrations & Platform,ERPINT-204,BTP: interface testing,epic,In Progress,in_progress,u-camila.muller,Camila Müller,,points,2026-07-04,2026-09-18,,,2026-06-01T11:52:29Z,2026-08-08T00:00:00Z,,btp;wave1;sit
ERPINT,Aurora ERP: Integrations & Platform,ERPINT-205,Develop iFlow: Cloud Connector to on-prem MES for plant 1100 Guelph,story,Closed,done,u-renata.souza,Renata Souza,1,points,2026-06-20,,ERPINT-63,ERPINT-82;ERPINT-202;ERPMFG-273,2026-06-02T06:50:29Z,2026-07-28T08:07:23Z,2026-07-28T06:45:59Z,btp;wave1;realize
ERPINT,Aurora ERP: Integrations & Platform,ERPINT-206,Connectivity and certificates: Power BI extraction via CDS/OData for plant 1100 Guelph,task,Closed,done,u-samuel.carvalho,Samuel Carvalho,2,points,,2026-08-12,ERPINT-78,,2026-06-02T07:32:23Z,2026-08-23T19:36:21Z,2026-08-21T23:51:08Z,if;wave1;realize
ERPINT,Aurora ERP: Integrations & Platform,ERPINT-207,Unit test iFlow: Salesforce opportunity to quote for plant 1100 Guelph,task,Done,done,u-gustavo.nguyen,Gustavo Nguyen,5,points,,2026-07-25,,ERPINT-170,2026-06-03T05:07:20Z,2026-07-22T14:54:57Z,2026-07-21T07:09:03Z,if;wave1;realize
ERPINT,Aurora ERP: Integrations & Platform,ERPINT-208,IF: interface testing,epic,In Review,in_progress,u-quentin.weber,Quentin Weber,,points,2026-07-13,2026-10-09,,,2026-06-04T20:30:52Z,2026-08-14T00:00:00Z,,if;wave1;sit
ERPINT,Aurora ERP: Integrations & Platform,ERPINT-209,Build Interface: Concur expenses to FI for plant 1100 Guelph extension,story,Closed,done,u-camila.muller,Camila Müller,80,points,,2026-08-09,ERPINT-78,ERPINT-199,2026-06-09T02:58:38Z,2026-08-20T04:31:49Z,2026-08-19T22:58:15Z,if;wave1;wricef
ERPINT,Aurora ERP: Integrations & Platform,ERPINT-210,Develop iFlow: EDI 810 invoices to top 20 customers for plant 1100 Guelph,story,Closed,done,u-gustavo.nguyen,Gustavo Nguyen,5,points,,2026-08-12,ERPINT-77,ERPINT-86;ERPINT-222;ERPSCM-528;ERPINT-164,2026-06-09T12:56:00Z,2026-08-15T03:52:32Z,2026-08-13T19:49:02Z,edi;wave1;realize
ERPINT,Aurora ERP: Integrations & Platform,ERPINT-211,Connectivity and certificates: error handling and reprocessing for plant 1100 Guelph,task,Done,done,u-tania.wilson,Tânia Wilson,5,points,,2026-08-17,ERPINT-63,,2026-06-11T15:18:05Z,2026-08-16T12:00:54Z,2026-08-15T13:07:48Z,btp;wave1;realize
ERPINT,Aurora ERP: Integrations & Platform,ERPINT-212,Develop iFlow: monitoring and alerting (AIF) for plant 1100 Guelph,story,Closed,done,u-quentin.weber,Quentin Weber,1,points,,2026-08-13,ERPINT-63,ERPINT-90;ERPINT-219;ERPFIN-434,2026-06-12T15:08:00Z,2026-08-22T10:07:52Z,2026-08-21T20:55:10Z,btp;wave1;realize
ERPINT,Aurora ERP: Integrations & Platform,ERPINT-213,Connectivity and certificates: legacy JDE coexistence bridge for plant 1100 Guelph,task,Done,done,u-quentin.weber,Quentin Weber,13,points,2026-07-07,,ERPINT-78,,2026-06-12T23:11:41Z,2026-08-23T19:26:00Z,2026-08-22T13:39:18Z,if;wave1;realize
ERPINT,Aurora ERP: Integrations & Platform,ERPINT-214,EDI: interface testing,epic,In Progress,in_progress,u-fatima.pereira,Fatima Pereira,,points,2026-07-03,2026-10-02,,,2026-06-13T18:47:06Z,2026-08-16T00:00:00Z,,edi;wave1;sit
ERPINT,Aurora ERP: Integrations & Platform,ERPINT-215,End-to-end test: EDI 855 order acknowledgement,task,Done,done,u-samuel.carvalho,Samuel Carvalho,8,points,,2026-07-27,ERPINT-214,ERPINT-125,2026-06-14T04:48:25Z,2026-07-25T21:09:49Z,2026-07-25T04:03:23Z,edi;wave1;sit
ERPINT,Aurora ERP: Integrations & Platform,ERPINT-216,Develop iFlow: Power BI extraction via CDS/OData for plant 1100 Guelph,story,Done,done,u-quentin.weber,Quentin Weber,13,points,,,ERPINT-78,ERPINT-74;ERPINT-206;ERPMFG-245,2026-06-15T08:33:05Z,2026-08-24T00:00:00Z,2026-08-23T14:16:10Z,if;wave1;realize
ERPINT,Aurora ERP: Integrations & Platform,ERPINT-217,Unit test iFlow: API management policies for plant 1100 Guelph,task,Closed,done,u-joao.lima,João Lima,8,points,,,ERPINT-63,ERPINT-191,2026-06-15T10:47:59Z,2026-08-02T01:30:42Z,2026-08-01T18:42:22Z,btp;wave1;realize
ERPINT,Aurora ERP: Integrations & Platform,ERPINT-218,Develop iFlow: EDI 856 ASN outbound for plant 1100 Guelph,story,Done,done,u-renata.souza,Renata Souza,8,points,2026-06-21,2026-07-29,ERPINT-77,ERPINT-91;ERPINT-197;ERPFIN-522,2026-06-16T00:10:19Z,2026-08-10T08:15:08Z,2026-08-09T06:08:39Z,edi;wave1;realize
ERPINT,Aurora ERP: Integrations & Platform,ERPINT-219,Connectivity and certificates: monitoring and alerting (AIF) for plant 1100 Guelph,task,To Do,todo,u-renata.roy,Renata Roy,1,points,2026-06-27,,ERPINT-63,,2026-06-17T00:10:25Z,2026-08-15T10:59:16Z,,btp;wave1;realize
ERPINT,Aurora ERP: Integrations & Platform,ERPINT-220,End-to-end test: API management policies,task,In Review,in_progress,,,5,points,2026-07-07,2026-07-25,,ERPINT-126,2026-06-18T06:10:00Z,2026-08-20T18:12:24Z,,btp;wave1;sit
ERPINT,Aurora ERP: Integrations & Platform,ERPINT-221,Develop iFlow: CRA tax rate service for plant 1100 Guelph,story,Closed,done,u-gustavo.nguyen,Gustavo Nguyen,8,points,,2026-08-11,ERPINT-78,ERPINT-65;ERPINT-200;ERPSCM-194,2026-06-19T10:27:21Z,2026-08-14T08:07:54Z,2026-08-14T07:56:50Z,if;wave1;realize
ERPINT,Aurora ERP: Integrations & Platform,ERPINT-222,Connectivity and certificates: EDI 810 invoices to top 20 customers for plant 1100 Guelph,task,Done,done,u-laura.ferreira,Laura Ferreira,,points,,2026-07-29,ERPINT-77,,2026-06-21T19:25:49Z,2026-08-04T08:00:46Z,2026-08-03T09:27:15Z,edi;wave1;realize
ERPINT,Aurora ERP: Integrations & Platform,ERPINT-223,Connectivity and certificates: EDI 940/945 with 3PL (DHL) for plant 1100 Guelph,task,Done,done,u-gustavo.nguyen,Gustavo Nguyen,3,points,,2026-08-12,ERPINT-77,ERPINT-334,2026-06-21T22:42:17Z,2026-08-09T22:21:51Z,2026-08-09T19:40:16Z,edi;wave1;realize
ERPINT,Aurora ERP: Integrations & Platform,ERPINT-224,End-to-end test: EDI 810 invoices to top 20 customers,task,Closed,done,u-fatima.pereira,Fatima Pereira,8,points,,2026-08-11,ERPINT-214,ERPINT-162,2026-06-22T22:05:06Z,2026-08-16T16:24:47Z,2026-08-15T03:05:14Z,edi;wave1;sit
ERPINT,Aurora ERP: Integrations & Platform,ERPINT-225,End-to-end test: Cloud Connector to on-prem MES,task,In Progress,in_progress,u-camila.muller,Camila Müller,5,points,2026-07-14,,ERPINT-204,ERPINT-154,2026-06-23T12:00:56Z,2026-07-06T17:27:30Z,,btp;wave1;sit
ERPINT,Aurora ERP: Integrations & Platform,ERPINT-226,Develop iFlow: EDI 940/945 with 3PL (DHL) for plant 1100 Guelph,story,Done,done,u-gustavo.nguyen,Gustavo Nguyen,1,points,2026-07-17,,ERPINT-77,ERPINT-100;ERPINT-223;ERPMFG-80,2026-06-23T18:38:26Z,2026-08-18T10:05:48Z,2026-08-17T16:13:10Z,edi;wave1;realize
ERPINT,Aurora ERP: Integrations & Platform,ERPINT-227,End-to-end test: MES Ignition production confirmations,task,Closed,done,u-tania.wilson,Tânia Wilson,3,points,,2026-08-02,ERPINT-208,ERPINT-130,2026-06-23T20:28:22Z,2026-07-30T06:12:44Z,2026-07-29T18:01:19Z,if;wave1;sit
ERPINT,Aurora ERP: Integrations & Platform,ERPINT-228,Develop iFlow: legacy JDE coexistence bridge for plant 1100 Guelph,story,Backlog,todo,u-gustavo.nguyen,Gustavo Nguyen,13,points,2026-07-17,2026-08-14,ERPINT-78,ERPINT-97;ERPINT-213;ERPFIN-244,2026-06-23T21:45:00Z,2026-07-11T18:30:41Z,,if;wave1;realize
ERPINT,Aurora ERP: Integrations & Platform,ERPINT-229,Unit test iFlow: Kronos time export to payroll for plant 1100 Guelph,task,Blocked,in_progress,u-gustavo.nguyen,Gustavo Nguyen,3,points,,2026-08-10,ERPINT-78,ERPINT-183,2026-06-24T13:09:01Z,2026-08-09T20:49:53Z,,if;wave1;realize
ERPINT,Aurora ERP: Integrations & Platform,ERPINT-230,Unit test iFlow: Concur expenses to FI for plant 1100 Guelph,task,Closed,done,u-joao.lima,João Lima,1,points,,2026-08-14,ERPINT-78,ERPINT-199,2026-06-24T15:04:28Z,2026-08-19T17:46:53Z,2026-08-19T15:26:07Z,if;wave1;realize
ERPINT,Aurora ERP: Integrations & Platform,ERPINT-231,End-to-end test: Shopify B2B orders to SD,task,Closed,done,u-samuel.carvalho,Samuel Carvalho,2,points,2026-07-25,2026-08-15,ERPINT-208,ERPINT-140,2026-06-25T11:55:22Z,2026-08-11T15:00:18Z,2026-08-10T14:13:06Z,if;wave1;sit
ERPINT,Aurora ERP: Integrations & Platform,ERPINT-232,Unit test iFlow: Shopify B2B orders to SD for plant 1100 Guelph,task,Closed,done,u-gustavo.nguyen,Gustavo Nguyen,1,points,2026-07-17,2026-08-14,ERPINT-78,ERPINT-190,2026-06-26T13:20:25Z,2026-08-15T03:58:44Z,2026-08-14T19:26:36Z,if;wave1;realize
ERPINT,Aurora ERP: Integrations & Platform,ERPINT-233,End-to-end test: Integration Suite tenant setup,task,Done,done,u-tania.wilson,Tânia Wilson,8,points,,,ERPINT-204,ERPINT-127,2026-06-28T19:34:14Z,2026-07-22T22:02:31Z,2026-07-21T08:15:16Z,btp;wave1;sit
ERPINT,Aurora ERP: Integrations & Platform,ERPINT-234,Unit test iFlow: EDI 855 order acknowledgement for plant 1100 Guelph,task,Closed,done,u-gustavo.nguyen,Gustavo Nguyen,1,points,,2026-07-28,ERPINT-77,ERPINT-182,2026-06-29T22:34:44Z,2026-08-02T04:18:27Z,2026-07-31T20:10:35Z,edi;wave1;realize
ERPINT,Aurora ERP: Integrations & Platform,ERPINT-235,End-to-end test: Kronos time export to payroll,task,Done,done,u-quentin.oliveira,Quentin Oliveira,8,points,2026-07-16,2026-08-06,ERPINT-208,ERPINT-137,2026-07-01T17:37:56Z,2026-08-09T01:46:12Z,2026-08-07T04:16:19Z,if;wave1;sit
ERPINT,Aurora ERP: Integrations & Platform,ERPINT-236,End-to-end test: EDI 850 inbound purchase orders (OpenText),task,Done,done,u-gustavo.nguyen,Gustavo Nguyen,5,points,2026-07-03,,ERPINT-214,ERPINT-116,2026-07-02T21:33:33Z,2026-07-17T23:18:21Z,2026-07-16T18:47:31Z,edi;wave1;sit
ERPINT,Aurora ERP: Integrations & Platform,ERPINT-237,Connectivity and certificates: customs broker Livingston export docs for plant 1100 Guelph,task,In Progress,in_progress,u-quentin.oliveira,Quentin Oliveira,5,points,,,ERPINT-78,,2026-07-02T23:03:47Z,2026-08-13T21:04:44Z,,if;wave1;realize
ERPINT,Aurora ERP: Integrations & Platform,ERPINT-238,Build Enhancement: EDI 810 invoices to top 20 customers for plant 1100 Guelph extension,story,In Progress,in_progress,u-joao.lima,João Lima,2,points,2026-07-19,2026-08-12,ERPINT-77,ERPINT-210,2026-07-03T14:58:16Z,2026-08-21T10:19:54Z,,edi;wave1;wricef
ERPINT,Aurora ERP: Integrations & Platform,ERPINT-239,Unit test iFlow: RBC/TD bank statements CAMT.053 for plant 1100 Guelph,task,Done,done,u-gustavo.nguyen,Gustavo Nguyen,2,points,,,ERPINT-78,ERPINT-198,2026-07-04T22:18:48Z,2026-08-16T16:04:33Z,2026-08-15T20:30:51Z,if;wave1;realize
ERPINT,Aurora ERP: Integrations & Platform,ERPINT-240,Build Report: monitoring and alerting (AIF) for plant 1100 Guelph extension,story,Closed,done,,,2,points,2026-07-26,2026-08-17,ERPINT-63,ERPINT-212,2026-07-06T03:10:49Z,2026-08-17T05:28:33Z,2026-08-16T16:08:15Z,btp;wave1;wricef
ERPINT,Aurora ERP: Integrations & Platform,ERPINT-241,End-to-end test: error handling and reprocessing,task,To Do,todo,u-samuel.carvalho,Samuel Carvalho,5,points,,2026-08-12,ERPINT-204,ERPINT-169,2026-07-06T10:29:19Z,2026-07-06T10:29:19Z,,btp;wave1;sit
ERPINT,Aurora ERP: Integrations & Platform,ERPINT-242,Volume and error handling test: API management policies,task,Backlog,todo,,,3,points,,2026-08-15,ERPINT-204,ERPINT-220,2026-07-06T16:29:05Z,2026-07-06T16:29:05Z,,btp;wave1;sit
ERPINT,Aurora ERP: Integrations & Platform,ERPINT-243,End-to-end test: Salesforce opportunity to quote,task,Done,done,u-laura.ferreira,Laura Ferreira,3,points,,2026-07-28,ERPINT-208,ERPINT-129,2026-07-07T17:47:06Z,2026-08-06T02:44:23Z,2026-08-05T20:54:16Z,if;wave1;sit
ERPINT,Aurora ERP: Integrations & Platform,ERPINT-244,Unit test iFlow: Cloud Connector to on-prem MES for plant 1100 Guelph,task,Closed,done,u-gustavo.nguyen,Gustavo Nguyen,3,points,,2026-08-17,ERPINT-63,ERPINT-205,2026-07-08T05:14:14Z,2026-08-24T00:00:00Z,2026-08-24T19:36:21Z,btp;wave1;realize
ERPINT,Aurora ERP: Integrations & Platform,ERPINT-245,Unit test iFlow: monitoring and alerting (AIF) for plant 1100 Guelph,task,In Progress,in_progress,u-tania.chen,Tânia Chen,13,points,2026-08-04,,ERPINT-63,ERPINT-212,2026-07-08T11:32:17Z,2026-08-13T08:46:28Z,,btp;wave1;realize
ERPINT,Aurora ERP: Integrations & Platform,ERPINT-246,Volume and error handling test: Cloud Connector to on-prem MES,task,Backlog,todo,u-quentin.weber,Quentin Weber,5,points,,2026-08-23,ERPINT-204,ERPINT-225,2026-07-08T22:48:32Z,2026-07-08T22:48:32Z,,btp;wave1;sit
ERPINT,Aurora ERP: Integrations & Platform,ERPINT-247,End-to-end test: RBC/TD bank statements CAMT.053,task,Backlog,todo,u-fatima.pereira,Fatima Pereira,3,points,2026-07-26,,ERPINT-208,ERPINT-142,2026-07-09T08:19:00Z,2026-07-09T08:19:00Z,,if;wave1;sit
ERPINT,Aurora ERP: Integrations & Platform,ERPINT-248,End-to-end test: Power BI extraction via CDS/OData,task,In Review,in_progress,u-quentin.oliveira,Quentin Oliveira,1,points,,,ERPINT-208,ERPINT-165,2026-07-09T13:17:20Z,2026-08-22T11:39:46Z,,if;wave1;sit
ERPINT,Aurora ERP: Integrations & Platform,ERPINT-249,Defect: EDI 856 ASN outbound wrong partner profile,bug,Blocked,in_progress,u-laura.ferreira,Laura Ferreira,2,points,,2026-08-24,ERPINT-214,,2026-07-10T04:43:36Z,2026-08-15T11:33:14Z,,edi;wave1;sit;defect
ERPINT,Aurora ERP: Integrations & Platform,ERPINT-250,Unit test iFlow: EDI 856 ASN outbound for plant 1100 Guelph,task,Done,done,u-gustavo.nguyen,Gustavo Nguyen,2,points,,2026-08-12,ERPINT-77,ERPINT-218,2026-07-10T05:50:36Z,2026-08-12T13:02:48Z,2026-08-12T11:18:47Z,edi;wave1;realize
ERPINT,Aurora ERP: Integrations & Platform,ERPINT-251,Develop iFlow: customs broker Livingston export docs for plant 1100 Guelph,story,Blocked,in_progress,u-quentin.oliveira,Quentin Oliveira,8,points,2026-07-27,2026-08-14,ERPINT-78,ERPINT-105;ERPINT-237;ERPHCM-116,2026-07-10T11:39:54Z,2026-08-14T17:13:47Z,,if;wave1;realize
ERPINT,Aurora ERP: Integrations & Platform,ERPINT-252,Build Form: CRA tax rate service for plant 1100 Guelph extension,story,Done,done,u-laura.ferreira,Laura Ferreira,3,points,,2026-08-14,ERPINT-78,ERPINT-221,2026-07-10T20:47:54Z,2026-08-16T08:34:23Z,2026-08-15T17:10:39Z,if;wave1;wricef
ERPINT,Aurora ERP: Integrations & Platform,ERPINT-253,Volume and error handling test: EDI 856 ASN outbound,task,In Progress,in_progress,u-quentin.weber,Quentin Weber,8,points,2026-08-10,,ERPINT-214,ERPINT-257;ERPINT-249,2026-07-12T09:09:31Z,2026-08-17T14:21:04Z,,edi;wave1;sit
ERPINT,Aurora ERP: Integrations & Platform,ERPINT-254,Unit test iFlow: CRA tax rate service for plant 1100 Guelph,task,Closed,done,,,3,points,2026-07-25,2026-08-14,ERPINT-78,ERPINT-221,2026-07-13T06:12:06Z,2026-08-16T06:34:03Z,2026-08-14T16:21:51Z,if;wave1;realize
ERPINT,Aurora ERP: Integrations & Platform,ERPINT-255,Volume and error handling test: MES Ignition production confirmations,task,In Review,in_progress,u-quentin.oliveira,Quentin Oliveira,5,points,,,ERPINT-208,ERPINT-227,2026-07-13T23:42:16Z,2026-08-14T19:34:09Z,,if;wave1;sit
ERPINT,Aurora ERP: Integrations & Platform,ERPINT-256,End-to-end test: monitoring and alerting (AIF),task,Done,done,u-gustavo.nguyen,Gustavo Nguyen,2,points,2026-07-19,2026-08-03,ERPINT-204,ERPINT-152,2026-07-14T00:07:05Z,2026-08-01T07:05:52Z,2026-07-31T12:53:30Z,btp;wave1;sit
ERPINT,Aurora ERP: Integrations & Platform,ERPINT-257,End-to-end test: EDI 856 ASN outbound,task,Closed,done,u-tania.chen,Tânia Chen,1,points,2026-07-14,2026-07-31,ERPINT-214,ERPINT-141,2026-07-14T06:46:22Z,2026-07-28T10:21:13Z,2026-07-26T22:29:55Z,edi;wave1;sit
ERPINT,Aurora ERP: Integrations & Platform,ERPINT-258,Unit test iFlow: EDI 810 invoices to top 20 customers for plant 1100 Guelph,task,Done,done,u-renata.roy,Renata Roy,13,points,2026-07-28,2026-08-12,ERPINT-77,ERPINT-210,2026-07-14T13:07:12Z,2026-08-23T10:47:00Z,2026-08-21T11:51:39Z,edi;wave1;realize
ERPINT,Aurora ERP: Integrations & Platform,ERPINT-259,Volume and error handling test: EDI 855 order acknowledgement,task,In Progress,in_progress,u-gustavo.nguyen,Gustavo Nguyen,1,points,,2026-08-19,ERPINT-214,ERPINT-215,2026-07-14T17:26:42Z,2026-08-16T10:51:57Z,,edi;wave1;sit
ERPINT,Aurora ERP: Integrations & Platform,ERPINT-260,End-to-end test: SSO with Entra ID,task,Ready,todo,u-camila.muller,Camila Müller,5,points,,2026-08-17,ERPINT-204,ERPINT-187,2026-07-15T11:41:22Z,2026-07-15T11:41:22Z,,btp;wave1;sit
ERPINT,Aurora ERP: Integrations & Platform,ERPINT-261,End-to-end test: EDI 940/945 with 3PL (DHL),task,Ready,todo,,,13,points,,2026-08-23,ERPINT-214,ERPINT-168,2026-07-16T14:01:57Z,2026-07-16T14:01:57Z,,edi;wave1;sit
ERPINT,Aurora ERP: Integrations & Platform,ERPINT-262,End-to-end test: Integration Suite tenant setup for plant 1100 Guelph,task,Backlog,todo,,,2,points,,,ERPINT-204,ERPINT-203,2026-07-16T14:03:21Z,2026-07-16T14:03:21Z,,btp;wave1;sit
ERPINT,Aurora ERP: Integrations & Platform,ERPINT-263,End-to-end test: legacy JDE coexistence bridge,task,Closed,done,u-quentin.oliveira,Quentin Oliveira,3,points,2026-08-08,,ERPINT-208,ERPINT-180,2026-07-16T18:14:40Z,2026-08-23T06:17:36Z,2026-08-22T03:21:54Z,if;wave1;sit
ERPINT,Aurora ERP: Integrations & Platform,ERPINT-264,End-to-end test: Concur expenses to FI,task,Done,done,u-camila.muller,Camila Müller,13,points,,,ERPINT-208,ERPINT-131,2026-07-17T12:11:56Z,2026-08-09T06:42:59Z,2026-08-08T11:14:00Z,if;wave1;sit
ERPINT,Aurora ERP: Integrations & Platform,ERPINT-265,End-to-end test: API management policies for plant 1100 Guelph,task,In Progress,in_progress,u-gustavo.nguyen,Gustavo Nguyen,1,points,2026-08-18,2026-09-05,ERPINT-204,ERPINT-217,2026-07-19T13:30:09Z,2026-08-16T08:49:06Z,,btp;wave1;sit
ERPINT,Aurora ERP: Integrations & Platform,ERPINT-266,Volume and error handling test: Integration Suite tenant setup,task,Done,done,u-fatima.pereira,Fatima Pereira,5,points,,,ERPINT-204,ERPINT-233,2026-07-19T21:44:26Z,2026-08-13T08:22:12Z,2026-08-12T19:33:00Z,btp;wave1;sit
ERPINT,Aurora ERP: Integrations & Platform,ERPINT-267,Volume and error handling test: Salesforce opportunity to quote,task,Closed,done,u-samuel.carvalho,Samuel Carvalho,5,points,2026-08-04,2026-08-25,ERPINT-208,ERPINT-243,2026-07-20T23:03:19Z,2026-08-24T00:00:00Z,2026-08-22T23:19:35Z,if;wave1;sit
ERPINT,Aurora ERP: Integrations & Platform,ERPINT-268,Unit test iFlow: error handling and reprocessing for plant 1100 Guelph,task,In Review,in_progress,u-gustavo.nguyen,Gustavo Nguyen,3,points,,2026-08-17,ERPINT-63,ERPINT-273,2026-07-21T03:19:40Z,2026-08-17T14:05:56Z,,btp;wave1;realize
ERPINT,Aurora ERP: Integrations & Platform,ERPINT-269,Unit test iFlow: legacy JDE coexistence bridge for plant 1100 Guelph,task,Done,done,u-samuel.carvalho,Samuel Carvalho,13,points,,2026-08-14,ERPINT-78,ERPINT-228,2026-07-21T16:09:46Z,2026-08-22T20:55:43Z,2026-08-21T21:13:21Z,if;wave1;realize
ERPINT,Aurora ERP: Integrations & Platform,ERPINT-270,Build Conversion: customs broker Livingston export docs for plant 1100 Guelph extension,story,Done,done,u-quentin.oliveira,Quentin Oliveira,40,points,,2026-08-14,ERPINT-78,ERPINT-251,2026-07-22T02:07:43Z,2026-08-22T13:34:23Z,2026-08-20T17:47:10Z,if;wave1;wricef
ERPINT,Aurora ERP: Integrations & Platform,ERPINT-271,Volume and error handling test: EDI 850 inbound purchase orders (OpenText),task,Done,done,u-samuel.carvalho,Samuel Carvalho,13,points,,2026-08-12,ERPINT-214,ERPINT-236,2026-07-22T08:49:13Z,2026-08-15T02:16:13Z,2026-08-14T21:29:59Z,edi;wave1;sit
ERPINT,Aurora ERP: Integrations & Platform,ERPINT-272,End-to-end test: partner profile onboarding,task,In Progress,in_progress,u-samuel.carvalho,Samuel Carvalho,3,points,2026-08-07,,ERPINT-214,ERPINT-177,2026-07-22T19:17:47Z,2026-08-18T10:22:02Z,,edi;wave1;sit
ERPINT,Aurora ERP: Integrations & Platform,ERPINT-273,Develop iFlow: error handling and reprocessing for plant 1100 Guelph,story,Done,done,u-fatima.pereira,Fatima Pereira,5,points,2026-07-26,,ERPINT-63,ERPINT-96;ERPINT-211;ERPSCM-319,2026-07-24T02:55:22Z,2026-08-24T00:00:00Z,2026-08-24T18:38:22Z,btp;wave1;realize
ERPINT,Aurora ERP: Integrations & Platform,ERPINT-274,End-to-end test: CRA tax rate service,task,In Progress,in_progress,u-renata.roy,Renata Roy,8,points,,2026-08-17,ERPINT-208,ERPINT-149,2026-07-24T16:58:24Z,2026-08-23T10:10:56Z,,if;wave1;sit
ERPINT,Aurora ERP: Integrations & Platform,ERPINT-275,Volume and error handling test: RBC/TD bank statements CAMT.053,task,To Do,todo,,,,points,,,ERPINT-208,ERPINT-247,2026-07-25T19:56:34Z,2026-07-25T19:56:34Z,,if;wave1;sit
ERPINT,Aurora ERP: Integrations & Platform,ERPINT-276,Defect: monitoring and alerting (AIF) drops decimals in amounts,bug,Blocked,in_progress,u-camila.muller,Camila Müller,8,points,,2026-08-21,ERPINT-204,,2026-07-26T16:03:22Z,2026-08-19T18:33:55Z,,btp;wave1;sit;defect
ERPINT,Aurora ERP: Integrations & Platform,ERPINT-277,Volume and error handling test: monitoring and alerting (AIF),task,Closed,done,u-quentin.oliveira,Quentin Oliveira,3,points,2026-08-11,,ERPINT-204,ERPINT-256;ERPINT-276,2026-07-30T12:56:03Z,2026-08-24T00:00:00Z,2026-08-24T09:24:06Z,btp;wave1;sit
ERPINT,Aurora ERP: Integrations & Platform,ERPINT-278,Unit test iFlow: Power BI extraction via CDS/OData for plant 1100 Guelph,task,In Progress,in_progress,u-renata.souza,Renata Souza,,points,,,ERPINT-78,ERPINT-216,2026-07-30T23:14:51Z,2026-08-20T20:55:36Z,,if;wave1;realize
ERPINT,Aurora ERP: Integrations & Platform,ERPINT-279,Volume and error handling test: Concur expenses to FI,task,In Progress,in_progress,u-renata.souza,Renata Souza,8,points,,,ERPINT-208,ERPINT-264,2026-07-31T11:49:54Z,2026-08-14T21:01:03Z,,if;wave1;sit
ERPINT,Aurora ERP: Integrations & Platform,ERPINT-280,Unit test iFlow: EDI 940/945 with 3PL (DHL) for plant 1100 Guelph,task,Done,done,u-quentin.weber,Quentin Weber,5,points,2026-08-09,,ERPINT-77,ERPINT-226,2026-07-31T19:01:06Z,2026-08-21T04:38:20Z,2026-08-19T17:23:25Z,edi;wave1;realize
ERPINT,Aurora ERP: Integrations & Platform,ERPINT-281,End-to-end test: monitoring and alerting (AIF) for plant 1100 Guelph,task,To Do,todo,u-samuel.carvalho,Samuel Carvalho,3,points,2026-08-30,,ERPINT-204,ERPINT-245,2026-08-03T11:07:31Z,2026-08-03T11:07:31Z,,btp;wave1;sit
ERPINT,Aurora ERP: Integrations & Platform,ERPINT-282,Volume and error handling test: CRA tax rate service,task,To Do,todo,u-fatima.pereira,Fatima Pereira,3,points,,2026-09-16,ERPINT-208,ERPINT-274,2026-08-04T23:30:17Z,2026-08-04T23:30:17Z,,if;wave1;sit
ERPINT,Aurora ERP: Integrations & Platform,ERPINT-283,Defect: EDI 940/945 with 3PL (DHL) wrong partner profile,bug,To Do,todo,,,,points,2026-08-17,2026-09-09,ERPINT-214,,2026-08-05T21:35:46Z,2026-08-05T21:35:46Z,,edi;wave1;sit;defect
ERPINT,Aurora ERP: Integrations & Platform,ERPINT-284,Defect: error handling and reprocessing drops decimals in amounts,bug,Closed,done,u-samuel.carvalho,Samuel Carvalho,3,points,,,ERPINT-204,,2026-08-06T17:56:36Z,2026-08-24T00:00:00Z,2026-08-24T12:00:41Z,btp;wave1;sit;defect
ERPINT,Aurora ERP: Integrations & Platform,ERPINT-285,Volume and error handling test: SSO with Entra ID,task,To Do,todo,,,13,points,,,ERPINT-204,ERPINT-260,2026-08-07T16:34:24Z,2026-08-07T16:34:24Z,,btp;wave1;sit
ERPINT,Aurora ERP: Integrations & Platform,ERPINT-286,Volume and error handling test: Kronos time export to payroll,task,In Progress,in_progress,,,13,points,,,ERPINT-208,ERPINT-235,2026-08-07T23:30:24Z,2026-08-18T13:06:51Z,,if;wave1;sit
ERPINT,Aurora ERP: Integrations & Platform,ERPINT-287,End-to-end test: Kronos time export to payroll for plant 1100 Guelph,task,To Do,todo,,,1,points,2026-09-02,,ERPINT-208,ERPINT-229,2026-08-08T17:13:28Z,2026-08-08T17:13:28Z,,if;wave1;sit
ERPINT,Aurora ERP: Integrations & Platform,ERPINT-288,End-to-end test: EDI 850 inbound purchase orders (OpenText) for plant 1100 Guelph,task,Backlog,todo,u-samuel.carvalho,Samuel Carvalho,3,points,,2026-09-08,ERPINT-214,ERPINT-193,2026-08-09T05:17:00Z,2026-08-09T05:17:00Z,,edi;wave1;sit
ERPINT,Aurora ERP: Integrations & Platform,ERPINT-289,End-to-end test: Ariba PO and invoice flows,task,In Progress,in_progress,u-laura.ferreira,Laura Ferreira,3,points,,,ERPINT-208,ERPINT-194,2026-08-09T12:01:17Z,2026-08-17T14:26:28Z,,if;wave1;sit
ERPINT,Aurora ERP: Integrations & Platform,ERPINT-290,Volume and error handling test: Integration Suite tenant setup for plant 1100 Guelph,task,Ready,todo,,,13,points,,2026-09-16,ERPINT-204,ERPINT-262,2026-08-09T18:46:23Z,2026-08-09T18:46:23Z,,btp;wave1;sit
ERPINT,Aurora ERP: Integrations & Platform,ERPINT-291,End-to-end test: customs broker Livingston export docs,task,Blocked,in_progress,u-quentin.weber,Quentin Weber,5,points,2026-08-13,2026-09-02,ERPINT-208,ERPINT-164,2026-08-10T14:32:58Z,2026-08-16T12:28:38Z,,if;wave1;sit
ERPINT,Aurora ERP: Integrations & Platform,ERPINT-292,End-to-end test: carrier rating service,task,Ready,todo,u-quentin.oliveira,Quentin Oliveira,8,points,,,ERPINT-208,ERPINT-167,2026-08-11T04:03:42Z,2026-08-11T04:03:42Z,,if;wave1;sit
ERPINT,Aurora ERP: Integrations & Platform,ERPINT-293,End-to-end test: Concur expenses to FI for plant 1100 Guelph,task,To Do,todo,,,3,points,,2026-09-22,ERPINT-208,ERPINT-230,2026-08-11T14:56:09Z,2026-08-11T14:56:09Z,,if;wave1;sit
ERPINT,Aurora ERP: Integrations & Platform,ERPINT-294,End-to-end test: Salesforce opportunity to quote for plant 1100 Guelph,task,To Do,todo,,,,points,2026-08-25,2026-09-12,ERPINT-208,ERPINT-207,2026-08-12T11:59:33Z,2026-08-12T11:59:33Z,,if;wave1;sit
ERPINT,Aurora ERP: Integrations & Platform,ERPINT-295,Volume and error handling test: legacy JDE coexistence bridge,task,To Do,todo,,,2,points,2026-09-04,,ERPINT-208,ERPINT-263,2026-08-13T03:19:44Z,2026-08-13T03:19:44Z,,if;wave1;sit
ERPINT,Aurora ERP: Integrations & Platform,ERPINT-296,Volume and error handling test: Power BI extraction via CDS/OData,task,To Do,todo,u-laura.ferreira,Laura Ferreira,2,points,,2026-09-17,ERPINT-208,ERPINT-248;ERPINT-310,2026-08-13T23:55:24Z,2026-08-13T23:55:24Z,,if;wave1;sit
ERPINT,Aurora ERP: Integrations & Platform,ERPINT-297,End-to-end test: Cloud Connector to on-prem MES for plant 1100 Guelph,task,Blocked,in_progress,u-laura.ferreira,Laura Ferreira,8,points,,2026-09-09,ERPINT-204,ERPINT-244,2026-08-14T05:58:45Z,2026-08-24T00:00:00Z,,btp;wave1;sit
ERPINT,Aurora ERP: Integrations & Platform,ERPINT-298,End-to-end test: EDI 855 order acknowledgement for plant 1100 Guelph,task,To Do,todo,u-camila.muller,Camila Müller,3,points,,,ERPINT-214,ERPINT-234,2026-08-14T07:16:45Z,2026-08-14T07:16:45Z,,edi;wave1;sit
ERPINT,Aurora ERP: Integrations & Platform,ERPINT-299,Volume and error handling test: Shopify B2B orders to SD,task,Blocked,in_progress,u-samuel.carvalho,Samuel Carvalho,2,points,,2026-09-09,ERPINT-208,ERPINT-231,2026-08-14T21:46:09Z,2026-08-21T12:20:42Z,,if;wave1;sit
ERPINT,Aurora ERP: Integrations & Platform,ERPINT-300,Defect: Cloud Connector to on-prem MES for plant 1100 Guelph duplicate messages on retry,bug,Backlog,todo,,,5,points,,,ERPINT-204,,2026-08-15T00:16:09Z,2026-08-15T00:16:09Z,,btp;wave1;sit;defect
ERPINT,Aurora ERP: Integrations & Platform,ERPINT-301,Volume and error handling test: carrier rating service,task,Ready,todo,u-quentin.weber,Quentin Weber,8,points,2026-09-10,2026-09-28,ERPINT-208,ERPINT-292;ERPINT-351,2026-08-15T06:24:23Z,2026-08-15T06:24:23Z,,if;wave1;sit
ERPINT,Aurora ERP: Integrations & Platform,ERPINT-302,End-to-end test: Shopify B2B orders to SD for plant 1100 Guelph,task,To Do,todo,,,5,points,,2026-09-28,ERPINT-208,ERPINT-232,2026-08-15T14:25:19Z,2026-08-15T14:25:19Z,,if;wave1;sit
ERPINT,Aurora ERP: Integrations & Platform,ERPINT-303,End-to-end test: EDI 856 ASN outbound for plant 1100 Guelph,task,To Do,todo,,,5,points,,,ERPINT-214,ERPINT-250,2026-08-16T10:16:04Z,2026-08-16T10:16:04Z,,edi;wave1;sit
ERPINT,Aurora ERP: Integrations & Platform,ERPINT-304,Unit test iFlow: customs broker Livingston export docs for plant 1100 Guelph,task,Closed,done,u-gustavo.nguyen,Gustavo Nguyen,13,points,,2026-08-14,ERPINT-78,ERPINT-251,2026-08-17T02:26:30Z,2026-08-19T13:23:30Z,2026-08-18T10:47:35Z,if;wave1;realize
ERPINT,Aurora ERP: Integrations & Platform,ERPINT-305,Volume and error handling test: EDI 940/945 with 3PL (DHL),task,To Do,todo,u-samuel.carvalho,Samuel Carvalho,5,points,,2026-09-16,ERPINT-214,ERPINT-261;ERPINT-283;ERPINT-345,2026-08-19T00:54:23Z,2026-08-19T00:54:23Z,,edi;wave1;sit
ERPINT,Aurora ERP: Integrations & Platform,ERPINT-306,Volume and error handling test: error handling and reprocessing,task,Closed,done,u-samuel.carvalho,Samuel Carvalho,1,points,2026-08-18,2026-09-06,ERPINT-204,ERPINT-241;ERPINT-284,2026-08-19T09:18:37Z,2026-08-24T00:00:00Z,2026-08-24T20:48:37Z,btp;wave1;sit
ERPINT,Aurora ERP: Integrations & Platform,ERPINT-307,End-to-end test: RBC/TD bank statements CAMT.053 for plant 1100 Guelph,task,To Do,todo,u-gustavo.nguyen,Gustavo Nguyen,3,points,,2026-10-04,ERPINT-208,ERPINT-239,2026-08-19T18:43:28Z,2026-08-19T18:43:28Z,,if;wave1;sit
ERPINT,Aurora ERP: Integrations & Platform,ERPINT-308,Volume and error handling test: EDI 810 invoices to top 20 customers,task,Ready,todo,,,1,points,,2026-09-08,ERPINT-214,ERPINT-224,2026-08-20T06:03:56Z,2026-08-20T06:03:56Z,,edi;wave1;sit
ERPINT,Aurora ERP: Integrations & Platform,ERPINT-309,Defect: EDI 850 inbound purchase orders (OpenText) for plant 1100 Guelph wrong partner profile,bug,Backlog,todo,u-samuel.carvalho,Samuel Carvalho,2,points,,,ERPINT-214,,2026-08-20T20:29:50Z,2026-08-20T20:29:50Z,,edi;wave1;sit;defect
ERPINT,Aurora ERP: Integrations & Platform,ERPINT-310,Defect: Power BI extraction via CDS/OData wrong partner profile,bug,In Progress,in_progress,u-fatima.pereira,Fatima Pereira,3,points,,,ERPINT-208,,2026-08-21T22:34:52Z,2026-08-21T22:34:52Z,,if;wave1;sit;defect
ERPINT,Aurora ERP: Integrations & Platform,ERPINT-311,Defect: Kronos time export to payroll for plant 1100 Guelph times out above 5k records,bug,Backlog,todo,u-quentin.weber,Quentin Weber,3,points,,2026-10-08,ERPINT-208,,2026-08-22T02:59:58Z,2026-08-22T02:59:58Z,,if;wave1;sit;defect
ERPINT,Aurora ERP: Integrations & Platform,ERPINT-312,Defect: Salesforce opportunity to quote for plant 1100 Guelph times out above 5k records,bug,To Do,todo,,,8,points,,2026-10-02,ERPINT-208,,2026-08-23T22:40:07Z,2026-08-23T22:40:07Z,,if;wave1;sit;defect
ERPINT,Aurora ERP: Integrations & Platform,ERPINT-313,Volume and error handling test: CRA tax rate service for plant 1100 Guelph,task,To Do,todo,,,3,points,2026-10-13,2026-10-09,ERPINT-208,ERPINT-344;ERPINT-347,2026-08-24T07:27:35Z,2026-08-24T00:00:00Z,,if;wave1;sit
ERPINT,Aurora ERP: Integrations & Platform,ERPINT-314,Volume and error handling test: MES Ignition production confirmations for plant 1100 Guelph,task,Backlog,todo,,,3,points,2026-09-25,2026-10-09,ERPINT-208,ERPINT-343;ERPINT-330,2026-08-24T08:52:02Z,2026-08-24T00:00:00Z,,if;wave1;sit
ERPINT,Aurora ERP: Integrations & Platform,ERPINT-315,Volume and error handling test: customs broker Livingston export docs for plant 1100 Guelph,task,To Do,todo,,,,points,2026-10-27,,ERPINT-208,ERPINT-349;ERPINT-329,2026-08-24T09:02:05Z,2026-08-24T00:00:00Z,,if;wave1;sit
ERPINT,Aurora ERP: Integrations & Platform,ERPINT-316,Volume and error handling test: EDI 850 inbound purchase orders (OpenText) for plant 1100 Guelph,task,Backlog,todo,,,,points,,,ERPINT-214,ERPINT-288;ERPINT-309,2026-08-24T09:39:39Z,2026-08-24T00:00:00Z,,edi;wave1;sit
ERPINT,Aurora ERP: Integrations & Platform,ERPINT-317,End-to-end test: error handling and reprocessing for plant 1100 Guelph,task,To Do,todo,u-quentin.oliveira,Quentin Oliveira,2,points,,2026-09-18,ERPINT-204,ERPINT-268,2026-08-24T10:10:33Z,2026-08-24T00:00:00Z,,btp;wave1;sit
ERPINT,Aurora ERP: Integrations & Platform,ERPINT-318,Defect: legacy JDE coexistence bridge for plant 1100 Guelph drops decimals in amounts,bug,Ready,todo,,,2,points,2026-10-15,2026-10-09,ERPINT-208,,2026-08-24T10:17:48Z,2026-08-24T00:00:00Z,,if;wave1;sit;defect
ERPINT,Aurora ERP: Integrations & Platform,ERPINT-319,Volume and error handling test: RBC/TD bank statements CAMT.053 for plant 1100 Guelph,task,To Do,todo,,,13,points,,2026-10-09,ERPINT-208,ERPINT-307,2026-08-24T10:22:38Z,2026-08-24T00:00:00Z,,if;wave1;sit
ERPINT,Aurora ERP: Integrations & Platform,ERPINT-320,Volume and error handling test: Cloud Connector to on-prem MES for plant 1100 Guelph,task,Ready,todo,,,3,points,,2026-09-18,ERPINT-204,ERPINT-297;ERPINT-300,2026-08-24T10:25:05Z,2026-08-24T00:00:00Z,,btp;wave1;sit
ERPINT,Aurora ERP: Integrations & Platform,ERPINT-321,End-to-end test: EDI 940/945 with 3PL (DHL) for plant 1100 Guelph,task,To Do,todo,u-gustavo.nguyen,Gustavo Nguyen,3,points,,2026-10-02,ERPINT-214,ERPINT-280,2026-08-24T10:45:21Z,2026-08-24T00:00:00Z,,edi;wave1;sit
ERPINT,Aurora ERP: Integrations & Platform,ERPINT-322,Defect: error handling and reprocessing for plant 1100 Guelph wrong partner profile,bug,To Do,todo,,,8,points,,2026-09-18,ERPINT-204,,2026-08-24T10:46:19Z,2026-08-24T00:00:00Z,,btp;wave1;sit;defect
ERPINT,Aurora ERP: Integrations & Platform,ERPINT-323,Volume and error handling test: Ariba PO and invoice flows,task,To Do,todo,u-fatima.pereira,Fatima Pereira,2,points,2026-09-16,2026-10-07,ERPINT-208,ERPINT-289;ERPINT-346,2026-08-24T11:27:34Z,2026-08-24T00:00:00Z,,if;wave1;sit
ERPINT,Aurora ERP: Integrations & Platform,ERPINT-324,Volume and error handling test: Power BI extraction via CDS/OData for plant 1100 Guelph,task,Backlog,todo,,,5,points,,2026-10-09,ERPINT-208,ERPINT-337,2026-08-24T11:30:45Z,2026-08-24T00:00:00Z,,if;wave1;sit
ERPINT,Aurora ERP: Integrations & Platform,ERPINT-325,Volume and error handling test: API management policies for plant 1100 Guelph,task,Ready,todo,u-tania.wilson,Tânia Wilson,1,points,2026-09-09,2026-09-18,ERPINT-204,ERPINT-265,2026-08-24T11:58:10Z,2026-08-24T00:00:00Z,,btp;wave1;sit
ERPINT,Aurora ERP: Integrations & Platform,ERPINT-326,Volume and error handling test: EDI 855 order acknowledgement for plant 1100 Guelph,task,In Progress,in_progress,u-quentin.oliveira,Quentin Oliveira,5,points,,2026-10-02,ERPINT-214,ERPINT-298;ERPINT-341,2026-08-24T13:24:40Z,2026-08-24T00:00:00Z,,edi;wave1;sit
ERPINT,Aurora ERP: Integrations & Platform,ERPINT-327,Volume and error handling test: Concur expenses to FI for plant 1100 Guelph,task,Backlog,todo,u-joao.lima,João Lima,13,points,2026-09-30,2026-10-09,ERPINT-208,ERPINT-293;ERPINT-340,2026-08-24T13:28:29Z,2026-08-24T00:00:00Z,,if;wave1;sit
ERPINT,Aurora ERP: Integrations & Platform,ERPINT-328,Volume and error handling test: monitoring and alerting (AIF) for plant 1100 Guelph,task,Ready,todo,u-gustavo.nguyen,Gustavo Nguyen,2,points,,2026-09-18,ERPINT-204,ERPINT-281,2026-08-24T13:32:22Z,2026-08-24T00:00:00Z,,btp;wave1;sit
ERPINT,Aurora ERP: Integrations & Platform,ERPINT-329,Defect: customs broker Livingston export docs for plant 1100 Guelph times out above 5k records,bug,Backlog,todo,,,3,points,,2026-10-09,ERPINT-208,,2026-08-24T13:50:54Z,2026-08-24T00:00:00Z,,if;wave1;sit;defect
ERPINT,Aurora ERP: Integrations & Platform,ERPINT-330,Defect: MES Ignition production confirmations for plant 1100 Guelph times out above 5k records,bug,To Do,todo,,,3,points,2026-09-14,2026-10-06,ERPINT-208,,2026-08-24T14:19:25Z,2026-08-24T00:00:00Z,,if;wave1;sit;defect
ERPINT,Aurora ERP: Integrations & Platform,ERPINT-331,Volume and error handling test: EDI 810 invoices to top 20 customers for plant 1100 Guelph,task,Backlog,todo,u-renata.roy,Renata Roy,3,points,,2026-10-02,ERPINT-214,ERPINT-334;ERPINT-345,2026-08-24T14:46:34Z,2026-08-24T00:00:00Z,,edi;wave1;sit
ERPINT,Aurora ERP: Integrations & Platform,ERPINT-332,Volume and error handling test: error handling and reprocessing for plant 1100 Guelph,task,Ready,todo,,,2,points,,2026-09-18,ERPINT-204,ERPINT-317;ERPINT-322,2026-08-24T14:46:50Z,2026-08-24T00:00:00Z,,btp;wave1;sit
ERPINT,Aurora ERP: Integrations & Platform,ERPINT-333,Volume and error handling test: Salesforce opportunity to quote for plant 1100 Guelph,task,In Review,in_progress,u-gustavo.nguyen,Gustavo Nguyen,5,points,2026-09-19,2026-10-06,ERPINT-208,ERPINT-294;ERPINT-312,2026-08-24T15:11:02Z,2026-08-24T00:00:00Z,,if;wave1;sit
ERPINT,Aurora ERP: Integrations & Platform,ERPINT-334,End-to-end test: EDI 810 invoices to top 20 customers for plant 1100 Guelph,task,Backlog,todo,u-renata.souza,Renata Souza,13,points,2026-09-09,2026-09-27,ERPINT-214,ERPINT-258,2026-08-24T15:11:19Z,2026-08-24T00:00:00Z,,edi;wave1;sit
ERPINT,Aurora ERP: Integrations & Platform,ERPINT-335,Volume and error handling test: EDI 940/945 with 3PL (DHL) for plant 1100 Guelph,task,Ready,todo,u-laura.ferreira,Laura Ferreira,3,points,,,ERPINT-214,ERPINT-321;ERPINT-336,2026-08-24T15:47:26Z,2026-08-24T00:00:00Z,,edi;wave1;sit
ERPINT,Aurora ERP: Integrations & Platform,ERPINT-336,Defect: EDI 940/945 with 3PL (DHL) for plant 1100 Guelph duplicate messages on retry,bug,To Do,todo,u-fatima.pereira,Fatima Pereira,2,points,2026-10-05,2026-10-02,ERPINT-214,,2026-08-24T15:57:24Z,2026-08-24T00:00:00Z,,edi;wave1;sit;defect
ERPINT,Aurora ERP: Integrations & Platform,ERPINT-337,End-to-end test: Power BI extraction via CDS/OData for plant 1100 Guelph,task,In Progress,in_progress,u-gustavo.nguyen,Gustavo Nguyen,,points,,2026-10-09,ERPINT-208,ERPINT-278,2026-08-24T16:12:09Z,2026-08-24T00:00:00Z,,if;wave1;sit
ERPINT,Aurora ERP: Integrations & Platform,ERPINT-338,Volume and error handling test: legacy JDE coexistence bridge for plant 1100 Guelph,task,To Do,todo,,,,points,2026-10-22,2026-10-09,ERPINT-208,ERPINT-350;ERPINT-318,2026-08-24T17:24:28Z,2026-08-24T00:00:00Z,,if;wave1;sit
ERPINT,Aurora ERP: Integrations & Platform,ERPINT-339,Volume and error handling test: Kronos time export to payroll for plant 1100 Guelph,task,To Do,todo,u-joao.lima,João Lima,1,points,,2026-10-09,ERPINT-208,ERPINT-287;ERPINT-311,2026-08-24T18:10:58Z,2026-08-24T00:00:00Z,,if;wave1;sit
ERPINT,Aurora ERP: Integrations & Platform,ERPINT-340,Defect: Concur expenses to FI for plant 1100 Guelph times out above 5k records,bug,Ready,todo,u-tania.chen,Tânia Chen,8,points,,2026-10-09,ERPINT-208,,2026-08-24T18:20:23Z,2026-08-24T00:00:00Z,,if;wave1;sit;defect
ERPINT,Aurora ERP: Integrations & Platform,ERPINT-341,Defect: EDI 855 order acknowledgement for plant 1100 Guelph times out above 5k records,bug,Backlog,todo,u-gustavo.nguyen,Gustavo Nguyen,2,points,,,ERPINT-214,,2026-08-24T18:39:11Z,2026-08-24T00:00:00Z,,edi;wave1;sit;defect
ERPINT,Aurora ERP: Integrations & Platform,ERPINT-342,Volume and error handling test: partner profile onboarding,task,Backlog,todo,,,8,points,,2026-09-26,ERPINT-214,ERPINT-272,2026-08-24T18:39:53Z,2026-08-24T00:00:00Z,,edi;wave1;sit
ERPINT,Aurora ERP: Integrations & Platform,ERPINT-343,End-to-end test: MES Ignition production confirmations for plant 1100 Guelph,task,To Do,todo,u-gustavo.nguyen,Gustavo Nguyen,2,points,,2026-09-20,ERPINT-208,ERPINT-195,2026-08-24T18:45:41Z,2026-08-24T00:00:00Z,,if;wave1;sit
ERPINT,Aurora ERP: Integrations & Platform,ERPINT-344,End-to-end test: CRA tax rate service for plant 1100 Guelph,task,To Do,todo,,,,points,,,ERPINT-208,ERPINT-254,2026-08-24T18:47:39Z,2026-08-24T00:00:00Z,,if;wave1;sit
ERPINT,Aurora ERP: Integrations & Platform,ERPINT-345,Defect: EDI 810 invoices to top 20 customers for plant 1100 Guelph duplicate messages on retry,bug,Backlog,todo,u-gustavo.nguyen,Gustavo Nguyen,,points,,2026-10-02,ERPINT-214,,2026-08-24T19:01:20Z,2026-08-24T00:00:00Z,,edi;wave1;sit;defect
ERPINT,Aurora ERP: Integrations & Platform,ERPINT-346,Defect: Ariba PO and invoice flows wrong partner profile,bug,To Do,todo,u-gustavo.nguyen,Gustavo Nguyen,5,points,2026-09-08,2026-09-27,ERPINT-208,,2026-08-24T19:08:42Z,2026-08-24T00:00:00Z,,if;wave1;sit;defect
ERPINT,Aurora ERP: Integrations & Platform,ERPINT-347,Defect: CRA tax rate service for plant 1100 Guelph drops decimals in amounts,bug,Ready,todo,,,8,points,2026-10-07,2026-10-09,ERPINT-208,,2026-08-24T19:14:56Z,2026-08-24T00:00:00Z,,if;wave1;sit;defect
ERPINT,Aurora ERP: Integrations & Platform,ERPINT-348,Volume and error handling test: Shopify B2B orders to SD for plant 1100 Guelph,task,Ready,todo,,,5,points,2026-10-08,2026-10-09,ERPINT-208,ERPINT-302,2026-08-24T19:22:43Z,2026-08-24T00:00:00Z,,if;wave1;sit
ERPINT,Aurora ERP: Integrations & Platform,ERPINT-349,End-to-end test: customs broker Livingston export docs for plant 1100 Guelph,task,Ready,todo,,,5,points,,2026-10-09,ERPINT-208,ERPINT-304,2026-08-24T19:31:58Z,2026-08-24T00:00:00Z,,if;wave1;sit
ERPINT,Aurora ERP: Integrations & Platform,ERPINT-350,End-to-end test: legacy JDE coexistence bridge for plant 1100 Guelph,task,Backlog,todo,u-tania.wilson,Tânia Wilson,1,points,,,ERPINT-208,ERPINT-269,2026-08-24T19:48:42Z,2026-08-24T00:00:00Z,,if;wave1;sit
ERPINT,Aurora ERP: Integrations & Platform,ERPINT-351,Defect: carrier rating service missing mandatory segment,bug,Ready,todo,u-gustavo.nguyen,Gustavo Nguyen,3,points,2026-09-03,2026-09-25,ERPINT-208,,2026-08-24T20:28:52Z,2026-08-24T00:00:00Z,,if;wave1;sit;defect
ERPINT,Aurora ERP: Integrations & Platform,ERPINT-352,Volume and error handling test: EDI 856 ASN outbound for plant 1100 Guelph,task,Ready,todo,u-gustavo.nguyen,Gustavo Nguyen,,points,2026-09-30,2026-10-02,,ERPINT-303,2026-08-24T20:51:44Z,2026-08-24T00:00:00Z,,edi;wave1;sit
ERPINT,Aurora ERP: Integrations & Platform,ERPINT-353,Volume and error handling test: customs broker Livingston export docs,task,To Do,todo,u-samuel.carvalho,Samuel Carvalho,8,points,,,ERPINT-208,ERPINT-291,2026-08-24T21:29:52Z,2026-08-24T00:00:00Z,,if;wave1;sit
ERPINT,Aurora ERP: Integrations & Platform,ERPINT-354,INT: cutover and go-live support,epic,To Do,todo,u-quentin.oliveira,Quentin Oliveira,,points,2026-10-14,2026-11-02,,,2026-09-20T11:18:58Z,2026-08-23T00:00:00Z,,cutover;wave1
ERPINT,Aurora ERP: Integrations & Platform,ERPINT-355,Cutover: go-live monitoring room,task,Ready,todo,,,5,points,,,ERPINT-354,,2026-09-20T20:20:02Z,2026-08-24T00:00:00Z,,cutover;wave1
ERPINT,Aurora ERP: Integrations & Platform,ERPINT-356,Cutover: reprocess queued IDocs,task,Backlog,todo,,,5,points,,,ERPINT-354,,2026-09-20T21:18:47Z,2026-08-24T00:00:00Z,,cutover;wave1
ERPINT,Aurora ERP: Integrations & Platform,ERPINT-357,Cutover: freeze interface changes,task,Backlog,todo,u-quentin.oliveira,Quentin Oliveira,13,points,2026-10-14,2026-10-16,ERPINT-354,,2026-09-20T21:21:23Z,2026-08-24T00:00:00Z,,cutover;wave1
ERPINT,Aurora ERP: Integrations & Platform,ERPINT-358,Cutover: switch EDI partners to S/4 endpoints,task,Ready,todo,,,1,points,2026-10-17,2026-10-21,ERPINT-354,,2026-09-20T23:06:31Z,2026-08-24T00:00:00Z,,cutover;wave1
ERPINT,Aurora ERP: Integrations & Platform,ERPINT-359,Cutover: rollback plan for bank interface,task,To Do,todo,,,5,points,2026-10-28,2026-11-01,ERPINT-354,,2026-09-21T06:38:26Z,2026-08-24T00:00:00Z,,cutover;wave1
ERPINT,Aurora ERP: Integrations & Platform,ERPINT-360,Wave 2: Brazil NF-e integration,epic,Backlog,todo,,,,points,2027-02-25,,,,2027-02-05T16:07:44Z,2027-02-05T16:07:44Z,,wave2
ERPMIG,Aurora ERP: Data Migration & Cutover,ERPMIG-1,"MD: extract, cleanse and map",epic,Done,done,u-gabriela.weber,Gabriela Weber,,points,2026-02-13,2026-08-13,,,2026-01-04T19:52:19Z,2026-08-15T00:00:00Z,2026-08-15T00:00:00Z,md;wave1;realize
ERPMIG,Aurora ERP: Data Migration & Cutover,ERPMIG-2,"TD: extract, cleanse and map",epic,Done,done,u-vanessa.fischer,Vanessa Fischer,,points,2026-02-19,2026-08-24,,,2026-01-08T11:49:34Z,2026-08-26T00:00:00Z,2026-08-26T00:00:00Z,td;wave1;realize
ERPMIG,Aurora ERP: Data Migration & Cutover,ERPMIG-3,MD: mock load 2,epic,Done,done,,,,points,2026-02-20,2026-08-19,,,2026-01-13T09:48:23Z,2026-08-21T00:00:00Z,2026-08-21T00:00:00Z,md;wave1;mock2
ERPMIG,Aurora ERP: Data Migration & Cutover,ERPMIG-4,MD: mock load 1,epic,Blocked,in_progress,u-bruno.reddy,Bruno Reddy,,points,2026-02-16,,,,2026-01-15T19:37:54Z,2026-08-16T00:00:00Z,,md;wave1;mock1
ERPMIG,Aurora ERP: Data Migration & Cutover,ERPMIG-5,TD: mock load 1,epic,In Progress,in_progress,u-isabela.kim,Isabela Kim,,points,2026-02-16,2026-08-17,,,2026-01-18T14:04:03Z,2026-08-10T00:00:00Z,,td;wave1;mock1
ERPMIG,Aurora ERP: Data Migration & Cutover,ERPMIG-6,Mock load 1: customer master to Business Partner,task,Done,done,u-gabriela.weber,Gabriela Weber,1,points,,,ERPMIG-4,ERPMIG-111;ERPMIG-21,2026-01-19T11:44:00Z,2026-03-21T03:15:17Z,2026-03-20T16:18:32Z,md;wave1;mock1
ERPMIG,Aurora ERP: Data Migration & Cutover,ERPMIG-7,TD: mock load 2,epic,In Progress,in_progress,u-bruno.reddy,Bruno Reddy,,points,2026-02-26,2026-08-07,,,2026-01-25T10:22:21Z,2026-08-04T00:00:00Z,,td;wave1;mock2
ERPMIG,Aurora ERP: Data Migration & Cutover,ERPMIG-8,Extract vendor master to Business Partner from JDE,task,Closed,done,u-laura.schmidt,Laura Schmidt,2,points,,2026-03-16,ERPMIG-1,,2026-01-27T19:45:10Z,2026-03-25T06:45:52Z,2026-03-23T23:01:28Z,md;wave1;realize
ERPMIG,Aurora ERP: Data Migration & Cutover,ERPMIG-9,Mock load 2: vendor master to Business Partner,task,Done,done,u-laura.schmidt,Laura Schmidt,3,points,2026-02-21,2026-03-25,ERPMIG-3,ERPMIG-60;ERPMIG-26,2026-01-29T02:27:58Z,2026-03-30T13:08:27Z,2026-03-29T00:10:39Z,md;wave1;mock2
ERPMIG,Aurora ERP: Data Migration & Cutover,ERPMIG-10,Extract BOMs from JDE,task,Done,done,u-lucas.singh,Lucas Singh,8,points,,2026-03-28,ERPMIG-1,,2026-01-29T13:12:34Z,2026-04-04T02:06:21Z,2026-04-02T22:30:25Z,md;wave1;realize
ERPMIG,Aurora ERP: Data Migration & Cutover,ERPMIG-11,Extract open purchase orders from JDE,task,Closed,done,u-bruno.reddy,Bruno Reddy,3,points,,2026-03-26,ERPMIG-2,,2026-01-29T20:02:35Z,2026-03-24T02:01:06Z,2026-03-22T23:39:05Z,td;wave1;realize
ERPMIG,Aurora ERP: Data Migration & Cutover,ERPMIG-12,Extract routings from JDE,task,Closed,done,u-marcus.kim,Marcus Kim,5,points,,2026-04-09,ERPMIG-1,,2026-01-30T12:06:46Z,2026-04-16T20:41:11Z,2026-04-16T13:15:51Z,md;wave1;realize
ERPMIG,Aurora ERP: Data Migration & Cutover,ERPMIG-13,Mock load 2: customer master to Business Partner,task,Closed,done,u-vanessa.fischer,Vanessa Fischer,5,points,,2026-03-20,ERPMIG-3,ERPMIG-70;ERPMIG-21,2026-01-31T15:49:56Z,2026-03-24T17:37:12Z,2026-03-24T07:32:41Z,md;wave1;mock2
ERPMIG,Aurora ERP: Data Migration & Cutover,ERPMIG-14,Mock load 1: open sales orders,task,Done,done,u-lucas.singh,Lucas Singh,8,points,2026-02-16,2026-04-05,ERPMIG-5,ERPMIG-119;ERPMIG-39,2026-02-01T19:41:56Z,2026-04-08T00:52:59Z,2026-04-07T15:46:54Z,td;wave1;mock1
ERPMIG,Aurora ERP: Data Migration & Cutover,ERPMIG-15,Extract material master from JDE,task,In Progress,in_progress,,,5,points,,2026-03-23,ERPMIG-1,,2026-02-02T15:31:05Z,2026-08-22T18:08:21Z,,md;wave1;realize
ERPMIG,Aurora ERP: Data Migration & Cutover,ERPMIG-16,Mock load 1: BOMs,task,Closed,done,u-isabela.kim,Isabela Kim,2,points,2026-03-07,2026-04-19,ERPMIG-4,ERPMIG-92;ERPMIG-69,2026-02-05T15:17:06Z,2026-04-23T00:43:33Z,2026-04-21T21:46:43Z,md;wave1;mock1
ERPMIG,Aurora ERP: Data Migration & Cutover,ERPMIG-17,Extract customer master to Business Partner from JDE,task,Blocked,in_progress,u-laura.schmidt,Laura Schmidt,3,points,,2026-03-15,ERPMIG-1,,2026-02-06T17:13:48Z,2026-08-24T00:00:00Z,,md;wave1;realize
ERPMIG,Aurora ERP: Data Migration & Cutover,ERPMIG-18,Mock load 1: open purchase orders,task,Closed,done,u-laura.schmidt,Laura Schmidt,,points,,2026-03-24,ERPMIG-5,ERPMIG-81;ERPMIG-58,2026-02-06T18:28:48Z,2026-03-26T20:37:58Z,2026-03-24T21:57:35Z,td;wave1;mock1
ERPMIG,Aurora ERP: Data Migration & Cutover,ERPMIG-19,Extract pricing conditions from JDE,task,Done,done,u-laura.schmidt,Laura Schmidt,3,points,,2026-04-14,ERPMIG-1,,2026-02-08T07:30:36Z,2026-04-13T20:02:13Z,2026-04-13T11:59:43Z,md;wave1;realize
ERPMIG,Aurora ERP: Data Migration & Cutover,ERPMIG-20,Mock load 1: vendor master to Business Partner,task,Done,done,u-laura.schmidt,Laura Schmidt,5,points,,2026-03-27,ERPMIG-4,ERPMIG-106;ERPMIG-26,2026-02-09T18:53:24Z,2026-03-24T02:39:45Z,2026-03-23T23:32:42Z,md;wave1;mock1
ERPMIG,Aurora ERP: Data Migration & Cutover,ERPMIG-21,"Cleanse customer master to Business Partner (dedupe, mandatory fields)",story,To Do,todo,,,13,points,,2026-04-14,ERPMIG-1,ERPMIG-17,2026-02-11T13:59:50Z,2026-06-09T13:47:36Z,,md;wave1;realize
ERPMIG,Aurora ERP: Data Migration & Cutover,ERPMIG-22,Extract bank master from JDE,task,Backlog,todo,u-isabela.kim,Isabela Kim,5,points,,2026-04-23,ERPMIG-1,,2026-02-11T14:44:44Z,2026-08-03T18:07:45Z,,md;wave1;realize
ERPMIG,Aurora ERP: Data Migration & Cutover,ERPMIG-23,Extract cost centers and profit centers from JDE,task,Done,done,u-vanessa.fischer,Vanessa Fischer,5,points,,2026-04-12,ERPMIG-1,,2026-02-11T19:03:48Z,2026-04-11T10:48:05Z,2026-04-09T21:05:01Z,md;wave1;realize
ERPMIG,Aurora ERP: Data Migration & Cutover,ERPMIG-24,Extract open AP items from JDE,task,Done,done,u-gabriela.weber,Gabriela Weber,8,points,,2026-04-03,ERPMIG-2,,2026-02-12T03:38:20Z,2026-03-31T06:11:53Z,2026-03-30T04:54:56Z,td;wave1;realize
ERPMIG,Aurora ERP: Data Migration & Cutover,ERPMIG-25,Mock load 2: open sales orders,task,To Do,todo,u-lucas.singh,Lucas Singh,2,points,,2026-04-03,ERPMIG-7,ERPMIG-75;ERPMIG-39,2026-02-12T07:15:43Z,2026-02-12T07:15:43Z,,td;wave1;mock2
ERPMIG,Aurora ERP: Data Migration & Cutover,ERPMIG-26,"Cleanse vendor master to Business Partner (dedupe, mandatory fields)",story,Done,done,u-marcus.kim,Marcus Kim,3,points,,2026-04-25,ERPMIG-1,ERPMIG-8,2026-02-12T19:29:04Z,2026-04-28T19:10:28Z,2026-04-27T00:12:20Z,md;wave1;realize
ERPMIG,Aurora ERP: Data Migration & Cutover,ERPMIG-27,Extract open AR items from JDE,task,Done,done,u-vanessa.fischer,Vanessa Fischer,3,points,,2026-04-12,,,2026-02-14T00:20:54Z,2026-04-09T14:08:17Z,2026-04-08T16:41:03Z,td;wave1;realize
ERPMIG,Aurora ERP: Data Migration & Cutover,ERPMIG-28,Mock load 2: GL balances,task,To Do,todo,u-laura.schmidt,Laura Schmidt,2,points,,,ERPMIG-7,ERPMIG-130;ERPMIG-52;ERPMIG-72,2026-02-15T18:00:51Z,2026-07-11T10:03:49Z,,td;wave1;mock2
ERPMIG,Aurora ERP: Data Migration & Cutover,ERPMIG-29,Mock load 1: material master,task,In Progress,in_progress,,,8,points,2026-02-23,2026-04-07,ERPMIG-4,ERPMIG-138;ERPMIG-65,2026-02-16T02:00:45Z,2026-08-21T17:50:50Z,,md;wave1;mock1
ERPMIG,Aurora ERP: Data Migration & Cutover,ERPMIG-30,Extract open sales orders from JDE,task,Done,done,u-vanessa.fischer,Vanessa Fischer,13,points,,2026-03-25,ERPMIG-2,,2026-02-16T20:34:43Z,2026-03-27T05:21:20Z,2026-03-26T10:39:00Z,td;wave1;realize
ERPMIG,Aurora ERP: Data Migration & Cutover,ERPMIG-31,Extract equipment and functional locations from JDE,task,Closed,done,u-gabriela.weber,Gabriela Weber,1,points,2026-03-16,2026-04-25,ERPMIG-1,,2026-02-18T04:53:48Z,2026-05-04T12:14:53Z,2026-05-02T15:27:35Z,md;wave1;realize
ERPMIG,Aurora ERP: Data Migration & Cutover,ERPMIG-32,Mock load 2: material master,task,Closed,done,u-gustavo.nguyen,Gustavo Nguyen,5,points,,2026-04-04,ERPMIG-3,ERPMIG-117;ERPMIG-65,2026-02-19T01:41:07Z,2026-04-09T16:57:53Z,,md;wave1;mock2
ERPMIG,Aurora ERP: Data Migration & Cutover,ERPMIG-33,Mock load 2: open purchase orders,task,In Review,in_progress,u-gustavo.nguyen,Gustavo Nguyen,5,points,,2026-03-27,ERPMIG-7,ERPMIG-57;ERPMIG-58,2026-02-21T10:16:44Z,2026-08-14T08:29:58Z,,td;wave1;mock2
ERPMIG,Aurora ERP: Data Migration & Cutover,ERPMIG-34,Extract GL balances from JDE,task,Closed,done,u-bruno.reddy,Bruno Reddy,5,points,,2026-03-31,ERPMIG-2,,2026-02-22T17:47:31Z,2026-04-09T23:37:06Z,2026-04-09T13:26:40Z,td;wave1;realize
ERPMIG,Aurora ERP: Data Migration & Cutover,ERPMIG-35,Defect: customer master to Business Partner unit of measure mismatch,bug,Done,done,u-victor.sharma,Victor Sharma,2,points,,2026-04-21,ERPMIG-4,,2026-02-22T23:00:16Z,2026-04-23T02:35:06Z,2026-04-22T00:14:34Z,md;wave1;defect
ERPMIG,Aurora ERP: Data Migration & Cutover,ERPMIG-36,Mock load 1: open AP items,task,Done,done,u-vanessa.reddy,Vanessa Reddy,8,points,,2026-05-02,ERPMIG-5,ERPMIG-129;ERPMIG-79;ERPMIG-150,2026-02-24T19:31:32Z,2026-04-29T06:16:19Z,2026-04-28T15:10:54Z,td;wave1;mock1
ERPMIG,Aurora ERP: Data Migration & Cutover,ERPMIG-37,Mock load 2: BOMs,task,In Review,in_progress,,,8,points,2026-03-13,2026-04-15,ERPMIG-3,ERPMIG-102;ERPMIG-69,2026-02-25T13:57:17Z,2026-08-23T19:10:27Z,,md;wave1;mock2
ERPMIG,Aurora ERP: Data Migration & Cutover,ERPMIG-38,Extract employee master from JDE,task,Done,done,u-marcus.kim,Marcus Kim,3,points,2026-03-20,2026-05-02,ERPMIG-1,,2026-02-25T20:28:27Z,2026-05-01T19:37:11Z,2026-05-01T19:01:11Z,md;wave1;realize
ERPMIG,Aurora ERP: Data Migration & Cutover,ERPMIG-39,"Cleanse open sales orders (dedupe, mandatory fields)",story,Blocked,in_progress,u-laura.schmidt,Laura Schmidt,5,points,,2026-05-05,ERPMIG-2,ERPMIG-30,2026-02-25T21:52:46Z,2026-08-19T10:23:45Z,,td;wave1;realize
ERPMIG,Aurora ERP: Data Migration & Cutover,ERPMIG-40,Extract inventory balances from JDE,task,Closed,done,u-lucas.singh,Lucas Singh,13,points,,2026-04-30,ERPMIG-2,,2026-02-28T01:07:36Z,2026-04-27T00:41:07Z,2026-04-26T09:15:54Z,td;wave1;realize
ERPMIG,Aurora ERP: Data Migration & Cutover,ERPMIG-41,Mock load 1: pricing conditions,task,To Do,todo,u-lucas.singh,Lucas Singh,3,points,,2026-04-30,ERPMIG-4,ERPMIG-149;ERPMIG-53,2026-02-28T16:37:15Z,2026-06-07T20:41:45Z,,md;wave1;mock1
ERPMIG,Aurora ERP: Data Migration & Cutover,ERPMIG-42,Mock load 1: routings,task,Done,done,,,1,points,,2026-04-26,ERPMIG-4,ERPMIG-108;ERPMIG-50,2026-03-03T06:02:59Z,2026-05-02T21:35:34Z,2026-05-02T09:44:19Z,md;wave1;mock1
ERPMIG,Aurora ERP: Data Migration & Cutover,ERPMIG-43,Mock load 2: pricing conditions,task,Closed,done,u-gustavo.nguyen,Gustavo Nguyen,3,points,,2026-05-07,ERPMIG-3,ERPMIG-152;ERPMIG-53,2026-03-03T17:33:54Z,2026-05-13T21:02:40Z,2026-05-12T20:05:25Z,md;wave1;mock2
ERPMIG,Aurora ERP: Data Migration & Cutover,ERPMIG-44,Mock load 1: open AR items,task,Closed,done,u-lucas.singh,Lucas Singh,3,points,,2026-05-13,ERPMIG-5,ERPMIG-141;ERPMIG-64,2026-03-03T20:06:14Z,2026-05-14T19:35:11Z,2026-05-12T22:28:34Z,td;wave1;mock1
ERPMIG,Aurora ERP: Data Migration & Cutover,ERPMIG-45,Map vendor master to Business Partner to S/4 structure,task,Closed,done,u-vanessa.fischer,Vanessa Fischer,8,points,,2026-05-06,ERPMIG-1,ERPMIG-8;ERPFIN-251,2026-03-04T09:36:22Z,2026-05-10T02:37:05Z,2026-05-08T23:24:04Z,md;wave1;realize
ERPMIG,Aurora ERP: Data Migration & Cutover,ERPMIG-46,Defect: customer master to Business Partner unit of measure mismatch,bug,To Do,todo,u-lucas.singh,Lucas Singh,3,points,,2026-04-23,ERPMIG-3,,2026-03-04T19:10:28Z,2026-06-06T08:05:58Z,,md;wave1;defect
ERPMIG,Aurora ERP: Data Migration & Cutover,ERPMIG-47,Mock load 1: GL balances,task,Closed,done,u-bruno.reddy,Bruno Reddy,2,points,2026-03-06,2026-04-17,ERPMIG-5,ERPMIG-145;ERPMIG-52,2026-03-05T16:17:40Z,2026-04-22T03:36:38Z,2026-04-20T11:05:22Z,td;wave1;mock1
ERPMIG,Aurora ERP: Data Migration & Cutover,ERPMIG-48,Mock load 2: routings,task,Done,done,u-bruno.reddy,Bruno Reddy,3,points,,2026-04-29,ERPMIG-3,ERPMIG-143;ERPMIG-50,2026-03-06T00:03:43Z,2026-05-05T14:56:41Z,2026-05-05T14:09:30Z,md;wave1;mock2
ERPMIG,Aurora ERP: Data Migration & Cutover,ERPMIG-49,Map customer master to Business Partner to S/4 structure,task,Done,done,u-lucas.singh,Lucas Singh,5,points,,2026-05-09,ERPMIG-1,ERPMIG-17;ERPFIN-216,2026-03-06T21:17:36Z,2026-05-20T01:21:02Z,2026-05-18T01:29:38Z,md;wave1;realize
ERPMIG,Aurora ERP: Data Migration & Cutover,ERPMIG-50,"Cleanse routings (dedupe, mandatory fields)",story,In Progress,in_progress,u-lucas.singh,Lucas Singh,3,points,,2026-05-10,,ERPMIG-12,2026-03-07T10:06:54Z,2026-08-24T00:00:00Z,,md;wave1;realize
ERPMIG,Aurora ERP: Data Migration & Cutover,ERPMIG-51,Extract fixed assets from JDE,task,In Progress,in_progress,u-laura.schmidt,Laura Schmidt,1,points,2026-03-10,2026-04-19,ERPMIG-2,,2026-03-08T07:18:32Z,2026-08-20T09:11:06Z,,td;wave1;realize
ERPMIG,Aurora ERP: Data Migration & Cutover,ERPMIG-52,"Cleanse GL balances (dedupe, mandatory fields)",story,To Do,todo,,,1,points,2026-03-29,,ERPMIG-2,ERPMIG-34,2026-03-10T15:31:05Z,2026-06-22T16:51:39Z,,td;wave1;realize
ERPMIG,Aurora ERP: Data Migration & Cutover,ERPMIG-53,"Cleanse pricing conditions (dedupe, mandatory fields)",story,In Progress,in_progress,u-lucas.singh,Lucas Singh,2,points,2026-04-07,2026-05-18,ERPMIG-1,ERPMIG-19,2026-03-11T04:41:43Z,2026-08-19T08:30:54Z,,md;wave1;realize
ERPMIG,Aurora ERP: Data Migration & Cutover,ERPMIG-54,Mock load 2: open AP items,task,In Progress,in_progress,u-gustavo.nguyen,Gustavo Nguyen,3,points,,2026-04-29,ERPMIG-7,ERPMIG-115;ERPMIG-79,2026-03-11T14:46:40Z,2026-08-23T12:04:44Z,,td;wave1;mock2
ERPMIG,Aurora ERP: Data Migration & Cutover,ERPMIG-55,Mock load 1: cost centers and profit centers,task,Closed,done,u-laura.schmidt,Laura Schmidt,8,points,,2026-05-13,,ERPMIG-172;ERPMIG-86,2026-03-13T03:14:14Z,2026-05-13T09:00:29Z,2026-05-13T07:26:25Z,md;wave1;mock1
ERPMIG,Aurora ERP: Data Migration & Cutover,ERPMIG-56,Defect: open purchase orders tax jurisdiction blank,bug,Backlog,todo,,,8,points,,2026-04-29,ERPMIG-7,,2026-03-13T11:05:43Z,2026-08-22T14:11:47Z,,td;wave1;defect
ERPMIG,Aurora ERP: Data Migration & Cutover,ERPMIG-57,Reconcile mock 1: open purchase orders counts and values,task,Closed,done,u-diego.lavoie,Diego Lavoie,3,points,2026-04-03,2026-05-10,ERPMIG-5,ERPMIG-18,2026-03-13T18:40:09Z,2026-05-15T21:29:52Z,2026-05-14T02:28:16Z,td;wave1;mock1
ERPMIG,Aurora ERP: Data Migration & Cutover,ERPMIG-58,"Cleanse open purchase orders (dedupe, mandatory fields)",story,Done,done,u-laura.schmidt,Laura Schmidt,5,points,,2026-04-23,ERPMIG-2,ERPMIG-11,2026-03-15T07:57:48Z,2026-04-21T17:45:15Z,2026-04-20T19:31:38Z,td;wave1;realize
ERPMIG,Aurora ERP: Data Migration & Cutover,ERPMIG-59,Extract vendor master to Business Partner for plant 1100 Guelph from JDE,task,In Review,in_progress,u-marcus.kim,Marcus Kim,8,points,2026-03-31,2026-05-05,ERPMIG-1,,2026-03-16T15:44:47Z,2026-08-21T13:43:10Z,,md;wave1;realize
ERPMIG,Aurora ERP: Data Migration & Cutover,ERPMIG-60,Reconcile mock 1: vendor master to Business Partner counts and values,task,Closed,done,u-laura.schmidt,Laura Schmidt,8,points,2026-04-10,2026-05-14,ERPMIG-4,ERPMIG-20,2026-03-18T08:48:47Z,2026-05-13T15:17:45Z,2026-05-13T01:15:44Z,md;wave1;mock1
ERPMIG,Aurora ERP: Data Migration & Cutover,ERPMIG-61,Map open sales orders to S/4 structure,task,Closed,done,u-vanessa.fischer,Vanessa Fischer,5,points,2026-04-08,2026-05-14,ERPMIG-2,ERPMIG-30;ERPSCM-390,2026-03-18T18:41:48Z,2026-05-24T10:55:17Z,2026-05-24T09:54:42Z,td;wave1;realize
ERPMIG,Aurora ERP: Data Migration & Cutover,ERPMIG-62,Map material master to S/4 structure,task,Closed,done,u-isabela.kim,Isabela Kim,1,points,,2026-05-13,ERPMIG-1,ERPMIG-15;ERPMFG-88,2026-03-18T22:46:28Z,2026-05-14T06:46:25Z,2026-05-13T15:22:53Z,md;wave1;realize
ERPMIG,Aurora ERP: Data Migration & Cutover,ERPMIG-63,Extract open purchase orders for plant 1100 Guelph from JDE,task,Done,done,u-laura.schmidt,Laura Schmidt,1,points,,2026-05-14,ERPMIG-2,ERPMIG-220,2026-03-18T23:01:49Z,2026-05-13T15:11:12Z,2026-05-12T10:45:19Z,td;wave1;realize
ERPMIG,Aurora ERP: Data Migration & Cutover,ERPMIG-64,"Cleanse open AR items (dedupe, mandatory fields)",story,Closed,done,u-bruno.reddy,Bruno Reddy,3,points,,2026-05-19,ERPMIG-2,ERPMIG-27,2026-03-19T03:42:55Z,2026-05-24T06:18:55Z,2026-05-23T00:50:54Z,td;wave1;realize
ERPMIG,Aurora ERP: Data Migration & Cutover,ERPMIG-65,"Cleanse material master (dedupe, mandatory fields)",story,Blocked,in_progress,u-laura.schmidt,Laura Schmidt,5,points,2026-03-22,2026-04-30,ERPMIG-1,ERPMIG-15,2026-03-20T01:34:09Z,2026-08-12T17:33:18Z,,md;wave1;realize
ERPMIG,Aurora ERP: Data Migration & Cutover,ERPMIG-66,Mock load 2: open AR items,task,In Review,in_progress,u-diego.lavoie,Diego Lavoie,3,points,,2026-05-04,ERPMIG-7,ERPMIG-146;ERPMIG-64,2026-03-21T02:42:20Z,2026-08-19T17:57:13Z,,td;wave1;mock2
ERPMIG,Aurora ERP: Data Migration & Cutover,ERPMIG-67,Extract material master for plant 1100 Guelph from JDE,task,Done,done,u-lucas.singh,Lucas Singh,5,points,2026-04-03,2026-05-07,ERPMIG-1,,2026-03-21T13:14:22Z,2026-05-07T03:03:14Z,2026-05-06T00:51:25Z,md;wave1;realize
ERPMIG,Aurora ERP: Data Migration & Cutover,ERPMIG-68,Mock load 2: bank master,task,Done,done,u-victor.sharma,Victor Sharma,1,points,,2026-06-05,ERPMIG-3,ERPMIG-175;ERPMIG-121,2026-03-22T02:39:18Z,2026-06-03T23:04:52Z,2026-06-03T02:23:24Z,md;wave1;mock2
ERPMIG,Aurora ERP: Data Migration & Cutover,ERPMIG-69,"Cleanse BOMs (dedupe, mandatory fields)",story,In Progress,in_progress,u-laura.schmidt,Laura Schmidt,13,points,,,ERPMIG-1,ERPMIG-10,2026-03-22T08:40:42Z,2026-08-12T18:49:15Z,,md;wave1;realize
ERPMIG,Aurora ERP: Data Migration & Cutover,ERPMIG-70,Reconcile mock 1: customer master to Business Partner counts and values,task,Closed,done,u-lucas.singh,Lucas Singh,5,points,,2026-05-03,ERPMIG-4,ERPMIG-6;ERPMIG-35,2026-03-22T21:32:45Z,2026-05-10T00:17:05Z,,md;wave1;mock1
ERPMIG,Aurora ERP: Data Migration & Cutover,ERPMIG-71,Reconcile mock 2: vendor master to Business Partner counts and values,task,Ready,todo,u-vanessa.fischer,Vanessa Fischer,5,points,,2026-05-26,ERPMIG-3,ERPMIG-9,2026-03-23T17:04:19Z,2026-08-22T11:45:42Z,,md;wave1;mock2
ERPMIG,Aurora ERP: Data Migration & Cutover,ERPMIG-72,Defect: GL balances duplicate keys after dedupe,bug,In Review,in_progress,u-bruno.reddy,Bruno Reddy,13,points,,2026-05-16,,,2026-03-24T20:26:59Z,2026-06-25T08:45:18Z,,td;wave1;defect
ERPMIG,Aurora ERP: Data Migration & Cutover,ERPMIG-73,Extract customer master to Business Partner for plant 1100 Guelph from JDE,task,Closed,done,u-vanessa.fischer,Vanessa Fischer,3,points,2026-03-24,2026-04-30,ERPMIG-1,,2026-03-25T12:08:46Z,2026-04-30T05:30:42Z,2026-04-29T02:04:35Z,md;wave1;realize
ERPMIG,Aurora ERP: Data Migration & Cutover,ERPMIG-74,Extract open production orders from JDE,task,Closed,done,u-gustavo.nguyen,Gustavo Nguyen,1,points,2026-03-29,2026-05-09,ERPMIG-2,,2026-03-26T11:52:19Z,2026-05-10T22:04:57Z,2026-05-10T11:58:40Z,td;wave1;realize
ERPMIG,Aurora ERP: Data Migration & Cutover,ERPMIG-75,Reconcile mock 1: open sales orders counts and values,task,Done,done,u-vanessa.fischer,Vanessa Fischer,5,points,,2026-05-19,ERPMIG-5,ERPMIG-14,2026-03-26T14:51:35Z,2026-05-17T13:02:40Z,2026-05-16T23:49:31Z,td;wave1;mock1
ERPMIG,Aurora ERP: Data Migration & Cutover,ERPMIG-76,Mock load 1: inventory balances,task,To Do,todo,,,1,points,,2026-05-27,ERPMIG-5,ERPMIG-189;ERPMIG-112,2026-03-26T19:32:13Z,2026-04-06T16:14:29Z,,td;wave1;mock1
ERPMIG,Aurora ERP: Data Migration & Cutover,ERPMIG-77,Reconcile mock 2: open purchase orders counts and values,task,In Review,in_progress,u-laura.schmidt,Laura Schmidt,1,points,,2026-05-08,ERPMIG-7,ERPMIG-33;ERPMIG-56,2026-03-26T20:44:48Z,2026-08-13T13:07:32Z,,td;wave1;mock2
ERPMIG,Aurora ERP: Data Migration & Cutover,ERPMIG-78,Extract BOMs for plant 1100 Guelph from JDE,task,Ready,todo,,,5,points,2026-04-05,2026-05-11,ERPMIG-1,,2026-03-27T03:51:37Z,2026-06-25T11:08:46Z,,md;wave1;realize
ERPMIG,Aurora ERP: Data Migration & Cutover,ERPMIG-79,"Cleanse open AP items (dedupe, mandatory fields)",story,Done,done,u-diego.lavoie,Diego Lavoie,5,points,2026-04-07,,ERPMIG-2,ERPMIG-24,2026-03-28T02:35:03Z,2026-05-22T21:34:50Z,2026-05-22T12:31:49Z,td;wave1;realize
ERPMIG,Aurora ERP: Data Migration & Cutover,ERPMIG-80,Map pricing conditions to S/4 structure,task,Done,done,u-lucas.singh,Lucas Singh,5,points,,2026-06-03,ERPMIG-1,ERPMIG-19;ERPSCM-331,2026-03-28T12:21:43Z,2026-06-10T15:02:33Z,2026-06-10T06:26:28Z,md;wave1;realize
ERPMIG,Aurora ERP: Data Migration & Cutover,ERPMIG-81,Build migration cockpit template: open purchase orders,task,Ready,todo,u-laura.schmidt,Laura Schmidt,,points,,2026-05-30,ERPMIG-2,ERPMIG-89,2026-03-28T13:19:08Z,2026-06-08T10:43:54Z,,td;wave1;realize
ERPMIG,Aurora ERP: Data Migration & Cutover,ERPMIG-82,Mock load 1: bank master,task,In Progress,in_progress,u-bruno.reddy,Bruno Reddy,3,points,,2026-05-17,ERPMIG-4,ERPMIG-174;ERPMIG-121,2026-03-29T06:27:19Z,2026-07-01T11:17:30Z,,md;wave1;mock1
ERPMIG,Aurora ERP: Data Migration & Cutover,ERPMIG-83,Reconcile mock 2: material master counts and values,task,In Review,in_progress,u-bruno.reddy,Bruno Reddy,2,points,2026-04-28,2026-05-29,ERPMIG-3,ERPMIG-32,2026-04-01T19:21:29Z,2026-08-15T10:20:40Z,,md;wave1;mock2
ERPMIG,Aurora ERP: Data Migration & Cutover,ERPMIG-84,Extract cost centers and profit centers for plant 1100 Guelph from JDE,task,Done,done,u-laura.schmidt,Laura Schmidt,5,points,,2026-06-02,ERPMIG-1,,2026-04-02T09:11:20Z,2026-06-09T00:01:57Z,2026-06-07T22:13:36Z,md;wave1;realize
ERPMIG,Aurora ERP: Data Migration & Cutover,ERPMIG-85,Extract routings for plant 1100 Guelph from JDE,task,Closed,done,u-laura.schmidt,Laura Schmidt,2,points,,2026-05-26,ERPMIG-1,,2026-04-03T13:25:57Z,2026-06-05T22:02:03Z,2026-06-04T10:22:57Z,md;wave1;realize
ERPMIG,Aurora ERP: Data Migration & Cutover,ERPMIG-86,"Cleanse cost centers and profit centers (dedupe, mandatory fields)",story,Done,done,u-vanessa.reddy,Vanessa Reddy,5,points,,2026-05-17,ERPMIG-1,ERPMIG-23,2026-04-03T15:55:02Z,2026-05-20T10:20:53Z,2026-05-19T14:09:35Z,md;wave1;realize
ERPMIG,Aurora ERP: Data Migration & Cutover,ERPMIG-87,Defect: BOMs wrong currency on 12% of records,bug,In Review,in_progress,u-victor.sharma,Victor Sharma,5,points,2026-04-07,2026-05-13,ERPMIG-4,,2026-04-04T08:38:24Z,2026-08-21T14:20:10Z,,md;wave1;defect
ERPMIG,Aurora ERP: Data Migration & Cutover,ERPMIG-88,Extract bank master for plant 1100 Guelph from JDE,task,In Progress,in_progress,u-laura.schmidt,Laura Schmidt,3,points,,2026-06-13,ERPMIG-1,,2026-04-04T12:24:32Z,2026-08-12T11:18:42Z,,md;wave1;realize
ERPMIG,Aurora ERP: Data Migration & Cutover,ERPMIG-89,Map open purchase orders to S/4 structure,task,In Progress,in_progress,u-lucas.singh,Lucas Singh,2,points,,2026-05-12,ERPMIG-2,ERPMIG-11;ERPSCM-424,2026-04-05T04:54:15Z,2026-08-15T08:02:43Z,,td;wave1;realize
ERPMIG,Aurora ERP: Data Migration & Cutover,ERPMIG-90,Extract GL balances for plant 1100 Guelph from JDE,task,Done,done,u-victor.sharma,Victor Sharma,3,points,2026-04-14,,ERPMIG-2,,2026-04-05T12:39:11Z,2026-06-02T10:19:43Z,2026-05-31T14:05:11Z,td;wave1;realize
ERPMIG,Aurora ERP: Data Migration & Cutover,ERPMIG-91,"Cleanse open production orders (dedupe, mandatory fields)",story,Blocked,in_progress,u-vanessa.reddy,Vanessa Reddy,8,points,,,,ERPMIG-74,2026-04-05T20:51:33Z,2026-07-10T12:47:12Z,,td;wave1;realize
ERPMIG,Aurora ERP: Data Migration & Cutover,ERPMIG-92,Build migration cockpit template: BOMs,task,To Do,todo,,,2,points,,2026-06-08,ERPMIG-1,ERPMIG-104,2026-04-05T23:35:03Z,2026-06-01T10:14:34Z,,md;wave1;realize
ERPMIG,Aurora ERP: Data Migration & Cutover,ERPMIG-93,Reconcile mock 2: GL balances counts and values,task,To Do,todo,u-vanessa.reddy,Vanessa Reddy,8,points,,2026-06-05,ERPMIG-7,ERPMIG-28,2026-04-06T13:38:36Z,2026-06-21T07:18:13Z,,td;wave1;mock2
ERPMIG,Aurora ERP: Data Migration & Cutover,ERPMIG-94,"Cleanse employee master (dedupe, mandatory fields)",story,Done,done,u-lucas.singh,Lucas Singh,13,points,2026-04-27,2026-06-09,ERPMIG-1,ERPMIG-38,2026-04-06T16:31:24Z,2026-06-10T09:07:55Z,2026-06-09T15:54:48Z,md;wave1;realize
ERPMIG,Aurora ERP: Data Migration & Cutover,ERPMIG-95,Defect: open AP items unit of measure mismatch,bug,Blocked,in_progress,u-vanessa.fischer,Vanessa Fischer,5,points,,2026-05-24,ERPMIG-7,,2026-04-06T16:57:25Z,2026-08-01T17:29:01Z,,td;wave1;defect
ERPMIG,Aurora ERP: Data Migration & Cutover,ERPMIG-96,Reconcile mock 2: open sales orders counts and values,task,Done,done,u-laura.schmidt,Laura Schmidt,3,points,,2026-05-17,ERPMIG-7,ERPMIG-25,2026-04-07T00:00:00Z,2026-05-17T09:32:04Z,2026-05-15T13:04:10Z,td;wave1;mock2
ERPMIG,Aurora ERP: Data Migration & Cutover,ERPMIG-97,"Cleanse equipment and functional locations (dedupe, mandatory fields)",story,Ready,todo,,,3,points,,2026-06-01,ERPMIG-1,ERPMIG-31,2026-04-07T16:19:46Z,2026-07-23T19:08:51Z,,md;wave1;realize
ERPMIG,Aurora ERP: Data Migration & Cutover,ERPMIG-98,Extract open AR items for plant 1100 Guelph from JDE,task,Ready,todo,,,5,points,,,ERPMIG-2,,2026-04-08T20:04:47Z,2026-06-23T12:33:24Z,,td;wave1;realize
ERPMIG,Aurora ERP: Data Migration & Cutover,ERPMIG-99,Map cost centers and profit centers to S/4 structure,task,Closed,done,u-gustavo.nguyen,Gustavo Nguyen,13,points,,2026-06-07,ERPMIG-1,ERPMIG-23;ERPFIN-205,2026-04-08T20:13:45Z,2026-06-09T01:40:52Z,2026-06-08T19:11:41Z,md;wave1;realize
ERPMIG,Aurora ERP: Data Migration & Cutover,ERPMIG-100,Reconcile mock 2: customer master to Business Partner counts and values,task,In Review,in_progress,u-laura.schmidt,Laura Schmidt,13,points,,2026-05-12,ERPMIG-3,ERPMIG-13;ERPMIG-46,2026-04-09T13:28:05Z,2026-08-14T07:21:19Z,,md;wave1;mock2
ERPMIG,Aurora ERP: Data Migration & Cutover,ERPMIG-101,Mock load 1: fixed assets,task,Closed,done,u-vanessa.reddy,Vanessa Reddy,1,points,,2026-05-19,ERPMIG-5,ERPMIG-198;ERPMIG-123,2026-04-09T18:48:14Z,2026-05-16T10:39:42Z,2026-05-15T11:55:58Z,td;wave1;mock1
ERPMIG,Aurora ERP: Data Migration & Cutover,ERPMIG-102,Reconcile mock 1: BOMs counts and values,task,To Do,todo,,,2,points,2026-04-24,,ERPMIG-4,ERPMIG-16;ERPMIG-87,2026-04-09T19:26:01Z,2026-07-08T18:12:46Z,,md;wave1;mock1
ERPMIG,Aurora ERP: Data Migration & Cutover,ERPMIG-103,Mock load 2: fixed assets,task,Done,done,u-gustavo.nguyen,Gustavo Nguyen,13,points,2026-04-16,2026-05-16,ERPMIG-7,ERPMIG-199;ERPMIG-123,2026-04-10T10:26:05Z,2026-05-17T06:13:17Z,2026-05-17T04:41:17Z,td;wave1;mock2
ERPMIG,Aurora ERP: Data Migration & Cutover,ERPMIG-104,Map BOMs to S/4 structure,task,Done,done,u-gustavo.nguyen,Gustavo Nguyen,3,points,2026-04-17,2026-05-24,ERPMIG-1,ERPMIG-10;ERPMFG-156,2026-04-10T13:35:15Z,2026-05-24T06:44:12Z,2026-05-22T19:56:23Z,md;wave1;realize
ERPMIG,Aurora ERP: Data Migration & Cutover,ERPMIG-105,Mock load 1: equipment and functional locations,task,In Review,in_progress,u-laura.schmidt,Laura Schmidt,5,points,,,ERPMIG-4,ERPMIG-160;ERPMIG-97,2026-04-10T13:50:57Z,2026-08-18T12:41:24Z,,md;wave1;mock1
ERPMIG,Aurora ERP: Data Migration & Cutover,ERPMIG-106,Build migration cockpit template: vendor master to Business Partner,task,Closed,done,u-marcus.kim,Marcus Kim,8,points,,2026-05-24,ERPMIG-1,ERPMIG-45,2026-04-10T14:27:42Z,2026-05-26T20:31:23Z,2026-05-24T21:55:49Z,md;wave1;realize
ERPMIG,Aurora ERP: Data Migration & Cutover,ERPMIG-107,Mock load 2: cost centers and profit centers,task,Backlog,todo,u-lucas.singh,Lucas Singh,13,points,,2026-05-15,ERPMIG-3,ERPMIG-147;ERPMIG-86,2026-04-10T14:37:36Z,2026-06-22T11:59:09Z,,md;wave1;mock2
ERPMIG,Aurora ERP: Data Migration & Cutover,ERPMIG-108,Build migration cockpit template: routings,task,Closed,done,u-lucas.singh,Lucas Singh,13,points,,2026-06-15,ERPMIG-1,ERPMIG-110,2026-04-10T16:10:22Z,2026-06-26T03:14:55Z,2026-06-25T15:30:45Z,md;wave1;realize
ERPMIG,Aurora ERP: Data Migration & Cutover,ERPMIG-109,Mock load 2: inventory balances,task,Closed,done,u-isabela.kim,Isabela Kim,8,points,,,ERPMIG-7,ERPMIG-207;ERPMIG-112,2026-04-10T17:54:59Z,2026-06-15T06:12:40Z,2026-06-14T06:34:15Z,td;wave1;mock2
ERPMIG,Aurora ERP: Data Migration & Cutover,ERPMIG-110,Map routings to S/4 structure,task,Closed,done,u-vanessa.reddy,Vanessa Reddy,8,points,,2026-05-24,ERPMIG-1,ERPMIG-12;ERPMFG-112,2026-04-10T23:13:37Z,2026-05-20T18:41:49Z,2026-05-19T14:53:46Z,md;wave1;realize
ERPMIG,Aurora ERP: Data Migration & Cutover,ERPMIG-111,Build migration cockpit template: customer master to Business Partner,task,In Review,in_progress,u-lucas.singh,Lucas Singh,8,points,,2026-05-20,ERPMIG-1,ERPMIG-49,2026-04-11T18:27:07Z,2026-08-20T19:25:37Z,,md;wave1;realize
ERPMIG,Aurora ERP: Data Migration & Cutover,ERPMIG-112,"Cleanse inventory balances (dedupe, mandatory fields)",story,In Progress,in_progress,u-laura.schmidt,Laura Schmidt,3,points,,,ERPMIG-2,ERPMIG-40,2026-04-11T23:33:05Z,2026-08-19T09:51:43Z,,td;wave1;realize
ERPMIG,Aurora ERP: Data Migration & Cutover,ERPMIG-113,Extract open sales orders for plant 1100 Guelph from JDE,task,Ready,todo,u-laura.schmidt,Laura Schmidt,8,points,,2026-05-21,ERPMIG-2,,2026-04-12T05:20:34Z,2026-08-13T15:13:59Z,,td;wave1;realize
ERPMIG,Aurora ERP: Data Migration & Cutover,ERPMIG-114,Map open AR items to S/4 structure,task,Done,done,u-isabela.kim,Isabela Kim,13,points,2026-04-28,2026-06-15,ERPMIG-2,ERPMIG-27;ERPFIN-327,2026-04-14T10:43:34Z,2026-06-20T11:36:15Z,2026-06-18T16:24:52Z,td;wave1;realize
ERPMIG,Aurora ERP: Data Migration & Cutover,ERPMIG-115,Reconcile mock 1: open AP items counts and values,task,Backlog,todo,u-diego.lavoie,Diego Lavoie,8,points,,2026-06-19,ERPMIG-5,ERPMIG-36,2026-04-14T23:01:44Z,2026-07-09T15:50:19Z,,td;wave1;mock1
ERPMIG,Aurora ERP: Data Migration & Cutover,ERPMIG-116,Extract pricing conditions for plant 1100 Guelph from JDE,task,Closed,done,u-lucas.singh,Lucas Singh,13,points,,2026-06-01,ERPMIG-1,,2026-04-15T00:52:48Z,2026-05-28T01:20:03Z,2026-05-27T13:47:09Z,md;wave1;realize
ERPMIG,Aurora ERP: Data Migration & Cutover,ERPMIG-117,Reconcile mock 1: material master counts and values,task,Ready,todo,,,13,points,2026-04-17,2026-05-20,ERPMIG-4,ERPMIG-29,2026-04-15T04:23:43Z,2026-07-13T07:25:34Z,,md;wave1;mock1
ERPMIG,Aurora ERP: Data Migration & Cutover,ERPMIG-118,"Cleanse vendor master to Business Partner for plant 1100 Guelph (dedupe, mandatory fields)",story,Closed,done,u-vanessa.reddy,Vanessa Reddy,5,points,2026-05-02,,ERPMIG-1,ERPMIG-59,2026-04-15T08:24:44Z,2026-06-23T21:41:40Z,2026-06-22T18:51:10Z,md;wave1;realize
ERPMIG,Aurora ERP: Data Migration & Cutover,ERPMIG-119,Build migration cockpit template: open sales orders,task,Closed,done,u-laura.schmidt,Laura Schmidt,13,points,,2026-06-10,ERPMIG-2,ERPMIG-61,2026-04-15T14:41:19Z,2026-06-15T08:18:47Z,2026-06-15T07:03:10Z,td;wave1;realize
ERPMIG,Aurora ERP: Data Migration & Cutover,ERPMIG-120,Defect: pricing conditions wrong currency on 12% of records,bug,In Progress,in_progress,u-lucas.singh,Lucas Singh,5,points,,,ERPMIG-4,,2026-04-15T20:38:16Z,2026-08-17T21:07:44Z,,md;wave1;defect
ERPMIG,Aurora ERP: Data Migration & Cutover,ERPMIG-121,"Cleanse bank master (dedupe, mandatory fields)",story,To Do,todo,,,13,points,,2026-05-29,ERPMIG-1,ERPMIG-22,2026-04-16T07:37:30Z,2026-07-12T21:24:23Z,,md;wave1;realize
ERPMIG,Aurora ERP: Data Migration & Cutover,ERPMIG-122,Extract open AP items for plant 1100 Guelph from JDE,task,Done,done,u-vanessa.fischer,Vanessa Fischer,5,points,,2026-05-30,ERPMIG-2,,2026-04-16T07:39:44Z,2026-05-28T04:34:09Z,2026-05-28T01:33:47Z,td;wave1;realize
ERPMIG,Aurora ERP: Data Migration & Cutover,ERPMIG-123,"Cleanse fixed assets (dedupe, mandatory fields)",story,Done,done,u-gabriela.weber,Gabriela Weber,3,points,,2026-05-23,ERPMIG-2,ERPMIG-51,2026-04-18T00:56:49Z,2026-05-22T00:21:48Z,2026-05-20T03:39:30Z,td;wave1;realize
ERPMIG,Aurora ERP: Data Migration & Cutover,ERPMIG-124,Mock load 2: equipment and functional locations,task,Closed,done,u-isabela.kim,Isabela Kim,1,points,,2026-06-09,ERPMIG-3,ERPMIG-205;ERPMIG-97,2026-04-18T06:33:35Z,2026-06-19T15:16:36Z,,md;wave1;mock2
ERPMIG,Aurora ERP: Data Migration & Cutover,ERPMIG-125,Map GL balances to S/4 structure,task,Closed,done,,,8,points,,2026-06-05,ERPMIG-2,ERPMIG-34;ERPFIN-525,2026-04-18T11:12:35Z,2026-06-15T19:10:17Z,2026-06-15T12:16:04Z,td;wave1;realize
ERPMIG,Aurora ERP: Data Migration & Cutover,ERPMIG-126,"Cleanse BOMs for plant 1100 Guelph (dedupe, mandatory fields)",story,Done,done,u-bruno.reddy,Bruno Reddy,5,points,,2026-06-24,ERPMIG-1,ERPMIG-78,2026-04-18T17:40:14Z,2026-06-28T16:57:59Z,2026-06-27T20:38:03Z,md;wave1;realize
ERPMIG,Aurora ERP: Data Migration & Cutover,ERPMIG-127,"Cleanse customer master to Business Partner for plant 1100 Guelph (dedupe, mandatory fields)",story,Closed,done,u-vanessa.reddy,Vanessa Reddy,5,points,,2026-06-10,ERPMIG-1,ERPMIG-73,2026-04-18T19:28:58Z,2026-06-08T00:03:31Z,2026-06-06T23:46:26Z,md;wave1;realize
ERPMIG,Aurora ERP: Data Migration & Cutover,ERPMIG-128,Map open AP items to S/4 structure,task,To Do,todo,,,5,points,2026-04-29,2026-06-08,ERPMIG-2,ERPMIG-24;ERPFIN-197,2026-04-19T05:40:58Z,2026-06-22T12:00:01Z,,td;wave1;realize
ERPMIG,Aurora ERP: Data Migration & Cutover,ERPMIG-129,Build migration cockpit template: open AP items,task,Backlog,todo,u-vanessa.fischer,Vanessa Fischer,,points,,2026-06-21,ERPMIG-2,ERPMIG-128,2026-04-20T01:50:03Z,2026-06-26T07:54:56Z,,td;wave1;realize
ERPMIG,Aurora ERP: Data Migration & Cutover,ERPMIG-130,Reconcile mock 1: GL balances counts and values,task,Closed,done,u-vanessa.fischer,Vanessa Fischer,2,points,,2026-06-05,ERPMIG-5,ERPMIG-47;ERPMIG-72,2026-04-22T09:24:16Z,2026-06-13T13:13:05Z,2026-06-11T20:30:28Z,td;wave1;mock1
ERPMIG,Aurora ERP: Data Migration & Cutover,ERPMIG-131,Mock load 1: employee master,task,Done,done,u-diego.lavoie,Diego Lavoie,1,points,,2026-06-15,ERPMIG-4,ERPMIG-193;ERPMIG-94,2026-04-22T09:45:35Z,2026-06-22T01:59:16Z,2026-06-21T23:53:35Z,md;wave1;mock1
ERPMIG,Aurora ERP: Data Migration & Cutover,ERPMIG-132,"Cleanse open sales orders for plant 1100 Guelph (dedupe, mandatory fields)",story,In Review,in_progress,u-vanessa.fischer,Vanessa Fischer,13,points,,2026-06-27,ERPMIG-2,ERPMIG-113;ERPMIG-74,2026-04-24T10:52:23Z,2026-08-18T15:25:21Z,,td;wave1;realize
ERPMIG,Aurora ERP: Data Migration & Cutover,ERPMIG-133,Map equipment and functional locations to S/4 structure,task,In Progress,in_progress,u-laura.schmidt,Laura Schmidt,13,points,,2026-06-12,ERPMIG-1,ERPMIG-31;ERPMFG-196,2026-04-24T14:06:41Z,2026-08-13T15:24:14Z,,md;wave1;realize
ERPMIG,Aurora ERP: Data Migration & Cutover,ERPMIG-134,Mock load 1: open purchase orders for plant 1100 Guelph,task,Closed,done,u-vanessa.fischer,Vanessa Fischer,8,points,2026-05-20,2026-06-23,ERPMIG-5,ERPMIG-204;ERPMIG-140,2026-04-24T14:54:36Z,2026-07-01T11:07:02Z,2026-06-30T15:51:45Z,td;wave1;mock1
ERPMIG,Aurora ERP: Data Migration & Cutover,ERPMIG-135,Map bank master to S/4 structure,task,Done,done,u-lucas.singh,Lucas Singh,8,points,,2026-06-14,ERPMIG-1,ERPMIG-22;ERPFIN-416,2026-04-24T20:59:42Z,2026-06-11T21:19:10Z,2026-06-10T17:15:30Z,md;wave1;realize
ERPMIG,Aurora ERP: Data Migration & Cutover,ERPMIG-136,Map employee master to S/4 structure,task,Closed,done,u-lucas.singh,Lucas Singh,5,points,,,ERPMIG-1,ERPMIG-38;ERPHCM-118,2026-04-24T22:33:28Z,2026-06-16T13:40:22Z,2026-06-14T17:08:09Z,md;wave1;realize
ERPMIG,Aurora ERP: Data Migration & Cutover,ERPMIG-137,Mock load 2: open production orders,task,In Progress,in_progress,u-gabriela.weber,Gabriela Weber,1,points,2026-05-07,2026-06-13,ERPMIG-7,ERPMIG-242;ERPMIG-91,2026-04-25T00:26:42Z,2026-08-22T17:17:02Z,2026-08-20T13:14:11Z,td;wave1;mock2
ERPMIG,Aurora ERP: Data Migration & Cutover,ERPMIG-138,Build migration cockpit template: material master,task,Done,done,u-isabela.kim,Isabela Kim,3,points,2026-04-30,2026-05-31,ERPMIG-1,ERPMIG-62,2026-04-25T11:48:34Z,2026-06-07T01:28:20Z,2026-06-06T16:48:55Z,md;wave1;realize
ERPMIG,Aurora ERP: Data Migration & Cutover,ERPMIG-139,"Cleanse material master for plant 1100 Guelph (dedupe, mandatory fields)",story,In Progress,in_progress,u-laura.schmidt,Laura Schmidt,3,points,,2026-06-21,ERPMIG-1,ERPMIG-67,2026-04-25T18:49:33Z,2026-08-17T10:42:49Z,,md;wave1;realize
ERPMIG,Aurora ERP: Data Migration & Cutover,ERPMIG-140,"Cleanse open purchase orders for plant 1100 Guelph (dedupe, mandatory fields)",story,Closed,done,u-isabela.kim,Isabela Kim,3,points,2026-05-07,2026-06-17,ERPMIG-2,ERPMIG-63,2026-04-25T22:23:46Z,2026-06-16T17:04:58Z,2026-06-14T21:57:20Z,td;wave1;realize
ERPMIG,Aurora ERP: Data Migration & Cutover,ERPMIG-141,Build migration cockpit template: open AR items,task,Closed,done,u-vanessa.reddy,Vanessa Reddy,2,points,,2026-06-23,ERPMIG-2,ERPMIG-114,2026-04-26T09:47:10Z,2026-07-01T16:07:35Z,2026-06-30T15:51:29Z,td;wave1;realize
ERPMIG,Aurora ERP: Data Migration & Cutover,ERPMIG-142,"Cleanse routings for plant 1100 Guelph (dedupe, mandatory fields)",story,In Review,in_progress,u-laura.schmidt,Laura Schmidt,8,points,,2026-06-27,ERPMIG-1,ERPMIG-85,2026-04-26T18:07:02Z,2026-08-24T00:00:00Z,,md;wave1;realize
ERPMIG,Aurora ERP: Data Migration & Cutover,ERPMIG-143,Reconcile mock 1: routings counts and values,task,Done,done,u-bruno.reddy,Bruno Reddy,5,points,,2026-06-12,ERPMIG-4,ERPMIG-42,2026-04-26T19:35:32Z,2026-06-21T14:28:45Z,2026-06-21T05:15:17Z,md;wave1;mock1
ERPMIG,Aurora ERP: Data Migration & Cutover,ERPMIG-144,Map open production orders to S/4 structure,task,Backlog,todo,,,,points,,,ERPMIG-2,ERPMIG-74;ERPMFG-245,2026-04-27T02:02:26Z,2026-08-22T20:22:26Z,,td;wave1;realize
ERPMIG,Aurora ERP: Data Migration & Cutover,ERPMIG-145,Build migration cockpit template: GL balances,task,Done,done,u-gabriela.weber,Gabriela Weber,8,points,,2026-06-19,ERPMIG-2,ERPMIG-125,2026-04-27T04:55:34Z,2026-06-27T06:23:06Z,2026-06-25T17:14:16Z,td;wave1;realize
ERPMIG,Aurora ERP: Data Migration & Cutover,ERPMIG-146,Reconcile mock 1: open AR items counts and values,task,Closed,done,u-victor.sharma,Victor Sharma,1,points,,2026-06-26,ERPMIG-5,ERPMIG-44,2026-04-28T11:22:29Z,2026-07-08T13:51:52Z,2026-07-07T06:59:29Z,td;wave1;mock1
ERPMIG,Aurora ERP: Data Migration & Cutover,ERPMIG-147,Reconcile mock 1: cost centers and profit centers counts and values,task,Closed,done,u-vanessa.reddy,Vanessa Reddy,1,points,,2026-06-28,ERPMIG-4,ERPMIG-55,2026-04-28T22:15:17Z,2026-06-29T07:19:42Z,,md;wave1;mock1
ERPMIG,Aurora ERP: Data Migration & Cutover,ERPMIG-148,Map vendor master to Business Partner for plant 1100 Guelph to S/4 structure,task,Closed,done,u-vanessa.reddy,Vanessa Reddy,3,points,,2026-06-30,ERPMIG-1,ERPMIG-59;ERPFIN-300,2026-04-29T03:19:59Z,2026-07-11T14:11:57Z,2026-07-11T00:52:24Z,md;wave1;realize
ERPMIG,Aurora ERP: Data Migration & Cutover,ERPMIG-149,Build migration cockpit template: pricing conditions,task,Done,done,u-marcus.kim,Marcus Kim,3,points,,2026-06-12,ERPMIG-1,ERPMIG-80,2026-04-29T15:58:45Z,2026-06-18T13:23:57Z,2026-06-17T11:29:51Z,md;wave1;realize
ERPMIG,Aurora ERP: Data Migration & Cutover,ERPMIG-150,Mock load 1: open production orders,task,Backlog,todo,u-lucas.singh,Lucas Singh,13,points,,2026-06-18,ERPMIG-5,ERPMIG-197;ERPMIG-91,2026-04-29T22:59:10Z,2026-06-02T10:33:39Z,,td;wave1;mock1
ERPMIG,Aurora ERP: Data Migration & Cutover,ERPMIG-151,Reconcile mock 2: BOMs counts and values,task,Closed,done,u-lucas.singh,Lucas Singh,,points,,2026-06-15,ERPMIG-3,ERPMIG-37,2026-04-30T13:34:08Z,2026-06-18T06:47:25Z,2026-06-16T17:33:34Z,md;wave1;mock2
ERPMIG,Aurora ERP: Data Migration & Cutover,ERPMIG-152,Reconcile mock 1: pricing conditions counts and values,task,Blocked,in_progress,u-vanessa.fischer,Vanessa Fischer,,points,,2026-06-21,ERPMIG-4,ERPMIG-41;ERPMIG-120,2026-04-30T21:35:06Z,2026-08-14T12:12:41Z,,md;wave1;mock1
ERPMIG,Aurora ERP: Data Migration & Cutover,ERPMIG-153,"Cleanse cost centers and profit centers for plant 1100 Guelph (dedupe, mandatory fields)",story,Closed,done,u-laura.schmidt,Laura Schmidt,1,points,,2026-07-07,ERPMIG-1,ERPMIG-84,2026-05-01T23:14:43Z,2026-07-13T17:52:07Z,2026-07-13T12:51:34Z,md;wave1;realize
ERPMIG,Aurora ERP: Data Migration & Cutover,ERPMIG-154,Map material master for plant 1100 Guelph to S/4 structure,task,Done,done,u-bruno.reddy,Bruno Reddy,3,points,,2026-07-11,ERPMIG-1,ERPMIG-67;ERPFIN-182,2026-05-02T01:36:11Z,2026-07-23T09:27:51Z,2026-07-21T10:40:39Z,md;wave1;realize
ERPMIG,Aurora ERP: Data Migration & Cutover,ERPMIG-155,Reconcile mock 2: open AR items counts and values,task,Ready,todo,u-gustavo.nguyen,Gustavo Nguyen,8,points,,2026-06-20,ERPMIG-7,ERPMIG-66,2026-05-03T05:02:45Z,2026-05-03T05:02:45Z,,td;wave1;mock2
ERPMIG,Aurora ERP: Data Migration & Cutover,ERPMIG-156,Map inventory balances to S/4 structure,task,Done,done,u-marcus.kim,Marcus Kim,5,points,2026-05-13,2026-06-17,ERPMIG-2,ERPMIG-40;ERPSCM-197,2026-05-04T06:38:57Z,2026-06-27T00:17:03Z,2026-06-25T07:36:01Z,td;wave1;realize
ERPMIG,Aurora ERP: Data Migration & Cutover,ERPMIG-157,Map open sales orders for plant 1100 Guelph to S/4 structure,task,Closed,done,u-vanessa.fischer,Vanessa Fischer,3,points,,2026-07-18,ERPMIG-2,ERPMIG-113;ERPFIN-236,2026-05-04T08:48:45Z,2026-07-29T10:57:11Z,2026-07-28T12:34:01Z,td;wave1;realize
ERPMIG,Aurora ERP: Data Migration & Cutover,ERPMIG-158,Mock load 2: open purchase orders for plant 1100 Guelph,task,In Progress,in_progress,u-isabela.kim,Isabela Kim,2,points,,2026-06-23,ERPMIG-7,ERPMIG-265;ERPMIG-140,2026-05-04T12:46:30Z,2026-07-09T10:10:42Z,,td;wave1;mock2
ERPMIG,Aurora ERP: Data Migration & Cutover,ERPMIG-159,Map fixed assets to S/4 structure,task,Closed,done,u-bruno.reddy,Bruno Reddy,1,points,,2026-06-12,,ERPMIG-51;ERPFIN-161,2026-05-05T01:33:48Z,2026-06-11T21:07:52Z,2026-06-10T08:57:18Z,td;wave1;realize
ERPMIG,Aurora ERP: Data Migration & Cutover,ERPMIG-160,Build migration cockpit template: equipment and functional locations,task,Closed,done,u-gustavo.nguyen,Gustavo Nguyen,2,points,2026-05-22,2026-07-06,ERPMIG-1,ERPMIG-133,2026-05-05T18:18:27Z,2026-07-03T15:23:08Z,2026-07-02T08:44:22Z,md;wave1;realize
ERPMIG,Aurora ERP: Data Migration & Cutover,ERPMIG-161,Mock load 1: customer master to Business Partner for plant 1100 Guelph,task,Backlog,todo,,,5,points,,2026-06-21,,ERPMIG-182;ERPMIG-127,2026-05-06T17:48:33Z,2026-08-02T12:02:41Z,,md;wave1;mock1
ERPMIG,Aurora ERP: Data Migration & Cutover,ERPMIG-162,Reconcile mock 2: open AP items counts and values,task,Closed,done,u-lucas.singh,Lucas Singh,13,points,,2026-06-17,ERPMIG-7,ERPMIG-54;ERPMIG-95;ERPMIG-291,2026-05-06T18:18:10Z,2026-06-17T05:08:27Z,2026-06-16T17:07:44Z,td;wave1;mock2
ERPMIG,Aurora ERP: Data Migration & Cutover,ERPMIG-163,Mock load 1: vendor master to Business Partner for plant 1100 Guelph,task,Closed,done,u-vanessa.fischer,Vanessa Fischer,2,points,,2026-07-03,ERPMIG-4,ERPMIG-192;ERPMIG-118;ERPMIG-178,2026-05-07T02:05:05Z,2026-07-06T23:42:07Z,2026-07-06T20:16:11Z,md;wave1;mock1
ERPMIG,Aurora ERP: Data Migration & Cutover,ERPMIG-164,Extract fixed assets for plant 1100 Guelph from JDE,task,Closed,done,u-bruno.reddy,Bruno Reddy,3,points,,2026-06-10,ERPMIG-2,,2026-05-07T07:43:17Z,2026-06-15T21:02:54Z,2026-06-14T06:00:48Z,td;wave1;realize
ERPMIG,Aurora ERP: Data Migration & Cutover,ERPMIG-165,Map open purchase orders for plant 1100 Guelph to S/4 structure,task,Done,done,u-laura.schmidt,Laura Schmidt,3,points,,2026-07-07,ERPMIG-2,ERPMIG-63;ERPFIN-734,2026-05-07T16:56:48Z,2026-07-10T09:03:25Z,2026-07-08T16:57:09Z,td;wave1;realize
ERPMIG,Aurora ERP: Data Migration & Cutover,ERPMIG-166,Map customer master to Business Partner for plant 1100 Guelph to S/4 structure,task,Closed,done,u-isabela.kim,Isabela Kim,,points,,2026-07-02,ERPMIG-1,ERPMIG-73;ERPFIN-476,2026-05-08T09:57:55Z,2026-07-02T20:25:53Z,,md;wave1;realize
ERPMIG,Aurora ERP: Data Migration & Cutover,ERPMIG-167,Mock load 2: employee master,task,Backlog,todo,u-vanessa.fischer,Vanessa Fischer,3,points,,2026-06-21,ERPMIG-3,ERPMIG-233;ERPMIG-94,2026-05-08T14:54:52Z,2026-07-02T20:45:55Z,,md;wave1;mock2
ERPMIG,Aurora ERP: Data Migration & Cutover,ERPMIG-168,Mock load 2: customer master to Business Partner for plant 1100 Guelph,task,Done,done,u-vanessa.fischer,Vanessa Fischer,8,points,,,ERPMIG-3,ERPMIG-250;ERPMIG-127,2026-05-09T10:13:08Z,2026-06-29T20:47:47Z,2026-06-28T04:41:27Z,md;wave1;mock2
ERPMIG,Aurora ERP: Data Migration & Cutover,ERPMIG-169,Mock load 2: open sales orders for plant 1100 Guelph,task,Closed,done,u-isabela.kim,Isabela Kim,8,points,2026-06-03,2026-07-09,ERPMIG-7,ERPMIG-280;ERPMIG-132,2026-05-09T17:40:03Z,2026-07-08T11:39:05Z,2026-07-06T12:37:11Z,td;wave1;mock2
ERPMIG,Aurora ERP: Data Migration & Cutover,ERPMIG-170,Defect: inventory balances unit of measure mismatch,bug,Closed,done,u-victor.sharma,Victor Sharma,5,points,,2026-07-05,ERPMIG-5,,2026-05-09T19:24:39Z,2026-07-09T08:22:21Z,2026-07-07T09:40:06Z,td;wave1;defect
ERPMIG,Aurora ERP: Data Migration & Cutover,ERPMIG-171,"Cleanse bank master for plant 1100 Guelph (dedupe, mandatory fields)",story,Closed,done,u-victor.sharma,Victor Sharma,13,points,,2026-07-15,ERPMIG-1,ERPMIG-88,2026-05-10T06:40:21Z,2026-07-17T00:58:17Z,2026-07-16T14:30:13Z,md;wave1;realize
ERPMIG,Aurora ERP: Data Migration & Cutover,ERPMIG-172,Build migration cockpit template: cost centers and profit centers,task,In Review,in_progress,u-vanessa.fischer,Vanessa Fischer,13,points,2026-05-15,2026-06-18,ERPMIG-1,ERPMIG-99,2026-05-11T14:49:40Z,2026-08-17T09:23:30Z,,md;wave1;realize
ERPMIG,Aurora ERP: Data Migration & Cutover,ERPMIG-173,Mock load 1: material master for plant 1100 Guelph,task,Closed,done,u-vanessa.fischer,Vanessa Fischer,8,points,2026-06-03,2026-07-10,ERPMIG-4,ERPMIG-185;ERPMIG-139,2026-05-12T02:22:32Z,2026-07-12T15:39:54Z,2026-07-11T05:37:13Z,md;wave1;mock1
ERPMIG,Aurora ERP: Data Migration & Cutover,ERPMIG-174,Build migration cockpit template: bank master,task,Closed,done,u-gustavo.nguyen,Gustavo Nguyen,13,points,,2026-06-29,ERPMIG-1,ERPMIG-135,2026-05-13T04:39:48Z,2026-07-03T02:02:36Z,2026-07-01T19:09:47Z,md;wave1;realize
ERPMIG,Aurora ERP: Data Migration & Cutover,ERPMIG-175,Reconcile mock 1: bank master counts and values,task,Done,done,u-lucas.singh,Lucas Singh,1,points,2026-06-08,2026-07-17,ERPMIG-4,ERPMIG-82,2026-05-13T08:32:27Z,2026-07-14T15:02:34Z,2026-07-13T06:56:09Z,md;wave1;mock1
ERPMIG,Aurora ERP: Data Migration & Cutover,ERPMIG-176,Map routings for plant 1100 Guelph to S/4 structure,task,Blocked,in_progress,u-marcus.kim,Marcus Kim,8,points,,2026-07-14,ERPMIG-1,ERPMIG-85;ERPFIN-410,2026-05-13T22:30:27Z,2026-07-26T15:31:10Z,,md;wave1;realize
ERPMIG,Aurora ERP: Data Migration & Cutover,ERPMIG-177,Mock load 2: vendor master to Business Partner for plant 1100 Guelph,task,Closed,done,u-bruno.reddy,Bruno Reddy,1,points,,2026-07-12,ERPMIG-3,ERPMIG-251;ERPMIG-118,2026-05-14T05:19:19Z,2026-07-10T20:14:35Z,2026-07-09T22:36:28Z,md;wave1;mock2
ERPMIG,Aurora ERP: Data Migration & Cutover,ERPMIG-178,"Cleanse pricing conditions for plant 1100 Guelph (dedupe, mandatory fields)",story,Done,done,u-lucas.singh,Lucas Singh,5,points,,2026-07-07,ERPMIG-1,ERPMIG-116,2026-05-14T11:55:44Z,2026-07-08T10:12:25Z,2026-07-07T16:38:35Z,md;wave1;realize
ERPMIG,Aurora ERP: Data Migration & Cutover,ERPMIG-179,Reconcile mock 2: routings counts and values,task,Backlog,todo,,,2,points,,2026-06-16,ERPMIG-3,ERPMIG-48,2026-05-15T04:17:34Z,2026-08-09T13:27:17Z,,md;wave1;mock2
ERPMIG,Aurora ERP: Data Migration & Cutover,ERPMIG-180,Reconcile mock 2: pricing conditions counts and values,task,Done,done,u-laura.schmidt,Laura Schmidt,8,points,,2026-06-25,ERPMIG-3,ERPMIG-43,2026-05-16T02:02:12Z,2026-06-28T06:12:44Z,2026-06-27T04:09:58Z,md;wave1;mock2
ERPMIG,Aurora ERP: Data Migration & Cutover,ERPMIG-181,Defect: equipment and functional locations duplicate keys after dedupe,bug,In Review,in_progress,u-isabela.kim,Isabela Kim,5,points,,2026-07-16,ERPMIG-3,,2026-05-16T08:54:27Z,2026-08-18T09:01:25Z,,md;wave1;defect
ERPMIG,Aurora ERP: Data Migration & Cutover,ERPMIG-182,Build migration cockpit template: customer master to Business Partner for plant 1100 Guelph,task,Done,done,u-isabela.kim,Isabela Kim,8,points,,2026-07-21,,ERPMIG-166,2026-05-17T22:32:31Z,2026-07-28T08:52:51Z,2026-07-27T04:17:48Z,md;wave1;realize
ERPMIG,Aurora ERP: Data Migration & Cutover,ERPMIG-183,Defect: fixed assets duplicate keys after dedupe,bug,Closed,done,u-lucas.singh,Lucas Singh,3,points,,2026-06-24,ERPMIG-5,,2026-05-18T21:42:10Z,2026-06-24T09:20:30Z,2026-06-24T08:13:34Z,td;wave1;defect
ERPMIG,Aurora ERP: Data Migration & Cutover,ERPMIG-184,Mock load 1: BOMs for plant 1100 Guelph,task,Closed,done,u-isabela.kim,Isabela Kim,3,points,,2026-07-20,,ERPMIG-234;ERPMIG-126,2026-05-18T21:50:04Z,2026-07-19T16:25:12Z,2026-07-19T13:36:46Z,md;wave1;mock1
ERPMIG,Aurora ERP: Data Migration & Cutover,ERPMIG-185,Build migration cockpit template: material master for plant 1100 Guelph,task,Done,done,u-lucas.singh,Lucas Singh,3,points,,,ERPMIG-1,ERPMIG-154,2026-05-20T05:11:21Z,2026-07-19T09:24:08Z,2026-07-19T02:21:11Z,md;wave1;realize
ERPMIG,Aurora ERP: Data Migration & Cutover,ERPMIG-186,Map pricing conditions for plant 1100 Guelph to S/4 structure,task,In Review,in_progress,u-gustavo.nguyen,Gustavo Nguyen,1,points,,2026-07-28,ERPMIG-1,ERPMIG-116;ERPFIN-316,2026-05-20T15:14:29Z,2026-06-20T15:17:49Z,,md;wave1;realize
ERPMIG,Aurora ERP: Data Migration & Cutover,ERPMIG-187,Reconcile mock 2: cost centers and profit centers counts and values,task,To Do,todo,,,3,points,2026-06-03,2026-07-18,ERPMIG-3,ERPMIG-107,2026-05-21T01:23:26Z,2026-06-29T07:26:56Z,,md;wave1;mock2
ERPMIG,Aurora ERP: Data Migration & Cutover,ERPMIG-188,Mock load 1: open sales orders for plant 1100 Guelph,task,In Progress,in_progress,u-lucas.singh,Lucas Singh,3,points,2026-06-06,2026-07-09,,ERPMIG-230;ERPMIG-132,2026-05-21T19:10:31Z,2026-08-17T15:21:40Z,,td;wave1;mock1
ERPMIG,Aurora ERP: Data Migration & Cutover,ERPMIG-189,Build migration cockpit template: inventory balances,task,Done,done,u-vanessa.fischer,Vanessa Fischer,2,points,,2026-07-07,ERPMIG-2,ERPMIG-156,2026-05-22T11:22:57Z,2026-07-07T07:53:45Z,2026-07-06T10:10:46Z,td;wave1;realize
ERPMIG,Aurora ERP: Data Migration & Cutover,ERPMIG-190,Defect: bank master duplicate keys after dedupe,bug,Closed,done,u-gustavo.nguyen,Gustavo Nguyen,5,points,,2026-07-04,ERPMIG-3,,2026-05-22T18:32:53Z,2026-07-11T18:12:10Z,2026-07-10T22:58:27Z,md;wave1;defect
ERPMIG,Aurora ERP: Data Migration & Cutover,ERPMIG-191,"Cleanse GL balances for plant 1100 Guelph (dedupe, mandatory fields)",story,Done,done,u-diego.lavoie,Diego Lavoie,1,points,,2026-07-06,ERPMIG-2,ERPMIG-90,2026-05-23T02:19:32Z,2026-07-03T08:42:20Z,2026-07-03T03:25:10Z,td;wave1;realize
ERPMIG,Aurora ERP: Data Migration & Cutover,ERPMIG-192,Build migration cockpit template: vendor master to Business Partner for plant 1100 Guelph,task,Done,done,u-marcus.kim,Marcus Kim,5,points,,2026-07-14,ERPMIG-1,ERPMIG-148,2026-05-23T12:59:31Z,2026-07-11T15:45:47Z,2026-07-11T12:21:55Z,md;wave1;realize
ERPMIG,Aurora ERP: Data Migration & Cutover,ERPMIG-193,Build migration cockpit template: employee master,task,Done,done,u-vanessa.fischer,Vanessa Fischer,2,points,2026-05-31,2026-07-02,ERPMIG-1,ERPMIG-136,2026-05-25T10:41:02Z,2026-07-13T10:25:05Z,2026-07-12T05:10:24Z,md;wave1;realize
ERPMIG,Aurora ERP: Data Migration & Cutover,ERPMIG-194,"Cleanse open AP items for plant 1100 Guelph (dedupe, mandatory fields)",story,Ready,todo,,,2,points,,2026-07-12,ERPMIG-2,ERPMIG-122,2026-05-26T06:09:18Z,2026-07-10T08:37:58Z,,td;wave1;realize
ERPMIG,Aurora ERP: Data Migration & Cutover,ERPMIG-195,Map bank master for plant 1100 Guelph to S/4 structure,task,To Do,todo,,,5,points,,2026-07-25,ERPMIG-1,ERPMIG-88;ERPFIN-670,2026-05-26T20:25:26Z,2026-07-14T08:53:28Z,,md;wave1;realize
ERPMIG,Aurora ERP: Data Migration & Cutover,ERPMIG-196,Map GL balances for plant 1100 Guelph to S/4 structure,task,Done,done,u-gabriela.weber,Gabriela Weber,5,points,,2026-07-21,ERPMIG-2,ERPMIG-90;ERPFIN-670,2026-05-27T07:05:41Z,2026-07-18T12:52:43Z,2026-07-17T22:32:46Z,td;wave1;realize
ERPMIG,Aurora ERP: Data Migration & Cutover,ERPMIG-197,Build migration cockpit template: open production orders,task,Done,done,u-gustavo.nguyen,Gustavo Nguyen,1,points,,2026-07-17,ERPMIG-2,ERPMIG-144,2026-05-27T16:33:20Z,2026-07-28T19:19:59Z,2026-07-27T13:30:37Z,td;wave1;realize
ERPMIG,Aurora ERP: Data Migration & Cutover,ERPMIG-198,Build migration cockpit template: fixed assets,task,Done,done,u-lucas.singh,Lucas Singh,2,points,,2026-07-13,ERPMIG-2,ERPMIG-159,2026-05-28T05:19:33Z,2026-07-11T04:49:50Z,2026-07-10T23:15:36Z,td;wave1;realize
ERPMIG,Aurora ERP: Data Migration & Cutover,ERPMIG-199,Reconcile mock 1: fixed assets counts and values,task,To Do,todo,u-victor.sharma,Victor Sharma,,points,,,ERPMIG-5,ERPMIG-101;ERPMIG-183,2026-05-28T12:12:56Z,2026-05-28T12:12:56Z,,td;wave1;mock1
ERPMIG,Aurora ERP: Data Migration & Cutover,ERPMIG-200,Reconcile mock 2: fixed assets counts and values,task,To Do,todo,u-marcus.kim,Marcus Kim,8,points,2026-06-01,2026-07-06,ERPMIG-7,ERPMIG-103,2026-05-28T16:08:47Z,2026-06-29T09:22:17Z,,td;wave1;mock2
ERPMIG,Aurora ERP: Data Migration & Cutover,ERPMIG-201,Map BOMs for plant 1100 Guelph to S/4 structure,task,To Do,todo,,,8,points,,,ERPMIG-1,ERPMIG-78;ERPFIN-410,2026-05-28T22:40:17Z,2026-08-05T17:21:03Z,,md;wave1;realize
ERPMIG,Aurora ERP: Data Migration & Cutover,ERPMIG-202,"Cleanse fixed assets for plant 1100 Guelph (dedupe, mandatory fields)",story,In Progress,in_progress,u-diego.lavoie,Diego Lavoie,8,points,,2026-07-16,ERPMIG-2,ERPMIG-164,2026-05-29T23:34:34Z,2026-08-14T08:53:29Z,,td;wave1;realize
ERPMIG,Aurora ERP: Data Migration & Cutover,ERPMIG-203,Mock load 1: routings for plant 1100 Guelph,task,Done,done,u-isabela.kim,Isabela Kim,5,points,,2026-07-23,ERPMIG-4,ERPMIG-226;ERPMIG-142,2026-05-30T21:56:06Z,2026-07-27T19:25:40Z,2026-07-26T09:02:19Z,md;wave1;mock1
ERPMIG,Aurora ERP: Data Migration & Cutover,ERPMIG-204,Build migration cockpit template: open purchase orders for plant 1100 Guelph,task,Done,done,u-bruno.reddy,Bruno Reddy,2,points,,2026-08-01,ERPMIG-2,ERPMIG-165,2026-05-31T06:17:30Z,2026-08-02T21:26:45Z,2026-08-01T23:31:06Z,td;wave1;realize
ERPMIG,Aurora ERP: Data Migration & Cutover,ERPMIG-205,Reconcile mock 1: equipment and functional locations counts and values,task,Closed,done,u-gabriela.weber,Gabriela Weber,13,points,,2026-07-25,ERPMIG-4,ERPMIG-105,2026-05-31T12:06:44Z,2026-08-04T17:00:03Z,2026-08-03T08:13:26Z,md;wave1;mock1
ERPMIG,Aurora ERP: Data Migration & Cutover,ERPMIG-206,TD: mock load 3,epic,In Progress,in_progress,u-lucas.singh,Lucas Singh,,points,2026-07-15,2026-09-24,,,2026-06-01T09:16:47Z,2026-08-10T00:00:00Z,,td;wave1;mock3
ERPMIG,Aurora ERP: Data Migration & Cutover,ERPMIG-207,Reconcile mock 1: inventory balances counts and values,task,Done,done,u-isabela.kim,Isabela Kim,3,points,2026-06-15,2026-07-27,,ERPMIG-76;ERPMIG-170,2026-06-01T23:36:14Z,2026-07-31T07:15:07Z,2026-07-30T11:26:31Z,td;wave1;mock1
ERPMIG,Aurora ERP: Data Migration & Cutover,ERPMIG-208,Mock load 1: open AP items for plant 1100 Guelph,task,Closed,done,u-laura.schmidt,Laura Schmidt,2,points,,2026-08-10,ERPMIG-5,ERPMIG-240;ERPMIG-194,2026-06-02T19:51:03Z,2026-08-11T01:45:49Z,2026-08-09T20:17:46Z,td;wave1;mock1
ERPMIG,Aurora ERP: Data Migration & Cutover,ERPMIG-209,Mock load 1: pricing conditions for plant 1100 Guelph,task,In Progress,in_progress,u-bruno.reddy,Bruno Reddy,,points,,2026-08-05,ERPMIG-4,ERPMIG-239;ERPMIG-178,2026-06-04T01:18:28Z,2026-08-15T09:27:44Z,,md;wave1;mock1
ERPMIG,Aurora ERP: Data Migration & Cutover,ERPMIG-210,"Cleanse open AR items for plant 1100 Guelph (dedupe, mandatory fields)",story,Done,done,u-bruno.reddy,Bruno Reddy,3,points,,,ERPMIG-2,ERPMIG-98,2026-06-05T11:49:04Z,2026-07-18T00:34:04Z,2026-07-16T09:37:24Z,td;wave1;realize
ERPMIG,Aurora ERP: Data Migration & Cutover,ERPMIG-211,Mock load 2: routings for plant 1100 Guelph,task,Done,done,u-lucas.singh,Lucas Singh,13,points,,2026-08-06,ERPMIG-3,ERPMIG-269;ERPMIG-142,2026-06-05T11:55:21Z,2026-08-16T23:27:19Z,2026-08-16T23:23:53Z,md;wave1;mock2
ERPMIG,Aurora ERP: Data Migration & Cutover,ERPMIG-212,Reconcile mock 2: inventory balances counts and values,task,In Progress,in_progress,u-lucas.singh,Lucas Singh,2,points,2026-06-11,2026-07-24,ERPMIG-7,ERPMIG-109,2026-06-05T17:24:08Z,2026-08-24T00:00:00Z,,td;wave1;mock2
ERPMIG,Aurora ERP: Data Migration & Cutover,ERPMIG-213,Build migration cockpit template: GL balances for plant 1100 Guelph,task,Closed,done,u-gustavo.nguyen,Gustavo Nguyen,8,points,,2026-08-10,ERPMIG-2,ERPMIG-196,2026-06-05T21:30:57Z,2026-08-18T20:41:46Z,2026-08-17T17:34:44Z,td;wave1;realize
ERPMIG,Aurora ERP: Data Migration & Cutover,ERPMIG-214,Build migration cockpit template: cost centers and profit centers for plant 1100 Guelph,task,In Review,in_progress,u-isabela.kim,Isabela Kim,2,points,2026-07-04,2026-08-13,ERPMIG-1,ERPMIG-218,2026-06-07T04:50:27Z,2026-08-24T00:00:00Z,,md;wave1;realize
ERPMIG,Aurora ERP: Data Migration & Cutover,ERPMIG-215,Mock load 2: GL balances for plant 1100 Guelph,task,To Do,todo,,,5,points,,2026-07-13,ERPMIG-7,ERPMIG-284;ERPMIG-191,2026-06-07T10:03:44Z,2026-07-26T11:53:28Z,,td;wave1;mock2
ERPMIG,Aurora ERP: Data Migration & Cutover,ERPMIG-216,Mock load 2: material master for plant 1100 Guelph,task,In Review,in_progress,u-lucas.singh,Lucas Singh,5,points,,2026-07-18,ERPMIG-3,ERPMIG-274;ERPMIG-139,2026-06-07T18:55:41Z,2026-08-18T15:50:16Z,,md;wave1;mock2
ERPMIG,Aurora ERP: Data Migration & Cutover,ERPMIG-217,Mock load 2: open AP items for plant 1100 Guelph,task,Closed,done,u-vanessa.reddy,Vanessa Reddy,8,points,,2026-07-31,ERPMIG-7,ERPMIG-286;ERPMIG-194,2026-06-08T00:57:10Z,2026-08-05T03:21:54Z,2026-08-04T06:45:53Z,td;wave1;mock2
ERPMIG,Aurora ERP: Data Migration & Cutover,ERPMIG-218,Map cost centers and profit centers for plant 1100 Guelph to S/4 structure,task,Done,done,u-laura.schmidt,Laura Schmidt,8,points,,2026-07-19,ERPMIG-1,ERPMIG-84;ERPFIN-485,2026-06-09T04:48:33Z,2026-07-16T06:30:06Z,2026-07-15T06:06:33Z,md;wave1;realize
ERPMIG,Aurora ERP: Data Migration & Cutover,ERPMIG-219,Defect: employee master duplicate keys after dedupe,bug,Closed,done,u-vanessa.fischer,Vanessa Fischer,5,points,,2026-07-30,ERPMIG-3,,2026-06-10T02:18:29Z,2026-07-30T13:45:35Z,2026-07-30T11:22:41Z,md;wave1;defect
ERPMIG,Aurora ERP: Data Migration & Cutover,ERPMIG-220,Defect: open purchase orders for plant 1100 Guelph wrong currency on 12% of records,bug,Closed,done,u-lucas.singh,Lucas Singh,3,points,,2026-07-26,ERPMIG-7,,2026-06-10T10:46:09Z,2026-07-23T07:04:06Z,2026-07-22T00:48:54Z,td;wave1;defect
ERPMIG,Aurora ERP: Data Migration & Cutover,ERPMIG-221,Mock load 2: BOMs for plant 1100 Guelph,task,Done,done,u-victor.sharma,Victor Sharma,5,points,2026-06-21,,ERPMIG-3,ERPMIG-293;ERPMIG-126,2026-06-10T14:22:32Z,2026-07-29T22:45:15Z,2026-07-28T10:04:52Z,md;wave1;mock2
ERPMIG,Aurora ERP: Data Migration & Cutover,ERPMIG-222,Mock load 2: open AR items for plant 1100 Guelph,task,In Progress,in_progress,u-gabriela.weber,Gabriela Weber,3,points,2026-07-02,2026-08-03,ERPMIG-7,ERPMIG-331;ERPMIG-210,2026-06-11T18:19:03Z,2026-08-16T11:12:57Z,,td;wave1;mock2
ERPMIG,Aurora ERP: Data Migration & Cutover,ERPMIG-223,Reconcile mock 2: bank master counts and values,task,Blocked,in_progress,u-bruno.reddy,Bruno Reddy,8,points,,2026-07-28,ERPMIG-3,ERPMIG-68;ERPMIG-190,2026-06-12T09:31:00Z,2026-08-12T20:41:28Z,,md;wave1;mock2
ERPMIG,Aurora ERP: Data Migration & Cutover,ERPMIG-224,Reconcile mock 2: equipment and functional locations counts and values,task,Done,done,u-gustavo.nguyen,Gustavo Nguyen,3,points,,2026-08-05,ERPMIG-3,ERPMIG-124;ERPMIG-181,2026-06-12T18:59:46Z,2026-08-17T23:30:42Z,2026-08-16T13:03:20Z,md;wave1;mock2
ERPMIG,Aurora ERP: Data Migration & Cutover,ERPMIG-225,Reconcile mock 2: open production orders counts and values,task,Closed,done,u-vanessa.reddy,Vanessa Reddy,8,points,,2026-07-26,ERPMIG-7,ERPMIG-137,2026-06-13T07:45:31Z,2026-07-26T05:39:48Z,2026-07-24T15:26:34Z,td;wave1;mock2
ERPMIG,Aurora ERP: Data Migration & Cutover,ERPMIG-226,Build migration cockpit template: routings for plant 1100 Guelph,task,Done,done,u-lucas.singh,Lucas Singh,3,points,,2026-07-31,ERPMIG-1,ERPMIG-176,2026-06-13T09:43:32Z,2026-07-30T00:09:52Z,2026-07-28T22:29:09Z,md;wave1;realize
ERPMIG,Aurora ERP: Data Migration & Cutover,ERPMIG-227,MD: mock load 3,epic,Blocked,in_progress,u-isabela.kim,Isabela Kim,,points,2026-07-06,,,,2026-06-13T13:38:49Z,2026-08-20T00:00:00Z,,md;wave1;mock3
ERPMIG,Aurora ERP: Data Migration & Cutover,ERPMIG-228,Mock load 1: GL balances for plant 1100 Guelph,task,To Do,todo,u-isabela.kim,Isabela Kim,8,points,,2026-07-29,ERPMIG-5,ERPMIG-213;ERPMIG-191,2026-06-13T20:46:11Z,2026-06-13T20:46:11Z,,td;wave1;mock1
ERPMIG,Aurora ERP: Data Migration & Cutover,ERPMIG-229,Mock load 3: customer master to Business Partner,task,In Progress,in_progress,u-laura.schmidt,Laura Schmidt,1,points,2026-07-06,2026-07-21,,ERPMIG-100;ERPMIG-21,2026-06-14T09:27:03Z,2026-08-17T15:38:29Z,,md;wave1;mock3
ERPMIG,Aurora ERP: Data Migration & Cutover,ERPMIG-230,Build migration cockpit template: open sales orders for plant 1100 Guelph,task,Done,done,u-laura.schmidt,Laura Schmidt,2,points,,2026-07-25,ERPMIG-2,ERPMIG-157,2026-06-14T14:55:26Z,2026-07-28T22:04:02Z,2026-07-27T18:49:05Z,td;wave1;realize
ERPMIG,Aurora ERP: Data Migration & Cutover,ERPMIG-231,Build migration cockpit template: bank master for plant 1100 Guelph,task,Blocked,in_progress,u-vanessa.fischer,Vanessa Fischer,8,points,2026-07-10,,,ERPMIG-195,2026-06-15T10:21:14Z,2026-08-21T18:40:44Z,,md;wave1;realize
ERPMIG,Aurora ERP: Data Migration & Cutover,ERPMIG-232,Map open AR items for plant 1100 Guelph to S/4 structure,task,In Progress,in_progress,u-laura.schmidt,Laura Schmidt,13,points,,2026-08-09,ERPMIG-2,ERPMIG-98;ERPFIN-345,2026-06-16T17:25:44Z,2026-07-24T07:35:17Z,,td;wave1;realize
ERPMIG,Aurora ERP: Data Migration & Cutover,ERPMIG-233,Reconcile mock 1: employee master counts and values,task,Done,done,u-lucas.singh,Lucas Singh,2,points,2026-06-19,2026-08-02,ERPMIG-4,ERPMIG-131,2026-06-16T20:12:35Z,2026-08-01T08:10:21Z,2026-07-30T12:28:28Z,md;wave1;mock1
ERPMIG,Aurora ERP: Data Migration & Cutover,ERPMIG-234,Build migration cockpit template: BOMs for plant 1100 Guelph,task,To Do,todo,u-gabriela.weber,Gabriela Weber,5,points,2026-06-18,2026-07-26,ERPMIG-1,ERPMIG-201,2026-06-16T21:30:37Z,2026-06-16T21:30:37Z,,md;wave1;realize
ERPMIG,Aurora ERP: Data Migration & Cutover,ERPMIG-235,Mock load 1: bank master for plant 1100 Guelph,task,In Review,in_progress,u-laura.schmidt,Laura Schmidt,8,points,2026-07-16,2026-08-07,,ERPMIG-231;ERPMIG-171,2026-06-16T23:24:13Z,2026-08-15T20:33:35Z,2026-08-13T12:24:13Z,md;wave1;mock1
ERPMIG,Aurora ERP: Data Migration & Cutover,ERPMIG-236,Map open AP items for plant 1100 Guelph to S/4 structure,task,Done,done,u-laura.schmidt,Laura Schmidt,5,points,2026-06-19,2026-07-30,ERPMIG-2,ERPMIG-122;ERPFIN-182,2026-06-17T04:17:46Z,2026-08-02T22:01:33Z,2026-08-01T03:47:39Z,td;wave1;realize
ERPMIG,Aurora ERP: Data Migration & Cutover,ERPMIG-237,Map fixed assets for plant 1100 Guelph to S/4 structure,task,Closed,done,u-gabriela.weber,Gabriela Weber,8,points,,,ERPMIG-2,ERPMIG-164;ERPFIN-156,2026-06-17T12:57:05Z,2026-08-24T00:00:00Z,2026-08-24T10:43:21Z,td;wave1;realize
ERPMIG,Aurora ERP: Data Migration & Cutover,ERPMIG-238,Mock load 1: open AR items for plant 1100 Guelph,task,In Review,in_progress,u-vanessa.fischer,Vanessa Fischer,5,points,2026-07-13,2026-08-14,ERPMIG-5,ERPMIG-255;ERPMIG-210,2026-06-22T08:19:19Z,2026-08-19T18:30:18Z,,td;wave1;mock1
ERPMIG,Aurora ERP: Data Migration & Cutover,ERPMIG-239,Build migration cockpit template: pricing conditions for plant 1100 Guelph,task,Done,done,u-marcus.kim,Marcus Kim,3,points,,2026-08-06,ERPMIG-1,ERPMIG-186,2026-06-22T11:14:11Z,2026-08-03T19:14:56Z,2026-08-02T06:24:46Z,md;wave1;realize
ERPMIG,Aurora ERP: Data Migration & Cutover,ERPMIG-240,Build migration cockpit template: open AP items for plant 1100 Guelph,task,In Progress,in_progress,u-gustavo.nguyen,Gustavo Nguyen,8,points,2026-07-04,2026-08-08,ERPMIG-2,ERPMIG-236,2026-06-22T18:26:28Z,2026-08-19T17:14:52Z,,td;wave1;realize
ERPMIG,Aurora ERP: Data Migration & Cutover,ERPMIG-241,Mock load 1: cost centers and profit centers for plant 1100 Guelph,task,Closed,done,u-laura.schmidt,Laura Schmidt,3,points,,2026-08-07,ERPMIG-4,ERPMIG-214;ERPMIG-153,2026-06-23T12:57:38Z,2026-08-12T03:51:06Z,2026-08-10T12:04:35Z,md;wave1;mock1
ERPMIG,Aurora ERP: Data Migration & Cutover,ERPMIG-242,Reconcile mock 1: open production orders counts and values,task,Closed,done,u-laura.schmidt,Laura Schmidt,13,points,,,ERPMIG-5,ERPMIG-150,2026-06-23T23:17:46Z,2026-08-10T08:54:07Z,2026-08-09T08:15:24Z,td;wave1;mock1
ERPMIG,Aurora ERP: Data Migration & Cutover,ERPMIG-243,Mock load 3: material master,task,Done,done,u-diego.lavoie,Diego Lavoie,1,points,,2026-07-28,ERPMIG-227,ERPMIG-83;ERPMIG-65,2026-06-24T01:14:24Z,2026-07-28T10:43:37Z,2026-07-26T11:35:24Z,md;wave1;mock3
ERPMIG,Aurora ERP: Data Migration & Cutover,ERPMIG-244,Mock load 3: BOMs,task,To Do,todo,,,3,points,,2026-08-01,ERPMIG-227,ERPMIG-151;ERPMIG-69,2026-06-24T05:55:10Z,2026-06-29T07:30:24Z,,md;wave1;mock3
ERPMIG,Aurora ERP: Data Migration & Cutover,ERPMIG-245,Mock load 3: pricing conditions,task,Closed,done,u-vanessa.fischer,Vanessa Fischer,2,points,,2026-08-07,ERPMIG-227,ERPMIG-180;ERPMIG-53,2026-06-25T10:57:31Z,2026-08-14T06:32:58Z,2026-08-12T07:20:29Z,md;wave1;mock3
ERPMIG,Aurora ERP: Data Migration & Cutover,ERPMIG-246,Mock load 2: pricing conditions for plant 1100 Guelph,task,Ready,todo,,,8,points,,2026-08-11,ERPMIG-3,ERPMIG-308;ERPMIG-178,2026-06-28T03:31:16Z,2026-07-26T18:34:56Z,,md;wave1;mock2
ERPMIG,Aurora ERP: Data Migration & Cutover,ERPMIG-247,Mock load 2: fixed assets for plant 1100 Guelph,task,Done,done,u-laura.schmidt,Laura Schmidt,1,points,2026-07-14,2026-08-07,ERPMIG-7,ERPMIG-325;ERPMIG-202,2026-06-29T12:38:36Z,2026-08-02T22:47:04Z,2026-08-02T12:12:35Z,td;wave1;mock2
ERPMIG,Aurora ERP: Data Migration & Cutover,ERPMIG-248,Reconcile mock 2: customer master to Business Partner for plant 1100 Guelph counts and values,task,In Progress,in_progress,u-bruno.reddy,Bruno Reddy,5,points,,2026-08-17,ERPMIG-3,ERPMIG-168,2026-06-29T21:19:06Z,2026-08-19T15:36:57Z,,md;wave1;mock2
ERPMIG,Aurora ERP: Data Migration & Cutover,ERPMIG-249,Mock load 1: fixed assets for plant 1100 Guelph,task,Done,done,u-isabela.kim,Isabela Kim,5,points,,2026-08-17,ERPMIG-5,ERPMIG-252;ERPMIG-202,2026-06-30T01:02:43Z,2026-08-24T00:00:00Z,2026-08-24T13:22:25Z,td;wave1;mock1
ERPMIG,Aurora ERP: Data Migration & Cutover,ERPMIG-250,Reconcile mock 1: customer master to Business Partner for plant 1100 Guelph counts and values,task,To Do,todo,u-vanessa.fischer,Vanessa Fischer,,points,,2026-08-07,ERPMIG-4,ERPMIG-161,2026-06-30T18:23:53Z,2026-07-13T17:44:26Z,,md;wave1;mock1
ERPMIG,Aurora ERP: Data Migration & Cutover,ERPMIG-251,Reconcile mock 1: vendor master to Business Partner for plant 1100 Guelph counts and values,task,Closed,done,u-vanessa.fischer,Vanessa Fischer,5,points,,2026-08-07,ERPMIG-4,ERPMIG-163,2026-07-01T12:04:06Z,2026-08-12T15:01:46Z,2026-08-11T09:44:51Z,md;wave1;mock1
ERPMIG,Aurora ERP: Data Migration & Cutover,ERPMIG-252,Build migration cockpit template: fixed assets for plant 1100 Guelph,task,In Review,in_progress,u-diego.lavoie,Diego Lavoie,5,points,,2026-08-24,ERPMIG-2,ERPMIG-237,2026-07-01T21:25:06Z,2026-08-22T18:20:07Z,,td;wave1;realize
ERPMIG,Aurora ERP: Data Migration & Cutover,ERPMIG-253,Mock load 3: open sales orders,task,Done,done,u-bruno.reddy,Bruno Reddy,13,points,,2026-08-01,ERPMIG-206,ERPMIG-96;ERPMIG-39,2026-07-03T04:01:58Z,2026-08-06T08:15:54Z,2026-08-05T03:03:16Z,td;wave1;mock3
ERPMIG,Aurora ERP: Data Migration & Cutover,ERPMIG-254,Mock load 3: vendor master to Business Partner,task,Done,done,u-lucas.singh,Lucas Singh,5,points,,2026-07-21,,ERPMIG-71;ERPMIG-26,2026-07-03T07:38:50Z,2026-07-29T12:18:43Z,2026-07-28T18:58:40Z,md;wave1;mock3
ERPMIG,Aurora ERP: Data Migration & Cutover,ERPMIG-255,Build migration cockpit template: open AR items for plant 1100 Guelph,task,Done,done,u-diego.lavoie,Diego Lavoie,8,points,,2026-08-16,ERPMIG-2,ERPMIG-232,2026-07-03T15:22:57Z,2026-08-18T03:10:45Z,2026-08-17T07:38:55Z,td;wave1;realize
ERPMIG,Aurora ERP: Data Migration & Cutover,ERPMIG-256,Reconcile mock 2: employee master counts and values,task,In Progress,in_progress,u-gustavo.nguyen,Gustavo Nguyen,2,points,,2026-08-13,ERPMIG-3,ERPMIG-167;ERPMIG-219,2026-07-03T17:04:48Z,2026-08-16T18:02:13Z,,md;wave1;mock2
ERPMIG,Aurora ERP: Data Migration & Cutover,ERPMIG-257,Reconcile mock 2: open purchase orders for plant 1100 Guelph counts and values,task,Done,done,u-vanessa.fischer,Vanessa Fischer,3,points,2026-07-08,2026-08-06,ERPMIG-7,ERPMIG-158;ERPMIG-220,2026-07-04T17:55:55Z,2026-08-05T02:58:44Z,2026-08-03T16:46:03Z,td;wave1;mock2
ERPMIG,Aurora ERP: Data Migration & Cutover,ERPMIG-258,Defect: BOMs rejected by mandatory field check,bug,In Progress,in_progress,u-laura.schmidt,Laura Schmidt,3,points,,2026-08-15,ERPMIG-227,,2026-07-04T18:22:54Z,2026-08-20T18:45:56Z,,md;wave1;defect
ERPMIG,Aurora ERP: Data Migration & Cutover,ERPMIG-259,Reconcile mock 2: material master for plant 1100 Guelph counts and values,task,In Review,in_progress,u-laura.schmidt,Laura Schmidt,3,points,,2026-08-19,ERPMIG-3,ERPMIG-216,2026-07-05T07:08:11Z,2026-08-15T16:59:59Z,,md;wave1;mock2
ERPMIG,Aurora ERP: Data Migration & Cutover,ERPMIG-260,Mock load 2: cost centers and profit centers for plant 1100 Guelph,task,Closed,done,u-lucas.singh,Lucas Singh,3,points,2026-07-21,2026-08-19,ERPMIG-3,ERPMIG-303;ERPMIG-153,2026-07-05T12:13:13Z,2026-08-24T00:00:00Z,2026-08-24T11:29:07Z,md;wave1;mock2
ERPMIG,Aurora ERP: Data Migration & Cutover,ERPMIG-261,Mock load 3: open AP items,task,Closed,done,u-vanessa.fischer,Vanessa Fischer,5,points,,2026-08-09,ERPMIG-206,ERPMIG-162;ERPMIG-79,2026-07-06T17:29:50Z,2026-08-16T08:33:01Z,2026-08-15T10:31:01Z,td;wave1;mock3
ERPMIG,Aurora ERP: Data Migration & Cutover,ERPMIG-262,Reconcile mock 3: BOMs counts and values,task,Blocked,in_progress,u-vanessa.reddy,Vanessa Reddy,,points,2026-08-05,2026-08-25,ERPMIG-227,ERPMIG-244;ERPMIG-258,2026-07-08T03:42:24Z,2026-08-20T20:17:18Z,,md;wave1;mock3
ERPMIG,Aurora ERP: Data Migration & Cutover,ERPMIG-263,Reconcile mock 2: open sales orders for plant 1100 Guelph counts and values,task,Blocked,in_progress,u-laura.schmidt,Laura Schmidt,,points,2026-07-19,2026-08-07,ERPMIG-7,ERPMIG-169,2026-07-08T12:53:28Z,2026-08-23T15:21:56Z,,td;wave1;mock2
ERPMIG,Aurora ERP: Data Migration & Cutover,ERPMIG-264,Mock load 3: open AR items,task,Ready,todo,u-lucas.singh,Lucas Singh,3,points,2026-08-02,2026-08-14,ERPMIG-206,ERPMIG-155;ERPMIG-64,2026-07-09T11:41:40Z,2026-07-27T11:04:09Z,,td;wave1;mock3
ERPMIG,Aurora ERP: Data Migration & Cutover,ERPMIG-265,Reconcile mock 1: open purchase orders for plant 1100 Guelph counts and values,task,In Progress,in_progress,u-vanessa.fischer,Vanessa Fischer,8,points,2026-07-12,,,ERPMIG-134,2026-07-11T08:24:33Z,2026-08-15T18:33:25Z,,td;wave1;mock1
ERPMIG,Aurora ERP: Data Migration & Cutover,ERPMIG-266,Reconcile mock 2: open AP items for plant 1100 Guelph counts and values,task,Closed,done,u-victor.sharma,Victor Sharma,2,points,,2026-08-07,ERPMIG-7,ERPMIG-217,2026-07-11T09:27:35Z,2026-08-08T12:58:30Z,2026-08-08T10:22:46Z,td;wave1;mock2
ERPMIG,Aurora ERP: Data Migration & Cutover,ERPMIG-267,Mock load 3: open purchase orders,task,To Do,todo,,,8,points,,,ERPMIG-206,ERPMIG-77;ERPMIG-58,2026-07-13T21:08:21Z,2026-07-28T13:56:17Z,,td;wave1;mock3
ERPMIG,Aurora ERP: Data Migration & Cutover,ERPMIG-268,Mock load 3: GL balances,task,Done,done,u-lucas.singh,Lucas Singh,8,points,2026-07-22,2026-08-05,ERPMIG-206,ERPMIG-93;ERPMIG-52,2026-07-14T22:26:21Z,2026-08-02T17:00:23Z,2026-08-01T20:23:16Z,td;wave1;mock3
ERPMIG,Aurora ERP: Data Migration & Cutover,ERPMIG-269,Reconcile mock 1: routings for plant 1100 Guelph counts and values,task,Closed,done,u-laura.schmidt,Laura Schmidt,5,points,,,ERPMIG-4,ERPMIG-203,2026-07-15T16:46:36Z,2026-08-07T06:21:52Z,2026-08-06T16:28:21Z,md;wave1;mock1
ERPMIG,Aurora ERP: Data Migration & Cutover,ERPMIG-270,Reconcile mock 3: open purchase orders counts and values,task,Blocked,in_progress,u-laura.schmidt,Laura Schmidt,8,points,,2026-08-18,ERPMIG-206,ERPMIG-267,2026-07-16T19:08:41Z,2026-08-23T20:29:38Z,2026-08-21T09:13:06Z,td;wave1;mock3
ERPMIG,Aurora ERP: Data Migration & Cutover,ERPMIG-271,Reconcile mock 2: BOMs for plant 1100 Guelph counts and values,task,To Do,todo,,,5,points,,2026-08-19,ERPMIG-3,ERPMIG-221,2026-07-16T23:57:49Z,2026-07-16T23:57:49Z,,md;wave1;mock2
ERPMIG,Aurora ERP: Data Migration & Cutover,ERPMIG-272,Defect: GL balances rejected by mandatory field check,bug,Done,done,u-marcus.kim,Marcus Kim,3,points,,2026-08-19,ERPMIG-206,,2026-07-17T06:54:58Z,2026-08-22T23:49:56Z,2026-08-21T15:07:18Z,td;wave1;defect
ERPMIG,Aurora ERP: Data Migration & Cutover,ERPMIG-273,Reconcile mock 3: open sales orders counts and values,task,In Progress,in_progress,u-lucas.singh,Lucas Singh,,points,,2026-08-20,ERPMIG-206,ERPMIG-253,2026-07-17T07:41:58Z,2026-08-12T13:38:44Z,,td;wave1;mock3
ERPMIG,Aurora ERP: Data Migration & Cutover,ERPMIG-274,Reconcile mock 1: material master for plant 1100 Guelph counts and values,task,Done,done,u-laura.schmidt,Laura Schmidt,2,points,,2026-08-07,ERPMIG-4,ERPMIG-173,2026-07-18T17:09:04Z,2026-08-03T21:06:40Z,2026-08-02T18:55:36Z,md;wave1;mock1
ERPMIG,Aurora ERP: Data Migration & Cutover,ERPMIG-275,Reconcile mock 2: GL balances for plant 1100 Guelph counts and values,task,Closed,done,u-lucas.singh,Lucas Singh,5,points,,,ERPMIG-7,ERPMIG-215,2026-07-19T01:02:43Z,2026-08-13T18:03:52Z,2026-08-11T18:39:49Z,td;wave1;mock2
ERPMIG,Aurora ERP: Data Migration & Cutover,ERPMIG-276,Mock load 3: routings,task,Blocked,in_progress,,,3,points,,2026-08-05,ERPMIG-227,ERPMIG-179;ERPMIG-50,2026-07-19T02:14:31Z,2026-08-24T00:00:00Z,,md;wave1;mock3
ERPMIG,Aurora ERP: Data Migration & Cutover,ERPMIG-277,Reconcile mock 3: customer master to Business Partner counts and values,task,In Progress,in_progress,u-laura.schmidt,Laura Schmidt,8,points,2026-07-26,2026-08-08,ERPMIG-227,ERPMIG-229,2026-07-19T15:38:25Z,2026-08-15T13:15:06Z,,md;wave1;mock3
ERPMIG,Aurora ERP: Data Migration & Cutover,ERPMIG-278,Defect: cost centers and profit centers rejected by mandatory field check,bug,In Review,in_progress,u-lucas.singh,Lucas Singh,8,points,2026-08-12,2026-08-30,ERPMIG-227,,2026-07-21T09:35:25Z,2026-08-12T10:53:56Z,,md;wave1;defect
ERPMIG,Aurora ERP: Data Migration & Cutover,ERPMIG-279,Mock load 2: bank master for plant 1100 Guelph,task,In Progress,in_progress,u-isabela.kim,Isabela Kim,8,points,,2026-08-19,,ERPMIG-341;ERPMIG-171,2026-07-22T05:23:18Z,2026-08-14T08:34:54Z,,md;wave1;mock2
ERPMIG,Aurora ERP: Data Migration & Cutover,ERPMIG-280,Reconcile mock 1: open sales orders for plant 1100 Guelph counts and values,task,Done,done,u-isabela.kim,Isabela Kim,1,points,,2026-08-17,ERPMIG-5,ERPMIG-188,2026-07-23T10:24:54Z,2026-08-20T01:37:13Z,,td;wave1;mock1
ERPMIG,Aurora ERP: Data Migration & Cutover,ERPMIG-281,Mock load 3: cost centers and profit centers,task,Blocked,in_progress,u-lucas.singh,Lucas Singh,5,points,,2026-08-13,ERPMIG-227,ERPMIG-187;ERPMIG-86,2026-07-23T10:33:56Z,2026-08-22T19:24:15Z,,md;wave1;mock3
ERPMIG,Aurora ERP: Data Migration & Cutover,ERPMIG-282,Mock load 3: fixed assets,task,Ready,todo,u-lucas.singh,Lucas Singh,13,points,,2026-08-21,ERPMIG-206,ERPMIG-200;ERPMIG-123,2026-07-23T13:09:17Z,2026-07-23T13:09:17Z,,td;wave1;mock3
ERPMIG,Aurora ERP: Data Migration & Cutover,ERPMIG-283,Reconcile mock 2: vendor master to Business Partner for plant 1100 Guelph counts and values,task,In Progress,in_progress,u-isabela.kim,Isabela Kim,2,points,,2026-08-19,ERPMIG-3,ERPMIG-177,2026-07-25T14:06:56Z,2026-08-24T00:00:00Z,,md;wave1;mock2
ERPMIG,Aurora ERP: Data Migration & Cutover,ERPMIG-284,Reconcile mock 1: GL balances for plant 1100 Guelph counts and values,task,Done,done,u-gabriela.weber,Gabriela Weber,3,points,,2026-08-17,ERPMIG-5,ERPMIG-228,2026-07-27T01:21:30Z,2026-08-24T00:00:00Z,2026-08-24T07:27:14Z,td;wave1;mock1
ERPMIG,Aurora ERP: Data Migration & Cutover,ERPMIG-285,Reconcile mock 3: routings counts and values,task,In Review,in_progress,u-isabela.kim,Isabela Kim,2,points,,2026-08-30,ERPMIG-227,ERPMIG-276,2026-07-27T06:39:23Z,2026-08-22T19:25:53Z,,md;wave1;mock3
ERPMIG,Aurora ERP: Data Migration & Cutover,ERPMIG-286,Reconcile mock 1: open AP items for plant 1100 Guelph counts and values,task,Done,done,u-lucas.singh,Lucas Singh,2,points,,,ERPMIG-5,ERPMIG-208,2026-07-27T15:11:10Z,2026-08-22T19:22:26Z,2026-08-22T14:13:17Z,td;wave1;mock1
ERPMIG,Aurora ERP: Data Migration & Cutover,ERPMIG-287,Mock load 3: bank master,task,In Progress,in_progress,u-laura.schmidt,Laura Schmidt,3,points,2026-07-30,2026-08-19,ERPMIG-227,ERPMIG-223;ERPMIG-121,2026-07-28T04:34:14Z,2026-08-18T19:12:55Z,,md;wave1;mock3
ERPMIG,Aurora ERP: Data Migration & Cutover,ERPMIG-288,Mock load 3: equipment and functional locations,task,Blocked,in_progress,u-victor.sharma,Victor Sharma,3,points,,2026-08-20,ERPMIG-227,ERPMIG-224;ERPMIG-97,2026-07-28T22:11:32Z,2026-08-12T10:58:45Z,,md;wave1;mock3
ERPMIG,Aurora ERP: Data Migration & Cutover,ERPMIG-289,Reconcile mock 3: material master counts and values,task,Done,done,u-vanessa.reddy,Vanessa Reddy,3,points,2026-08-02,2026-08-18,ERPMIG-227,ERPMIG-243,2026-07-30T09:43:37Z,2026-08-16T16:46:58Z,2026-08-14T23:20:18Z,md;wave1;mock3
ERPMIG,Aurora ERP: Data Migration & Cutover,ERPMIG-290,Reconcile mock 3: vendor master to Business Partner counts and values,task,Closed,done,u-laura.schmidt,Laura Schmidt,3,points,,2026-08-16,ERPMIG-227,ERPMIG-254,2026-08-01T04:30:27Z,2026-08-24T00:00:00Z,2026-08-23T00:28:23Z,md;wave1;mock3
ERPMIG,Aurora ERP: Data Migration & Cutover,ERPMIG-291,Defect: bank master for plant 1100 Guelph unit of measure mismatch,bug,In Progress,in_progress,u-lucas.singh,Lucas Singh,2,points,,2026-08-07,ERPMIG-4,,2026-08-02T17:47:58Z,2026-08-21T14:32:02Z,,md;wave1;defect
ERPMIG,Aurora ERP: Data Migration & Cutover,ERPMIG-292,Reconcile mock 3: GL balances counts and values,task,Blocked,in_progress,u-diego.lavoie,Diego Lavoie,3,points,,,ERPMIG-206,ERPMIG-268;ERPMIG-272,2026-08-03T07:09:07Z,2026-08-23T11:20:35Z,,td;wave1;mock3
ERPMIG,Aurora ERP: Data Migration & Cutover,ERPMIG-293,Reconcile mock 1: BOMs for plant 1100 Guelph counts and values,task,Done,done,u-isabela.kim,Isabela Kim,3,points,,2026-08-07,ERPMIG-4,ERPMIG-184,2026-08-03T19:18:29Z,2026-08-15T08:13:28Z,2026-08-14T07:48:19Z,md;wave1;mock1
ERPMIG,Aurora ERP: Data Migration & Cutover,ERPMIG-294,Mock load 3: employee master,task,To Do,todo,u-gabriela.weber,Gabriela Weber,3,points,,2026-08-27,ERPMIG-227,ERPMIG-256;ERPMIG-94,2026-08-04T09:40:15Z,2026-08-04T09:40:15Z,,md;wave1;mock3
ERPMIG,Aurora ERP: Data Migration & Cutover,ERPMIG-295,Reconcile mock 2: open AR items for plant 1100 Guelph counts and values,task,Done,done,u-diego.lavoie,Diego Lavoie,5,points,,2026-08-07,ERPMIG-7,ERPMIG-222,2026-08-04T13:12:12Z,2026-08-16T07:09:10Z,2026-08-15T18:33:19Z,td;wave1;mock2
ERPMIG,Aurora ERP: Data Migration & Cutover,ERPMIG-296,Reconcile mock 3: open AP items counts and values,task,In Review,in_progress,u-marcus.kim,Marcus Kim,3,points,,2026-08-31,ERPMIG-206,ERPMIG-261,2026-08-04T19:06:28Z,2026-08-17T13:26:49Z,,td;wave1;mock3
ERPMIG,Aurora ERP: Data Migration & Cutover,ERPMIG-297,Reconcile mock 3: equipment and functional locations counts and values,task,To Do,todo,,,5,points,,,ERPMIG-227,ERPMIG-288,2026-08-05T12:58:55Z,2026-08-05T12:58:55Z,,md;wave1;mock3
ERPMIG,Aurora ERP: Data Migration & Cutover,ERPMIG-298,Reconcile mock 3: fixed assets counts and values,task,Ready,todo,u-gabriela.weber,Gabriela Weber,2,points,2026-08-25,2026-09-10,ERPMIG-206,ERPMIG-282,2026-08-05T13:24:56Z,2026-08-18T20:32:02Z,,td;wave1;mock3
ERPMIG,Aurora ERP: Data Migration & Cutover,ERPMIG-299,Reconcile mock 3: pricing conditions counts and values,task,To Do,todo,,,3,points,,2026-09-02,ERPMIG-227,ERPMIG-245,2026-08-05T16:57:26Z,2026-08-09T21:01:50Z,,md;wave1;mock3
ERPMIG,Aurora ERP: Data Migration & Cutover,ERPMIG-300,Defect: fixed assets for plant 1100 Guelph unit of measure mismatch,bug,To Do,todo,,,5,points,,2026-08-07,ERPMIG-7,,2026-08-05T20:59:25Z,2026-08-05T20:59:25Z,,td;wave1;defect
ERPMIG,Aurora ERP: Data Migration & Cutover,ERPMIG-301,Reconcile mock 3: cost centers and profit centers counts and values,task,In Review,in_progress,u-isabela.kim,Isabela Kim,1,points,,2026-09-03,ERPMIG-227,ERPMIG-281;ERPMIG-278,2026-08-06T07:47:48Z,2026-08-21T16:40:51Z,,md;wave1;mock3
ERPMIG,Aurora ERP: Data Migration & Cutover,ERPMIG-302,Reconcile mock 2: fixed assets for plant 1100 Guelph counts and values,task,Closed,done,u-marcus.kim,Marcus Kim,1,points,,2026-08-07,ERPMIG-7,ERPMIG-247;ERPMIG-300,2026-08-07T15:01:22Z,2026-08-10T17:03:39Z,2026-08-09T10:59:36Z,td;wave1;mock2
ERPMIG,Aurora ERP: Data Migration & Cutover,ERPMIG-303,Reconcile mock 1: cost centers and profit centers for plant 1100 Guelph counts and values,task,Closed,done,u-marcus.kim,Marcus Kim,2,points,,2026-08-07,ERPMIG-4,ERPMIG-241,2026-08-08T02:55:15Z,2026-08-11T01:09:21Z,2026-08-09T18:49:50Z,md;wave1;mock1
ERPMIG,Aurora ERP: Data Migration & Cutover,ERPMIG-304,Mock load 3: customer master to Business Partner for plant 1100 Guelph,task,In Progress,in_progress,u-lucas.singh,Lucas Singh,13,points,,2026-08-30,ERPMIG-227,ERPMIG-248;ERPMIG-127,2026-08-08T04:20:42Z,2026-08-23T13:40:53Z,,md;wave1;mock3
ERPMIG,Aurora ERP: Data Migration & Cutover,ERPMIG-305,Mock load 3: open purchase orders for plant 1100 Guelph,task,Backlog,todo,,,2,points,,,ERPMIG-206,ERPMIG-257;ERPMIG-140,2026-08-08T20:42:45Z,2026-08-08T20:42:45Z,,td;wave1;mock3
ERPMIG,Aurora ERP: Data Migration & Cutover,ERPMIG-306,Mock load 3: vendor master to Business Partner for plant 1100 Guelph,task,Done,done,u-vanessa.fischer,Vanessa Fischer,3,points,,2026-09-03,ERPMIG-227,ERPMIG-283;ERPMIG-118,2026-08-09T02:12:29Z,2026-08-24T00:00:00Z,2026-08-24T17:06:09Z,md;wave1;mock3
ERPMIG,Aurora ERP: Data Migration & Cutover,ERPMIG-307,Mock load 3: inventory balances,task,In Review,in_progress,u-laura.schmidt,Laura Schmidt,13,points,2026-08-10,2026-08-26,ERPMIG-206,ERPMIG-212;ERPMIG-112,2026-08-09T22:33:42Z,2026-08-17T18:09:47Z,,td;wave1;mock3
ERPMIG,Aurora ERP: Data Migration & Cutover,ERPMIG-308,Reconcile mock 1: pricing conditions for plant 1100 Guelph counts and values,task,Done,done,u-victor.sharma,Victor Sharma,5,points,,2026-08-07,ERPMIG-4,ERPMIG-209,2026-08-09T22:58:25Z,2026-08-12T21:24:58Z,2026-08-11T13:58:09Z,md;wave1;mock1
ERPMIG,Aurora ERP: Data Migration & Cutover,ERPMIG-309,Mock load 3: GL balances for plant 1100 Guelph,task,Backlog,todo,,,2,points,,2026-09-14,ERPMIG-206,ERPMIG-275;ERPMIG-191,2026-08-10T04:33:08Z,2026-08-10T04:33:08Z,,td;wave1;mock3
ERPMIG,Aurora ERP: Data Migration & Cutover,ERPMIG-310,Mock load 3: pricing conditions for plant 1100 Guelph,task,To Do,todo,u-diego.lavoie,Diego Lavoie,1,points,2026-09-06,2026-09-19,ERPMIG-227,ERPMIG-350;ERPMIG-178,2026-08-11T04:35:11Z,2026-08-11T04:35:11Z,,md;wave1;mock3
ERPMIG,Aurora ERP: Data Migration & Cutover,ERPMIG-311,Reconcile mock 3: inventory balances counts and values,task,Ready,todo,u-lucas.singh,Lucas Singh,5,points,2026-08-31,2026-09-13,ERPMIG-206,ERPMIG-307;ERPMIG-328,2026-08-11T08:19:46Z,2026-08-11T08:19:46Z,,td;wave1;mock3
ERPMIG,Aurora ERP: Data Migration & Cutover,ERPMIG-312,Defect: vendor master to Business Partner for plant 1100 Guelph rejected by mandatory field check,bug,To Do,todo,u-laura.schmidt,Laura Schmidt,,points,,2026-09-18,ERPMIG-227,,2026-08-11T09:50:31Z,2026-08-11T09:50:31Z,,md;wave1;defect
ERPMIG,Aurora ERP: Data Migration & Cutover,ERPMIG-313,Mock load 3: material master for plant 1100 Guelph,task,Backlog,todo,,,13,points,,2026-09-06,ERPMIG-227,ERPMIG-259;ERPMIG-139,2026-08-11T17:06:24Z,2026-08-11T17:06:24Z,,md;wave1;mock3
ERPMIG,Aurora ERP: Data Migration & Cutover,ERPMIG-314,Reconcile mock 3: open production orders counts and values,task,Backlog,todo,,,3,points,,2026-09-21,ERPMIG-206,ERPMIG-323,2026-08-11T18:46:36Z,2026-08-11T18:46:36Z,,td;wave1;mock3
ERPMIG,Aurora ERP: Data Migration & Cutover,ERPMIG-315,Reconcile mock 3: customer master to Business Partner for plant 1100 Guelph counts and values,task,To Do,todo,u-victor.sharma,Victor Sharma,8,points,,2026-09-23,ERPMIG-227,ERPMIG-304,2026-08-12T07:05:11Z,2026-08-12T07:05:11Z,,md;wave1;mock3
ERPMIG,Aurora ERP: Data Migration & Cutover,ERPMIG-316,Reconcile mock 2: routings for plant 1100 Guelph counts and values,task,Ready,todo,u-victor.sharma,Victor Sharma,5,points,2026-08-22,2026-08-19,ERPMIG-3,ERPMIG-211,2026-08-12T08:18:05Z,2026-08-12T08:18:05Z,,md;wave1;mock2
ERPMIG,Aurora ERP: Data Migration & Cutover,ERPMIG-317,Reconcile mock 3: open AR items counts and values,task,Backlog,todo,u-laura.schmidt,Laura Schmidt,3,points,,2026-09-03,ERPMIG-206,ERPMIG-264;ERPMIG-56,2026-08-12T10:34:16Z,2026-08-12T10:34:16Z,,td;wave1;mock3
ERPMIG,Aurora ERP: Data Migration & Cutover,ERPMIG-318,Mock load 3: open sales orders for plant 1100 Guelph,task,Backlog,todo,u-gustavo.nguyen,Gustavo Nguyen,5,points,,2026-09-08,ERPMIG-206,ERPMIG-263;ERPMIG-132,2026-08-12T12:08:43Z,2026-08-12T12:08:43Z,,td;wave1;mock3
ERPMIG,Aurora ERP: Data Migration & Cutover,ERPMIG-319,Reconcile mock 3: employee master counts and values,task,Ready,todo,u-gustavo.nguyen,Gustavo Nguyen,2,points,,2026-09-20,ERPMIG-227,ERPMIG-294;ERPMIG-327,2026-08-12T14:16:39Z,2026-08-12T14:16:39Z,,md;wave1;mock3
ERPMIG,Aurora ERP: Data Migration & Cutover,ERPMIG-320,Mock load 3: open AR items for plant 1100 Guelph,task,To Do,todo,,,8,points,2026-09-09,2026-09-24,ERPMIG-206,ERPMIG-295;ERPMIG-210,2026-08-13T09:43:38Z,2026-08-19T18:08:07Z,,td;wave1;mock3
ERPMIG,Aurora ERP: Data Migration & Cutover,ERPMIG-321,Defect: open sales orders for plant 1100 Guelph duplicate keys after dedupe,bug,To Do,todo,u-victor.sharma,Victor Sharma,8,points,2026-09-09,2026-09-24,ERPMIG-206,,2026-08-14T07:17:34Z,2026-08-14T07:17:34Z,,td;wave1;defect
ERPMIG,Aurora ERP: Data Migration & Cutover,ERPMIG-322,Defect: cost centers and profit centers for plant 1100 Guelph rejected by mandatory field check,bug,Backlog,todo,u-vanessa.fischer,Vanessa Fischer,8,points,,2026-08-19,ERPMIG-3,,2026-08-15T10:53:36Z,2026-08-15T10:53:36Z,,md;wave1;defect
ERPMIG,Aurora ERP: Data Migration & Cutover,ERPMIG-323,Mock load 3: open production orders,task,Done,done,u-vanessa.fischer,Vanessa Fischer,8,points,,2026-08-29,ERPMIG-206,ERPMIG-225;ERPMIG-91;ERPMIG-76,2026-08-16T14:00:27Z,2026-08-24T00:00:00Z,2026-08-24T12:59:37Z,td;wave1;mock3
ERPMIG,Aurora ERP: Data Migration & Cutover,ERPMIG-324,Reconcile mock 3: bank master counts and values,task,Done,done,u-isabela.kim,Isabela Kim,5,points,,2026-09-13,ERPMIG-227,ERPMIG-287,2026-08-17T15:22:20Z,2026-08-24T00:00:00Z,2026-08-24T14:28:43Z,md;wave1;mock3
ERPMIG,Aurora ERP: Data Migration & Cutover,ERPMIG-325,Reconcile mock 1: fixed assets for plant 1100 Guelph counts and values,task,Done,done,u-vanessa.reddy,Vanessa Reddy,13,points,,2026-08-17,ERPMIG-5,ERPMIG-249,2026-08-17T20:56:13Z,2026-08-24T00:00:00Z,2026-08-24T12:43:18Z,td;wave1;mock1
ERPMIG,Aurora ERP: Data Migration & Cutover,ERPMIG-326,Mock load 3: routings for plant 1100 Guelph,task,Ready,todo,,,8,points,2026-09-02,2026-09-17,ERPMIG-227,ERPMIG-316;ERPMIG-142,2026-08-18T06:22:33Z,2026-08-22T09:42:56Z,,md;wave1;mock3
ERPMIG,Aurora ERP: Data Migration & Cutover,ERPMIG-327,Defect: employee master rejected by mandatory field check,bug,To Do,todo,u-lucas.singh,Lucas Singh,5,points,,2026-09-09,ERPMIG-227,,2026-08-18T07:34:30Z,2026-08-18T07:34:30Z,,md;wave1;defect
ERPMIG,Aurora ERP: Data Migration & Cutover,ERPMIG-328,Defect: inventory balances rejected by mandatory field check,bug,Done,done,u-lucas.singh,Lucas Singh,2,points,2026-08-23,2026-09-11,ERPMIG-206,,2026-08-19T00:54:49Z,2026-08-24T00:00:00Z,2026-08-24T13:50:05Z,td;wave1;defect
ERPMIG,Aurora ERP: Data Migration & Cutover,ERPMIG-329,Mock load 3: BOMs for plant 1100 Guelph,task,To Do,todo,,,13,points,,2026-09-10,ERPMIG-227,ERPMIG-271;ERPMIG-126,2026-08-19T22:54:44Z,2026-08-19T22:54:44Z,,md;wave1;mock3
ERPMIG,Aurora ERP: Data Migration & Cutover,ERPMIG-330,Reconcile mock 2: bank master for plant 1100 Guelph counts and values,task,To Do,todo,,,8,points,,2026-08-19,ERPMIG-3,ERPMIG-279,2026-08-20T07:01:24Z,2026-08-20T07:01:24Z,,md;wave1;mock2
ERPMIG,Aurora ERP: Data Migration & Cutover,ERPMIG-331,Reconcile mock 1: open AR items for plant 1100 Guelph counts and values,task,In Review,in_progress,u-gabriela.weber,Gabriela Weber,1,points,,2026-08-17,ERPMIG-5,ERPMIG-238,2026-08-20T15:59:01Z,2026-08-22T14:56:45Z,,td;wave1;mock1
ERPMIG,Aurora ERP: Data Migration & Cutover,ERPMIG-332,Reconcile mock 3: open purchase orders for plant 1100 Guelph counts and values,task,To Do,todo,u-lucas.singh,Lucas Singh,3,points,,2026-09-24,ERPMIG-206,ERPMIG-305,2026-08-22T00:31:00Z,2026-08-22T00:31:00Z,,td;wave1;mock3
ERPMIG,Aurora ERP: Data Migration & Cutover,ERPMIG-333,Mock load 3: open AP items for plant 1100 Guelph,task,To Do,todo,,,5,points,,2026-09-17,ERPMIG-206,ERPMIG-266;ERPMIG-194,2026-08-24T09:26:09Z,2026-08-24T00:00:00Z,,td;wave1;mock3
ERPMIG,Aurora ERP: Data Migration & Cutover,ERPMIG-334,Reconcile mock 3: GL balances for plant 1100 Guelph counts and values,task,To Do,todo,u-laura.schmidt,Laura Schmidt,8,points,,2026-09-24,ERPMIG-206,ERPMIG-309,2026-08-24T10:03:01Z,2026-08-24T00:00:00Z,,td;wave1;mock3
ERPMIG,Aurora ERP: Data Migration & Cutover,ERPMIG-335,Reconcile mock 3: vendor master to Business Partner for plant 1100 Guelph counts and values,task,To Do,todo,,,3,points,2026-09-09,2026-09-23,ERPMIG-227,ERPMIG-306;ERPMIG-312,2026-08-24T10:53:01Z,2026-08-24T00:00:00Z,,md;wave1;mock3
ERPMIG,Aurora ERP: Data Migration & Cutover,ERPMIG-336,Reconcile mock 3: open sales orders for plant 1100 Guelph counts and values,task,To Do,todo,,,5,points,,2026-09-24,ERPMIG-206,ERPMIG-318;ERPMIG-321,2026-08-24T11:01:10Z,2026-08-24T00:00:00Z,2026-08-23T22:00:18Z,td;wave1;mock3
ERPMIG,Aurora ERP: Data Migration & Cutover,ERPMIG-337,Reconcile mock 3: open AR items for plant 1100 Guelph counts and values,task,In Progress,in_progress,u-victor.sharma,Victor Sharma,5,points,,2026-09-24,ERPMIG-206,ERPMIG-320;ERPMIG-345,2026-08-24T11:20:23Z,2026-08-24T00:00:00Z,,td;wave1;mock3
ERPMIG,Aurora ERP: Data Migration & Cutover,ERPMIG-338,Reconcile mock 3: BOMs for plant 1100 Guelph counts and values,task,To Do,todo,u-lucas.singh,Lucas Singh,8,points,,2026-09-23,ERPMIG-227,ERPMIG-329,2026-08-24T11:36:12Z,2026-08-24T00:00:00Z,,md;wave1;mock3
ERPMIG,Aurora ERP: Data Migration & Cutover,ERPMIG-339,Defect: cost centers and profit centers for plant 1100 Guelph unit of measure mismatch,bug,To Do,todo,u-vanessa.fischer,Vanessa Fischer,1,points,2026-09-24,,ERPMIG-227,,2026-08-24T12:11:38Z,2026-08-24T00:00:00Z,,md;wave1;defect
ERPMIG,Aurora ERP: Data Migration & Cutover,ERPMIG-340,Reconcile mock 3: routings for plant 1100 Guelph counts and values,task,Ready,todo,,,5,points,,,ERPMIG-227,ERPMIG-326,2026-08-24T13:00:46Z,2026-08-24T00:00:00Z,,md;wave1;mock3
ERPMIG,Aurora ERP: Data Migration & Cutover,ERPMIG-341,Reconcile mock 1: bank master for plant 1100 Guelph counts and values,task,Done,done,u-isabela.kim,Isabela Kim,8,points,,2026-08-07,ERPMIG-4,ERPMIG-235;ERPMIG-291,2026-08-24T13:36:00Z,2026-08-24T00:00:00Z,2026-08-24T16:52:51Z,md;wave1;mock1
ERPMIG,Aurora ERP: Data Migration & Cutover,ERPMIG-342,Reconcile mock 3: bank master for plant 1100 Guelph counts and values,task,To Do,todo,u-gustavo.nguyen,Gustavo Nguyen,,points,,2026-09-23,ERPMIG-227,ERPMIG-352,2026-08-24T15:14:00Z,2026-08-24T00:00:00Z,,md;wave1;mock3
ERPMIG,Aurora ERP: Data Migration & Cutover,ERPMIG-343,Mock load 3: fixed assets for plant 1100 Guelph,task,To Do,todo,u-marcus.kim,Marcus Kim,2,points,,2026-09-24,ERPMIG-206,ERPMIG-302;ERPMIG-202,2026-08-24T15:43:33Z,2026-08-24T00:00:00Z,,td;wave1;mock3
ERPMIG,Aurora ERP: Data Migration & Cutover,ERPMIG-344,Reconcile mock 3: cost centers and profit centers for plant 1100 Guelph counts and values,task,To Do,todo,u-gustavo.nguyen,Gustavo Nguyen,5,points,,2026-09-23,ERPMIG-227,ERPMIG-349;ERPMIG-339,2026-08-24T16:25:28Z,2026-08-24T00:00:00Z,,md;wave1;mock3
ERPMIG,Aurora ERP: Data Migration & Cutover,ERPMIG-345,Defect: open AR items for plant 1100 Guelph tax jurisdiction blank,bug,Backlog,todo,,,8,points,,2026-09-24,ERPMIG-206,,2026-08-24T17:16:41Z,2026-08-24T00:00:00Z,,td;wave1;defect
ERPMIG,Aurora ERP: Data Migration & Cutover,ERPMIG-346,Reconcile mock 2: cost centers and profit centers for plant 1100 Guelph counts and values,task,To Do,todo,,,,points,,2026-08-19,ERPMIG-3,ERPMIG-260;ERPMIG-322,2026-08-24T17:34:41Z,2026-08-24T00:00:00Z,,md;wave1;mock2
ERPMIG,Aurora ERP: Data Migration & Cutover,ERPMIG-347,Reconcile mock 3: pricing conditions for plant 1100 Guelph counts and values,task,To Do,todo,u-marcus.kim,Marcus Kim,8,points,2026-09-27,2026-09-23,ERPMIG-227,ERPMIG-310,2026-08-24T17:38:57Z,2026-08-24T00:00:00Z,,md;wave1;mock3
ERPMIG,Aurora ERP: Data Migration & Cutover,ERPMIG-348,Reconcile mock 3: open AP items for plant 1100 Guelph counts and values,task,Ready,todo,,,1,points,,2026-09-24,ERPMIG-206,ERPMIG-333,2026-08-24T18:47:54Z,2026-08-24T00:00:00Z,,td;wave1;mock3
ERPMIG,Aurora ERP: Data Migration & Cutover,ERPMIG-349,Mock load 3: cost centers and profit centers for plant 1100 Guelph,task,Ready,todo,,,5,points,2026-09-09,2026-09-23,ERPMIG-227,ERPMIG-346;ERPMIG-153,2026-08-24T20:01:57Z,2026-08-24T00:00:00Z,,md;wave1;mock3
ERPMIG,Aurora ERP: Data Migration & Cutover,ERPMIG-350,Reconcile mock 2: pricing conditions for plant 1100 Guelph counts and values,task,Backlog,todo,,,5,points,,2026-08-19,ERPMIG-3,ERPMIG-246,2026-08-24T20:19:00Z,2026-08-24T00:00:00Z,,md;wave1;mock2
ERPMIG,Aurora ERP: Data Migration & Cutover,ERPMIG-351,Reconcile mock 3: material master for plant 1100 Guelph counts and values,task,To Do,todo,,,8,points,,2026-09-23,ERPMIG-227,ERPMIG-313,2026-08-24T20:45:48Z,2026-08-24T00:00:00Z,,md;wave1;mock3
ERPMIG,Aurora ERP: Data Migration & Cutover,ERPMIG-352,Mock load 3: bank master for plant 1100 Guelph,task,To Do,todo,,,5,points,,2026-09-23,ERPMIG-227,ERPMIG-330;ERPMIG-171,2026-08-24T20:56:31Z,2026-08-24T00:00:00Z,,md;wave1;mock3
ERPMIG,Aurora ERP: Data Migration & Cutover,ERPMIG-353,Reconcile mock 3: fixed assets for plant 1100 Guelph counts and values,task,To Do,todo,u-lucas.singh,Lucas Singh,5,points,,2026-09-24,ERPMIG-206,ERPMIG-343,2026-08-24T21:02:39Z,2026-08-24T00:00:00Z,,td;wave1;mock3
ERPMIG,Aurora ERP: Data Migration & Cutover,ERPMIG-354,Cutover runbook and rehearsals,epic,Backlog,todo,u-laura.schmidt,Laura Schmidt,,points,2026-10-26,2026-11-02,,,2026-09-04T16:45:39Z,2026-08-10T00:00:00Z,,cutover;wave1
ERPMIG,Aurora ERP: Data Migration & Cutover,ERPMIG-355,Cutover: legacy read-only mode,task,In Progress,in_progress,u-gabriela.weber,Gabriela Weber,13,points,2026-10-30,2026-11-01,ERPMIG-354,ERPMIG-358,2026-09-05T01:32:03Z,2026-08-24T00:00:00Z,,cutover;wave1
ERPMIG,Aurora ERP: Data Migration & Cutover,ERPMIG-356,Cutover: post-load reconciliation sign-off,task,To Do,todo,u-laura.schmidt,Laura Schmidt,8,points,,2026-11-02,ERPMIG-354,ERPMIG-355,2026-09-05T02:27:50Z,2026-08-24T00:00:00Z,,cutover;wave1
ERPMIG,Aurora ERP: Data Migration & Cutover,ERPMIG-357,Cutover: dress rehearsal 2,task,Ready,todo,,,5,points,,2026-10-28,ERPMIG-354,ERPMIG-359,2026-09-05T07:03:38Z,2026-08-24T00:00:00Z,,cutover;wave1
ERPMIG,Aurora ERP: Data Migration & Cutover,ERPMIG-358,Cutover: switch users to S/4,task,To Do,todo,u-vanessa.fischer,Vanessa Fischer,13,points,2026-10-29,2026-10-31,ERPMIG-354,ERPMIG-361;ERPMIG-288,2026-09-05T08:34:04Z,2026-08-24T00:00:00Z,,cutover;wave1
ERPMIG,Aurora ERP: Data Migration & Cutover,ERPMIG-359,Cutover: dress rehearsal 1,task,To Do,todo,u-gabriela.weber,Gabriela Weber,8,points,,,,ERPMIG-360,2026-09-05T09:12:44Z,2026-08-24T00:00:00Z,,cutover;wave1
ERPMIG,Aurora ERP: Data Migration & Cutover,ERPMIG-360,Cutover: freeze JDE transactions,task,To Do,todo,,,8,points,2026-10-26,2026-10-27,ERPMIG-354,,2026-09-05T10:13:48Z,2026-08-24T00:00:00Z,,cutover;wave1
ERPMIG,Aurora ERP: Data Migration & Cutover,ERPMIG-361,Cutover: final go/no-go checkpoint,task,To Do,todo,,,8,points,,2026-10-30,ERPMIG-354,ERPMIG-357,2026-09-05T13:15:39Z,2026-08-24T00:00:00Z,,cutover;wave1
ERPMIG,Aurora ERP: Data Migration & Cutover,ERPMIG-362,TD: final load and cutover,epic,Ready,todo,u-marcus.kim,Marcus Kim,,points,2026-10-18,,,,2026-09-09T21:31:24Z,2026-08-17T00:00:00Z,,td;wave1;cutover
ERPMIG,Aurora ERP: Data Migration & Cutover,ERPMIG-363,Final load: open sales orders,task,Ready,todo,u-isabela.kim,Isabela Kim,5,points,,2026-10-24,ERPMIG-362,ERPMIG-273,2026-09-10T04:59:27Z,2026-08-24T00:00:00Z,,td;wave1;cutover
ERPMIG,Aurora ERP: Data Migration & Cutover,ERPMIG-364,Business sign-off: open AR items data quality,task,Ready,todo,,,2,points,,2026-11-08,ERPMIG-362,ERPMIG-378,2026-09-10T05:04:03Z,2026-08-24T00:00:00Z,,td;wave1;cutover
ERPMIG,Aurora ERP: Data Migration & Cutover,ERPMIG-365,Final load: inventory balances,task,To Do,todo,u-marcus.kim,Marcus Kim,3,points,,2026-11-02,ERPMIG-362,ERPMIG-311,2026-09-10T05:39:15Z,2026-08-24T00:00:00Z,,td;wave1;cutover
ERPMIG,Aurora ERP: Data Migration & Cutover,ERPMIG-366,Business sign-off: open sales orders for plant 1100 Guelph data quality,task,To Do,todo,,,8,points,,2026-11-12,ERPMIG-362,ERPMIG-367,2026-09-10T07:11:30Z,2026-08-24T00:00:00Z,,td;wave1;cutover
ERPMIG,Aurora ERP: Data Migration & Cutover,ERPMIG-367,Final load: open sales orders for plant 1100 Guelph,task,To Do,todo,u-vanessa.fischer,Vanessa Fischer,8,points,,2026-11-07,ERPMIG-362,ERPMIG-336,2026-09-10T07:32:48Z,2026-08-24T00:00:00Z,,td;wave1;cutover
ERPMIG,Aurora ERP: Data Migration & Cutover,ERPMIG-368,Final load: fixed assets,task,Backlog,todo,u-vanessa.fischer,Vanessa Fischer,5,points,,2026-10-31,ERPMIG-362,ERPMIG-298,2026-09-10T07:40:09Z,2026-08-24T00:00:00Z,,td;wave1;cutover
ERPMIG,Aurora ERP: Data Migration & Cutover,ERPMIG-369,Business sign-off: open AR items for plant 1100 Guelph data quality,task,Ready,todo,u-laura.schmidt,Laura Schmidt,1,points,2026-11-17,2026-11-12,ERPMIG-362,ERPMIG-382,2026-09-10T08:51:04Z,2026-08-24T00:00:00Z,,td;wave1;cutover
ERPMIG,Aurora ERP: Data Migration & Cutover,ERPMIG-370,Business sign-off: fixed assets data quality,task,Ready,todo,,,2,points,2026-11-04,2026-11-10,ERPMIG-362,ERPMIG-368,2026-09-10T09:09:45Z,2026-08-24T00:00:00Z,,td;wave1;cutover
ERPMIG,Aurora ERP: Data Migration & Cutover,ERPMIG-371,Final load: open AP items for plant 1100 Guelph,task,To Do,todo,,,3,points,,2026-11-10,ERPMIG-362,ERPMIG-348,2026-09-10T09:10:10Z,2026-08-24T00:00:00Z,,td;wave1;cutover
ERPMIG,Aurora ERP: Data Migration & Cutover,ERPMIG-372,Business sign-off: open AP items for plant 1100 Guelph data quality,task,Backlog,todo,,,8,points,,,,ERPMIG-371,2026-09-10T09:15:09Z,2026-08-24T00:00:00Z,,td;wave1;cutover
ERPMIG,Aurora ERP: Data Migration & Cutover,ERPMIG-373,Final load: open purchase orders,task,To Do,todo,,,,points,,2026-10-22,ERPMIG-362,ERPMIG-270,2026-09-10T10:04:47Z,2026-08-24T00:00:00Z,,td;wave1;cutover
ERPMIG,Aurora ERP: Data Migration & Cutover,ERPMIG-374,Business sign-off: inventory balances data quality,task,To Do,todo,,,8,points,,,ERPMIG-362,ERPMIG-365,2026-09-10T10:14:14Z,2026-08-24T00:00:00Z,,td;wave1;cutover
ERPMIG,Aurora ERP: Data Migration & Cutover,ERPMIG-375,Final load: GL balances for plant 1100 Guelph,task,To Do,todo,,,2,points,,2026-11-07,ERPMIG-362,ERPMIG-334,2026-09-10T11:28:14Z,2026-08-24T00:00:00Z,,td;wave1;cutover
ERPMIG,Aurora ERP: Data Migration & Cutover,ERPMIG-376,Business sign-off: fixed assets for plant 1100 Guelph data quality,task,To Do,todo,,,3,points,,2026-11-12,ERPMIG-362,ERPMIG-384,2026-09-10T12:16:23Z,2026-08-24T00:00:00Z,,td;wave1;cutover
ERPMIG,Aurora ERP: Data Migration & Cutover,ERPMIG-377,Business sign-off: GL balances data quality,task,To Do,todo,u-isabela.kim,Isabela Kim,2,points,2026-10-30,,ERPMIG-362,ERPMIG-387,2026-09-10T12:35:38Z,2026-08-24T00:00:00Z,,td;wave1;cutover
ERPMIG,Aurora ERP: Data Migration & Cutover,ERPMIG-378,Final load: open AR items,task,Backlog,todo,,,8,points,,2026-10-29,ERPMIG-362,ERPMIG-317,2026-09-10T13:02:37Z,2026-08-24T00:00:00Z,,td;wave1;cutover
ERPMIG,Aurora ERP: Data Migration & Cutover,ERPMIG-379,Final load: open production orders,task,To Do,todo,u-lucas.singh,Lucas Singh,3,points,,2026-11-03,,ERPMIG-314,2026-09-10T13:14:32Z,2026-08-24T00:00:00Z,,td;wave1;cutover
ERPMIG,Aurora ERP: Data Migration & Cutover,ERPMIG-380,Business sign-off: open AP items data quality,task,Backlog,todo,u-laura.schmidt,Laura Schmidt,,points,,2026-11-06,ERPMIG-362,ERPMIG-389,2026-09-10T13:25:54Z,2026-08-24T00:00:00Z,,td;wave1;cutover
ERPMIG,Aurora ERP: Data Migration & Cutover,ERPMIG-381,Business sign-off: open purchase orders for plant 1100 Guelph data quality,task,Backlog,todo,u-vanessa.fischer,Vanessa Fischer,13,points,,2026-11-12,ERPMIG-362,ERPMIG-386,2026-09-10T13:31:27Z,2026-08-24T00:00:00Z,,td;wave1;cutover
ERPMIG,Aurora ERP: Data Migration & Cutover,ERPMIG-382,Final load: open AR items for plant 1100 Guelph,task,To Do,todo,u-vanessa.fischer,Vanessa Fischer,8,points,,2026-11-12,ERPMIG-362,ERPMIG-337,2026-09-10T14:02:46Z,2026-08-24T00:00:00Z,,td;wave1;cutover
ERPMIG,Aurora ERP: Data Migration & Cutover,ERPMIG-383,Business sign-off: open production orders data quality,task,Backlog,todo,,,5,points,2026-11-08,2026-11-12,ERPMIG-362,ERPMIG-379,2026-09-10T14:33:19Z,2026-08-24T00:00:00Z,,td;wave1;cutover
ERPMIG,Aurora ERP: Data Migration & Cutover,ERPMIG-384,Final load: fixed assets for plant 1100 Guelph,task,Backlog,todo,u-vanessa.reddy,Vanessa Reddy,3,points,,2026-11-12,,ERPMIG-353,2026-09-10T14:41:16Z,2026-08-24T00:00:00Z,,td;wave1;cutover
ERPMIG,Aurora ERP: Data Migration & Cutover,ERPMIG-385,Business sign-off: open sales orders data quality,task,To Do,todo,,,3,points,,2026-11-02,ERPMIG-362,ERPMIG-363,2026-09-10T15:39:23Z,2026-08-24T00:00:00Z,,td;wave1;cutover
ERPMIG,Aurora ERP: Data Migration & Cutover,ERPMIG-386,Final load: open purchase orders for plant 1100 Guelph,task,To Do,todo,,,2,points,,2026-11-05,ERPMIG-362,ERPMIG-332,2026-09-10T15:41:49Z,2026-08-24T00:00:00Z,,td;wave1;cutover
ERPMIG,Aurora ERP: Data Migration & Cutover,ERPMIG-387,Final load: GL balances,task,To Do,todo,,,8,points,2026-10-19,2026-10-26,ERPMIG-362,ERPMIG-292,2026-09-10T16:13:57Z,2026-08-24T00:00:00Z,,td;wave1;cutover
ERPMIG,Aurora ERP: Data Migration & Cutover,ERPMIG-388,Business sign-off: GL balances for plant 1100 Guelph data quality,task,To Do,todo,,,3,points,,2026-11-12,ERPMIG-362,ERPMIG-375,2026-09-10T16:45:01Z,2026-08-24T00:00:00Z,,td;wave1;cutover
ERPMIG,Aurora ERP: Data Migration & Cutover,ERPMIG-389,Final load: open AP items,task,Ready,todo,,,5,points,,2026-10-26,ERPMIG-362,ERPMIG-296,2026-09-10T17:36:47Z,2026-08-24T00:00:00Z,,td;wave1;cutover
ERPMIG,Aurora ERP: Data Migration & Cutover,ERPMIG-390,Business sign-off: open purchase orders data quality,task,To Do,todo,,,8,points,2026-10-26,2026-11-01,ERPMIG-362,ERPMIG-373,2026-09-10T18:02:34Z,2026-08-24T00:00:00Z,,td;wave1;cutover
ERPMIG,Aurora ERP: Data Migration & Cutover,ERPMIG-391,MD: final load and cutover,epic,To Do,todo,u-isabela.kim,Isabela Kim,,points,2026-10-20,2026-11-03,,,2026-09-15T15:28:45Z,2026-08-07T00:00:00Z,,md;wave1;cutover
ERPMIG,Aurora ERP: Data Migration & Cutover,ERPMIG-392,Business sign-off: vendor master to Business Partner data quality,task,Ready,todo,u-lucas.singh,Lucas Singh,5,points,2026-10-25,2026-10-28,ERPMIG-391,ERPMIG-406,2026-09-15T22:41:39Z,2026-08-24T00:00:00Z,,md;wave1;cutover
ERPMIG,Aurora ERP: Data Migration & Cutover,ERPMIG-393,Business sign-off: pricing conditions for plant 1100 Guelph data quality,task,To Do,todo,,,3,points,,2026-11-03,ERPMIG-391,ERPMIG-396,2026-09-15T23:26:59Z,2026-08-24T00:00:00Z,,md;wave1;cutover
ERPMIG,Aurora ERP: Data Migration & Cutover,ERPMIG-394,Final load: bank master,task,Ready,todo,,,,points,,2026-10-27,ERPMIG-391,ERPMIG-324,2026-09-15T23:32:38Z,2026-08-24T00:00:00Z,,md;wave1;cutover
ERPMIG,Aurora ERP: Data Migration & Cutover,ERPMIG-395,Business sign-off: bank master data quality,task,Backlog,todo,u-lucas.singh,Lucas Singh,2,points,2026-10-29,2026-11-02,ERPMIG-391,ERPMIG-394,2026-09-16T00:18:35Z,2026-08-24T00:00:00Z,,md;wave1;cutover
ERPMIG,Aurora ERP: Data Migration & Cutover,ERPMIG-396,Final load: pricing conditions for plant 1100 Guelph,task,To Do,todo,,,5,points,,2026-11-03,ERPMIG-391,ERPMIG-347,2026-09-16T01:02:19Z,2026-08-24T00:00:00Z,,md;wave1;cutover
ERPMIG,Aurora ERP: Data Migration & Cutover,ERPMIG-397,Business sign-off: material master data quality,task,To Do,todo,u-gustavo.nguyen,Gustavo Nguyen,8,points,2026-10-26,,ERPMIG-391,ERPMIG-401,2026-09-16T01:14:18Z,2026-08-24T00:00:00Z,,md;wave1;cutover
ERPMIG,Aurora ERP: Data Migration & Cutover,ERPMIG-398,Final load: customer master to Business Partner for plant 1100 Guelph,task,Ready,todo,,,8,points,2026-10-26,2026-10-29,ERPMIG-391,ERPMIG-315,2026-09-16T01:52:47Z,2026-08-24T00:00:00Z,,md;wave1;cutover
ERPMIG,Aurora ERP: Data Migration & Cutover,ERPMIG-399,Final load: vendor master to Business Partner for plant 1100 Guelph,task,Backlog,todo,,,8,points,2026-10-27,2026-10-31,ERPMIG-391,ERPMIG-335,2026-09-16T02:13:28Z,2026-08-24T00:00:00Z,,md;wave1;cutover
ERPMIG,Aurora ERP: Data Migration & Cutover,ERPMIG-400,Business sign-off: routings for plant 1100 Guelph data quality,task,Backlog,todo,,,2,points,,2026-11-03,ERPMIG-391,ERPMIG-407,2026-09-16T02:15:02Z,2026-08-24T00:00:00Z,,md;wave1;cutover
ERPMIG,Aurora ERP: Data Migration & Cutover,ERPMIG-401,Final load: material master,task,To Do,todo,u-laura.schmidt,Laura Schmidt,,points,,2026-10-23,ERPMIG-391,ERPMIG-289,2026-09-16T02:41:01Z,2026-08-24T00:00:00Z,,md;wave1;cutover
ERPMIG,Aurora ERP: Data Migration & Cutover,ERPMIG-402,Final load: equipment and functional locations,task,In Progress,in_progress,u-bruno.reddy,Bruno Reddy,,points,,2026-10-28,ERPMIG-391,ERPMIG-297,2026-09-16T03:01:40Z,2026-08-24T00:00:00Z,,md;wave1;cutover
ERPMIG,Aurora ERP: Data Migration & Cutover,ERPMIG-403,Final load: routings,task,Backlog,todo,u-gustavo.nguyen,Gustavo Nguyen,8,points,2026-10-22,2026-10-25,,ERPMIG-285,2026-09-16T03:54:35Z,2026-08-24T00:00:00Z,,md;wave1;cutover
ERPMIG,Aurora ERP: Data Migration & Cutover,ERPMIG-404,Business sign-off: cost centers and profit centers for plant 1100 Guelph data quality,task,Backlog,todo,,,13,points,2026-11-06,2026-11-03,ERPMIG-391,ERPMIG-409,2026-09-16T04:07:27Z,2026-08-24T00:00:00Z,,md;wave1;cutover
ERPMIG,Aurora ERP: Data Migration & Cutover,ERPMIG-405,Final load: customer master to Business Partner,task,To Do,todo,u-gustavo.nguyen,Gustavo Nguyen,1,points,,2026-10-22,ERPMIG-391,ERPMIG-277,2026-09-16T04:50:17Z,2026-08-24T00:00:00Z,,md;wave1;cutover
ERPMIG,Aurora ERP: Data Migration & Cutover,ERPMIG-406,Final load: vendor master to Business Partner,task,To Do,todo,u-marcus.kim,Marcus Kim,3,points,,2026-10-22,ERPMIG-391,ERPMIG-290,2026-09-16T05:03:21Z,2026-08-24T00:00:00Z,,md;wave1;cutover
ERPMIG,Aurora ERP: Data Migration & Cutover,ERPMIG-407,Final load: routings for plant 1100 Guelph,task,Backlog,todo,u-gustavo.nguyen,Gustavo Nguyen,1,points,,2026-11-02,ERPMIG-391,ERPMIG-340,2026-09-16T05:20:13Z,2026-08-24T00:00:00Z,,md;wave1;cutover
ERPMIG,Aurora ERP: Data Migration & Cutover,ERPMIG-408,Final load: BOMs,task,To Do,todo,,,,points,,2026-10-24,ERPMIG-391,ERPMIG-262,2026-09-16T05:21:48Z,2026-08-24T00:00:00Z,,md;wave1;cutover
ERPMIG,Aurora ERP: Data Migration & Cutover,ERPMIG-409,Final load: cost centers and profit centers for plant 1100 Guelph,task,Ready,todo,u-victor.sharma,Victor Sharma,2,points,,2026-11-03,ERPMIG-391,ERPMIG-344,2026-09-16T05:43:49Z,2026-08-24T00:00:00Z,,md;wave1;cutover
ERPMIG,Aurora ERP: Data Migration & Cutover,ERPMIG-410,Business sign-off: pricing conditions data quality,task,To Do,todo,,,2,points,,2026-10-31,ERPMIG-391,ERPMIG-420,2026-09-16T06:18:03Z,2026-08-24T00:00:00Z,,md;wave1;cutover
ERPMIG,Aurora ERP: Data Migration & Cutover,ERPMIG-411,Business sign-off: material master for plant 1100 Guelph data quality,task,To Do,todo,u-vanessa.fischer,Vanessa Fischer,3,points,,2026-11-03,ERPMIG-391,ERPMIG-415,2026-09-16T09:02:02Z,2026-08-24T00:00:00Z,,md;wave1;cutover
ERPMIG,Aurora ERP: Data Migration & Cutover,ERPMIG-412,Business sign-off: vendor master to Business Partner for plant 1100 Guelph data quality,task,Ready,todo,u-lucas.singh,Lucas Singh,5,points,,,ERPMIG-391,ERPMIG-399,2026-09-16T09:18:13Z,2026-08-24T00:00:00Z,,md;wave1;cutover
ERPMIG,Aurora ERP: Data Migration & Cutover,ERPMIG-413,Business sign-off: customer master to Business Partner data quality,task,To Do,todo,,,2,points,2026-10-25,2026-10-27,ERPMIG-391,ERPMIG-405,2026-09-16T09:42:21Z,2026-08-24T00:00:00Z,,md;wave1;cutover
ERPMIG,Aurora ERP: Data Migration & Cutover,ERPMIG-414,Final load: BOMs for plant 1100 Guelph,task,Backlog,todo,u-marcus.kim,Marcus Kim,8,points,,2026-11-01,ERPMIG-391,ERPMIG-338,2026-09-16T09:46:17Z,2026-08-24T00:00:00Z,,md;wave1;cutover
ERPMIG,Aurora ERP: Data Migration & Cutover,ERPMIG-415,Final load: material master for plant 1100 Guelph,task,To Do,todo,u-gabriela.weber,Gabriela Weber,13,points,,2026-10-31,ERPMIG-391,ERPMIG-351,2026-09-16T09:53:57Z,2026-08-24T00:00:00Z,,md;wave1;cutover
ERPMIG,Aurora ERP: Data Migration & Cutover,ERPMIG-416,Final load: employee master,task,Ready,todo,,,1,points,2026-10-25,2026-10-28,ERPMIG-391,ERPMIG-319,2026-09-16T10:04:39Z,2026-08-24T00:00:00Z,,md;wave1;cutover
ERPMIG,Aurora ERP: Data Migration & Cutover,ERPMIG-417,Business sign-off: equipment and functional locations data quality,task,Ready,todo,,,5,points,,2026-11-03,ERPMIG-391,ERPMIG-402,2026-09-16T10:22:54Z,2026-08-24T00:00:00Z,,md;wave1;cutover
ERPMIG,Aurora ERP: Data Migration & Cutover,ERPMIG-418,Business sign-off: BOMs for plant 1100 Guelph data quality,task,Ready,todo,u-marcus.kim,Marcus Kim,3,points,,2026-11-03,ERPMIG-391,ERPMIG-414,2026-09-16T10:25:36Z,2026-08-24T00:00:00Z,,md;wave1;cutover
ERPMIG,Aurora ERP: Data Migration & Cutover,ERPMIG-419,Business sign-off: BOMs data quality,task,Backlog,todo,u-laura.schmidt,Laura Schmidt,3,points,2026-10-27,2026-10-29,ERPMIG-391,ERPMIG-408,2026-09-16T10:34:59Z,2026-08-24T00:00:00Z,,md;wave1;cutover
ERPMIG,Aurora ERP: Data Migration & Cutover,ERPMIG-420,Final load: pricing conditions,task,Backlog,todo,u-gabriela.weber,Gabriela Weber,3,points,2026-10-22,2026-10-26,ERPMIG-391,ERPMIG-299,2026-09-16T10:47:47Z,2026-08-24T00:00:00Z,,md;wave1;cutover
ERPMIG,Aurora ERP: Data Migration & Cutover,ERPMIG-421,Business sign-off: employee master data quality,task,To Do,todo,u-laura.schmidt,Laura Schmidt,2,points,,2026-11-03,ERPMIG-391,ERPMIG-416,2026-09-16T10:56:24Z,2026-08-24T00:00:00Z,,md;wave1;cutover
ERPMIG,Aurora ERP: Data Migration & Cutover,ERPMIG-422,Final load: cost centers and profit centers,task,To Do,todo,u-lucas.singh,Lucas Singh,2,points,,2026-10-27,ERPMIG-391,ERPMIG-301,2026-09-16T11:21:58Z,2026-08-24T00:00:00Z,,md;wave1;cutover
ERPMIG,Aurora ERP: Data Migration & Cutover,ERPMIG-423,Business sign-off: customer master to Business Partner for plant 1100 Guelph data quality,task,Backlog,todo,u-vanessa.fischer,Vanessa Fischer,5,points,,2026-11-03,,ERPMIG-398,2026-09-16T11:24:48Z,2026-08-24T00:00:00Z,,md;wave1;cutover
ERPMIG,Aurora ERP: Data Migration & Cutover,ERPMIG-424,Business sign-off: routings data quality,task,Backlog,todo,,,2,points,,2026-10-31,ERPMIG-391,ERPMIG-403,2026-09-16T11:33:37Z,2026-08-24T00:00:00Z,,md;wave1;cutover
ERPMIG,Aurora ERP: Data Migration & Cutover,ERPMIG-425,Business sign-off: cost centers and profit centers data quality,task,Ready,todo,u-gabriela.weber,Gabriela Weber,5,points,,2026-11-01,ERPMIG-391,ERPMIG-422,2026-09-16T12:33:03Z,2026-08-24T00:00:00Z,,md;wave1;cutover
ERPMIG,Aurora ERP: Data Migration & Cutover,ERPMIG-426,Business sign-off: bank master for plant 1100 Guelph data quality,task,Ready,todo,u-vanessa.fischer,Vanessa Fischer,5,points,,2026-11-03,ERPMIG-391,ERPMIG-427,2026-09-16T12:55:49Z,2026-08-24T00:00:00Z,,md;wave1;cutover
ERPMIG,Aurora ERP: Data Migration & Cutover,ERPMIG-427,Final load: bank master for plant 1100 Guelph,task,To Do,todo,,,5,points,2026-11-01,2026-11-03,ERPMIG-391,ERPMIG-342,2026-09-16T13:03:22Z,2026-08-24T00:00:00Z,,md;wave1;cutover
ERPMIG,Aurora ERP: Data Migration & Cutover,ERPMIG-428,Wave 2: Brazil legal entities data migration,epic,To Do,todo,u-vanessa.fischer,Vanessa Fischer,,points,2027-02-24,,,,2027-01-19T10:37:52Z,2027-01-19T10:37:52Z,,wave2
ERPBI,Aurora ERP: Reporting & Analytics,ERPBI-1,DM: requirements and data model,epic,Blocked,in_progress,u-sarah.rocha,Sarah Rocha,,points,2025-12-06,2026-02-28,,,2025-11-03T14:33:26Z,2026-08-19T00:00:00Z,,dm;wave1;explore
ERPBI,Aurora ERP: Reporting & Analytics,ERPBI-2,Requirements: CDS views for finance,task,Done,done,u-gustavo.pereira,Gustavo Pereira,5,points,,,ERPBI-1,,2025-11-07T07:32:35Z,2025-12-28T15:09:38Z,2025-12-27T11:21:05Z,dm;wave1;explore
ERPBI,Aurora ERP: Reporting & Analytics,ERPBI-3,RPT: requirements and data model,epic,Done,done,,,,points,2025-12-10,2026-02-20,,,2025-11-07T16:53:54Z,2026-02-22T00:00:00Z,2026-02-22T00:00:00Z,rpt;wave1;explore
ERPBI,Aurora ERP: Reporting & Analytics,ERPBI-4,Requirements: AR aging report,task,Closed,done,u-sarah.rocha,Sarah Rocha,3,points,,2025-12-23,ERPBI-3,,2025-11-13T08:53:34Z,2025-12-30T14:22:09Z,2025-12-28T20:18:58Z,rpt;wave1;explore
ERPBI,Aurora ERP: Reporting & Analytics,ERPBI-5,Requirements: gross margin by product line,task,Closed,done,u-sarah.rocha,Sarah Rocha,8,points,,2026-01-01,ERPBI-3,,2025-11-29T05:31:52Z,2026-01-01T19:12:01Z,2026-01-01T01:19:36Z,rpt;wave1;explore
ERPBI,Aurora ERP: Reporting & Analytics,ERPBI-6,Data model: inventory valuation report,task,Done,done,u-emilie.lima,Émilie Lima,2,points,,2026-01-05,ERPBI-3,ERPBI-13,2025-12-03T05:24:21Z,2026-01-10T21:02:21Z,2026-01-10T06:42:51Z,rpt;wave1;explore
ERPBI,Aurora ERP: Reporting & Analytics,ERPBI-7,Data model: CDS views for finance,task,Closed,done,u-sarah.rocha,Sarah Rocha,5,points,2025-12-14,2025-12-30,ERPBI-1,ERPBI-2;ERPBI-125,2025-12-05T12:55:02Z,2026-01-04T00:34:35Z,2026-01-02T09:13:26Z,dm;wave1;explore
ERPBI,Aurora ERP: Reporting & Analytics,ERPBI-8,Requirements: Fiori launchpad catalogs,task,To Do,todo,,,8,points,,2026-01-01,ERPBI-1,,2025-12-06T23:35:31Z,2026-07-23T18:05:10Z,,dm;wave1;explore
ERPBI,Aurora ERP: Reporting & Analytics,ERPBI-9,Data model: CDS views for logistics,task,Done,done,u-camila.gagnon,Camila Gagnon,13,points,2025-12-20,2026-01-08,ERPBI-1,ERPBI-12,2025-12-07T04:08:48Z,2026-01-19T21:37:50Z,2026-01-18T21:29:44Z,dm;wave1;explore
ERPBI,Aurora ERP: Reporting & Analytics,ERPBI-10,Data model: OEE dashboard,task,Closed,done,u-gustavo.nguyen,Gustavo Nguyen,5,points,,2026-01-10,ERPBI-3,ERPBI-17,2025-12-07T17:44:16Z,2026-01-11T20:43:23Z,2026-01-10T08:13:31Z,rpt;wave1;explore
ERPBI,Aurora ERP: Reporting & Analytics,ERPBI-11,Data model: AR aging report,task,Done,done,u-emilie.lima,Émilie Lima,3,points,,2025-12-31,ERPBI-3,ERPBI-4,2025-12-08T23:44:23Z,2025-12-29T18:39:46Z,2025-12-28T02:23:07Z,rpt;wave1;explore
ERPBI,Aurora ERP: Reporting & Analytics,ERPBI-12,Requirements: CDS views for logistics,task,Done,done,u-sarah.rocha,Sarah Rocha,5,points,,2025-12-30,,ERPBI-108,2025-12-10T13:52:02Z,2026-01-03T19:13:15Z,2026-01-03T00:37:10Z,dm;wave1;explore
ERPBI,Aurora ERP: Reporting & Analytics,ERPBI-13,Requirements: inventory valuation report,task,Done,done,u-gustavo.pereira,Gustavo Pereira,3,points,,,ERPBI-3,,2025-12-10T14:17:30Z,2025-12-30T23:37:30Z,2025-12-30T09:55:40Z,rpt;wave1;explore
ERPBI,Aurora ERP: Reporting & Analytics,ERPBI-14,Data model: gross margin by product line,task,Done,done,u-sarah.rocha,Sarah Rocha,8,points,,2026-01-11,ERPBI-3,ERPBI-5,2025-12-11T22:38:04Z,2026-01-12T11:05:57Z,2026-01-11T04:45:20Z,rpt;wave1;explore
ERPBI,Aurora ERP: Reporting & Analytics,ERPBI-15,Requirements: Power BI semantic model,task,Blocked,in_progress,,,2,points,,2026-01-28,ERPBI-1,,2025-12-13T16:21:24Z,2026-08-22T16:50:33Z,,dm;wave1;explore
ERPBI,Aurora ERP: Reporting & Analytics,ERPBI-16,Requirements: production variance report,task,Done,done,u-sarah.rocha,Sarah Rocha,3,points,,2026-01-12,ERPBI-3,,2025-12-14T03:17:06Z,2026-01-16T17:48:02Z,2026-01-16T05:11:33Z,rpt;wave1;explore
ERPBI,Aurora ERP: Reporting & Analytics,ERPBI-17,Requirements: OEE dashboard,task,Done,done,u-hannah.schmidt,Hannah Schmidt,5,points,,2025-12-27,ERPBI-3,,2025-12-14T07:41:12Z,2025-12-29T11:17:57Z,2025-12-29T03:50:35Z,rpt;wave1;explore
ERPBI,Aurora ERP: Reporting & Analytics,ERPBI-18,Data model: 13-week cash forecast,task,Done,done,u-hannah.schmidt,Hannah Schmidt,2,points,,,ERPBI-3,ERPBI-22,2025-12-14T11:56:02Z,2026-01-19T08:28:23Z,2026-01-18T04:32:34Z,rpt;wave1;explore
ERPBI,Aurora ERP: Reporting & Analytics,ERPBI-19,Data model: SAC data model,task,Done,done,u-sarah.rocha,Sarah Rocha,3,points,2026-01-14,2026-01-31,ERPBI-1,ERPBI-20,2025-12-17T03:18:38Z,2026-01-31T03:33:32Z,2026-01-30T01:36:03Z,dm;wave1;explore
ERPBI,Aurora ERP: Reporting & Analytics,ERPBI-20,Requirements: SAC data model,task,Closed,done,u-hannah.schmidt,Hannah Schmidt,13,points,,2026-01-19,ERPBI-1,,2025-12-18T05:13:49Z,2026-01-31T13:07:55Z,2026-01-29T14:54:35Z,dm;wave1;explore
ERPBI,Aurora ERP: Reporting & Analytics,ERPBI-21,Requirements: open PO commitment report,task,Done,done,u-sarah.rocha,Sarah Rocha,2,points,,2026-01-22,ERPBI-3,,2025-12-18T18:29:08Z,2026-01-24T12:57:03Z,2026-01-23T19:18:02Z,rpt;wave1;explore
ERPBI,Aurora ERP: Reporting & Analytics,ERPBI-22,Requirements: 13-week cash forecast,task,Done,done,u-sarah.rocha,Sarah Rocha,8,points,,2026-01-08,ERPBI-3,,2025-12-19T14:33:24Z,2026-01-10T12:39:54Z,,rpt;wave1;explore
ERPBI,Aurora ERP: Reporting & Analytics,ERPBI-23,Data model: embedded analytics tiles,task,Done,done,u-sarah.rocha,Sarah Rocha,8,points,,2026-01-21,ERPBI-1,ERPBI-24,2025-12-20T11:03:53Z,2026-01-31T03:35:44Z,2026-01-30T15:54:40Z,dm;wave1;explore
ERPBI,Aurora ERP: Reporting & Analytics,ERPBI-24,Requirements: embedded analytics tiles,task,Done,done,u-emilie.kim,Émilie Kim,13,points,,2026-01-14,ERPBI-1,,2025-12-22T14:40:25Z,2026-01-14T10:53:53Z,2026-01-13T22:23:09Z,dm;wave1;explore
ERPBI,Aurora ERP: Reporting & Analytics,ERPBI-25,Data model: Fiori launchpad catalogs,task,Closed,done,u-emilie.lima,Émilie Lima,1,points,2025-12-29,2026-01-17,,ERPBI-8,2025-12-27T04:12:29Z,2026-01-20T00:13:16Z,2026-01-19T08:16:48Z,dm;wave1;explore
ERPBI,Aurora ERP: Reporting & Analytics,ERPBI-26,Requirements: supplier OTIF scorecard,task,Closed,done,u-sarah.rocha,Sarah Rocha,2,points,,2026-01-12,ERPBI-3,,2025-12-27T05:39:37Z,2026-01-16T18:23:08Z,2026-01-16T05:59:08Z,rpt;wave1;explore
ERPBI,Aurora ERP: Reporting & Analytics,ERPBI-27,Data model: supplier OTIF scorecard,task,Closed,done,u-emilie.lima,Émilie Lima,5,points,,2026-01-21,ERPBI-3,ERPBI-26,2025-12-30T02:08:28Z,2026-01-24T09:02:35Z,2026-01-23T01:02:43Z,rpt;wave1;explore
ERPBI,Aurora ERP: Reporting & Analytics,ERPBI-28,Data model: Power BI semantic model,task,Closed,done,u-gustavo.nguyen,Gustavo Nguyen,5,points,2026-01-19,,ERPBI-1,ERPBI-15,2025-12-30T13:24:28Z,2026-02-08T03:19:09Z,2026-02-06T08:54:29Z,dm;wave1;explore
ERPBI,Aurora ERP: Reporting & Analytics,ERPBI-29,Requirements: headcount and overtime report,task,Closed,done,u-sarah.rocha,Sarah Rocha,5,points,,,ERPBI-3,,2025-12-31T06:36:29Z,2026-01-20T10:30:47Z,2026-01-18T21:48:52Z,rpt;wave1;explore
ERPBI,Aurora ERP: Reporting & Analytics,ERPBI-30,Requirements: OEE dashboard for plant 1100 Guelph,task,Done,done,u-emilie.kim,Émilie Kim,3,points,,,ERPBI-3,,2026-01-04T03:36:00Z,2026-02-13T18:16:32Z,2026-02-12T13:58:47Z,rpt;wave1;explore
ERPBI,Aurora ERP: Reporting & Analytics,ERPBI-31,Requirements: AR aging report for plant 1100 Guelph,task,Done,done,u-sarah.rocha,Sarah Rocha,2,points,2026-01-14,2026-02-01,ERPBI-3,,2026-01-06T10:24:41Z,2026-02-09T01:42:30Z,2026-02-07T13:29:44Z,rpt;wave1;explore
ERPBI,Aurora ERP: Reporting & Analytics,ERPBI-32,Data model: headcount and overtime report,task,Closed,done,u-emilie.lima,Émilie Lima,8,points,2026-01-14,2026-01-26,ERPBI-3,ERPBI-29,2026-01-08T02:56:18Z,2026-01-26T10:09:51Z,2026-01-26T03:00:48Z,rpt;wave1;explore
ERPBI,Aurora ERP: Reporting & Analytics,ERPBI-33,Requirements: tax reconciliation GST/HST,task,Done,done,u-gustavo.pereira,Gustavo Pereira,1,points,,,ERPBI-3,,2026-01-10T17:07:51Z,2026-02-03T04:49:45Z,2026-02-03T01:23:03Z,rpt;wave1;explore
ERPBI,Aurora ERP: Reporting & Analytics,ERPBI-34,Data model: production variance report,task,Done,done,u-hannah.schmidt,Hannah Schmidt,3,points,,2026-01-27,ERPBI-3,ERPBI-16,2026-01-10T19:03:19Z,2026-02-04T10:06:08Z,2026-02-04T03:45:10Z,rpt;wave1;explore
ERPBI,Aurora ERP: Reporting & Analytics,ERPBI-35,Requirements: inventory valuation report for plant 1100 Guelph,task,Done,done,u-hannah.schmidt,Hannah Schmidt,13,points,,2026-01-31,ERPBI-3,ERPBI-102,2026-01-12T06:09:55Z,2026-02-05T03:21:41Z,2026-02-04T08:05:52Z,rpt;wave1;explore
ERPBI,Aurora ERP: Reporting & Analytics,ERPBI-36,DM: build and validation,epic,In Progress,in_progress,u-gustavo.nguyen,Gustavo Nguyen,,points,2026-02-13,2026-08-25,,,2026-01-12T07:52:00Z,2026-08-18T00:00:00Z,,dm;wave1;realize
ERPBI,Aurora ERP: Reporting & Analytics,ERPBI-37,Data model: AR aging report for plant 1100 Guelph,task,Done,done,u-sarah.rocha,Sarah Rocha,8,points,2026-01-24,,ERPBI-3,ERPBI-31,2026-01-12T08:17:08Z,2026-02-09T18:48:23Z,2026-02-08T10:06:08Z,rpt;wave1;explore
ERPBI,Aurora ERP: Reporting & Analytics,ERPBI-38,Data model: inventory valuation report for plant 1100 Guelph,task,Closed,done,u-sarah.rocha,Sarah Rocha,5,points,,,ERPBI-3,ERPBI-35,2026-01-12T15:11:34Z,2026-02-11T18:11:58Z,2026-02-11T09:07:21Z,rpt;wave1;explore
ERPBI,Aurora ERP: Reporting & Analytics,ERPBI-39,Data model: OEE dashboard for plant 1100 Guelph,task,Closed,done,u-camila.gagnon,Camila Gagnon,2,points,,2026-02-16,ERPBI-3,ERPBI-30,2026-01-12T15:14:12Z,2026-02-22T20:33:33Z,2026-02-21T17:18:50Z,rpt;wave1;explore
ERPBI,Aurora ERP: Reporting & Analytics,ERPBI-40,Requirements: gross margin by product line for plant 1100 Guelph,task,Closed,done,u-camila.gagnon,Camila Gagnon,8,points,,,ERPBI-3,,2026-01-14T07:08:46Z,2026-02-20T15:03:26Z,2026-02-19T20:23:40Z,rpt;wave1;explore
ERPBI,Aurora ERP: Reporting & Analytics,ERPBI-41,Data model: tax reconciliation GST/HST,task,Done,done,u-sarah.rocha,Sarah Rocha,3,points,,2026-02-04,ERPBI-3,ERPBI-33,2026-01-14T16:35:17Z,2026-02-14T04:55:08Z,2026-02-14T00:59:06Z,rpt;wave1;explore
ERPBI,Aurora ERP: Reporting & Analytics,ERPBI-42,Requirements: CDS views for finance for plant 1100 Guelph,task,Done,done,u-sarah.rocha,Sarah Rocha,3,points,,,ERPBI-1,,2026-01-15T07:30:25Z,2026-02-15T13:55:22Z,2026-02-14T07:27:15Z,dm;wave1;explore
ERPBI,Aurora ERP: Reporting & Analytics,ERPBI-43,Data model: open PO commitment report,task,Closed,done,u-emilie.lima,Émilie Lima,5,points,,,ERPBI-3,ERPBI-21,2026-01-17T00:34:41Z,2026-02-10T22:07:11Z,2026-02-10T05:41:11Z,rpt;wave1;explore
ERPBI,Aurora ERP: Reporting & Analytics,ERPBI-44,Requirements: CDS views for logistics for plant 1100 Guelph,task,Closed,done,u-emilie.kim,Émilie Kim,2,points,2026-01-23,,,,2026-01-19T00:18:20Z,2026-02-21T10:58:50Z,2026-02-20T18:22:42Z,dm;wave1;explore
ERPBI,Aurora ERP: Reporting & Analytics,ERPBI-45,RPT: build and validation,epic,Done,done,u-gustavo.pereira,Gustavo Pereira,,points,2026-02-25,2026-08-21,,,2026-01-20T12:46:29Z,2026-08-23T00:00:00Z,2026-08-23T00:00:00Z,rpt;wave1;realize
ERPBI,Aurora ERP: Reporting & Analytics,ERPBI-46,Data model: CDS views for finance for plant 1100 Guelph,task,Done,done,u-sarah.rocha,Sarah Rocha,5,points,,2026-02-14,ERPBI-1,ERPBI-42,2026-01-21T08:50:48Z,2026-02-26T01:17:06Z,2026-02-24T04:51:29Z,dm;wave1;explore
ERPBI,Aurora ERP: Reporting & Analytics,ERPBI-47,Requirements: supplier OTIF scorecard for plant 1100 Guelph,task,Done,done,u-camila.gagnon,Camila Gagnon,3,points,,2026-02-20,ERPBI-3,,2026-01-22T22:38:38Z,2026-02-21T15:48:05Z,2026-02-20T08:28:26Z,rpt;wave1;explore
ERPBI,Aurora ERP: Reporting & Analytics,ERPBI-48,Requirements: headcount and overtime report for plant 1100 Guelph,task,Done,done,u-sarah.rocha,Sarah Rocha,8,points,,,ERPBI-3,,2026-01-22T22:52:25Z,2026-02-16T00:16:15Z,2026-02-15T16:27:11Z,rpt;wave1;explore
ERPBI,Aurora ERP: Reporting & Analytics,ERPBI-49,Data model: Fiori launchpad catalogs for plant 1100 Guelph,task,To Do,todo,,,,points,,2026-02-27,ERPBI-1,ERPBI-50,2026-01-23T20:50:03Z,2026-06-07T09:31:59Z,,dm;wave1;explore
ERPBI,Aurora ERP: Reporting & Analytics,ERPBI-50,Requirements: Fiori launchpad catalogs for plant 1100 Guelph,task,Blocked,in_progress,u-sarah.rocha,Sarah Rocha,2,points,,,ERPBI-1,,2026-01-25T20:34:52Z,2026-08-19T12:01:10Z,,dm;wave1;explore
ERPBI,Aurora ERP: Reporting & Analytics,ERPBI-51,Requirements: production variance report for plant 1100 Guelph,task,Done,done,u-gustavo.nguyen,Gustavo Nguyen,13,points,,2026-02-20,ERPBI-3,ERPBI-35,2026-01-26T09:35:18Z,2026-03-02T19:21:59Z,2026-03-01T11:34:03Z,rpt;wave1;explore
ERPBI,Aurora ERP: Reporting & Analytics,ERPBI-52,Requirements: 13-week cash forecast for plant 1100 Guelph,task,Closed,done,u-gustavo.pereira,Gustavo Pereira,5,points,,2026-02-14,ERPBI-3,,2026-01-26T14:31:40Z,2026-02-24T14:30:28Z,2026-02-23T08:57:20Z,rpt;wave1;explore
ERPBI,Aurora ERP: Reporting & Analytics,ERPBI-53,Data model: supplier OTIF scorecard for plant 1100 Guelph,task,Closed,done,u-sarah.rocha,Sarah Rocha,5,points,,2026-02-20,ERPBI-3,ERPBI-47,2026-01-29T21:19:02Z,2026-02-15T23:43:17Z,2026-02-15T14:58:29Z,rpt;wave1;explore
ERPBI,Aurora ERP: Reporting & Analytics,ERPBI-54,Build: CDS views for finance,story,Done,done,u-camila.gagnon,Camila Gagnon,8,points,,2026-03-12,ERPBI-36,ERPBI-7,2026-01-31T16:55:22Z,2026-03-21T21:37:08Z,2026-03-21T00:05:12Z,dm;wave1;realize
ERPBI,Aurora ERP: Reporting & Analytics,ERPBI-55,Requirements: embedded analytics tiles for plant 1100 Guelph,task,Done,done,u-gustavo.nguyen,Gustavo Nguyen,5,points,2026-02-09,2026-02-23,ERPBI-1,,2026-02-01T00:21:39Z,2026-02-27T23:15:32Z,2026-02-27T05:45:39Z,dm;wave1;explore
ERPBI,Aurora ERP: Reporting & Analytics,ERPBI-56,Build: CDS views for logistics,story,Closed,done,u-sarah.rocha,Sarah Rocha,3,points,2026-02-20,2026-03-28,ERPBI-36,ERPBI-9,2026-02-01T15:22:35Z,2026-03-31T16:03:15Z,2026-03-30T03:11:08Z,dm;wave1;realize
ERPBI,Aurora ERP: Reporting & Analytics,ERPBI-57,Data model: CDS views for logistics for plant 1100 Guelph,task,Closed,done,u-gustavo.nguyen,Gustavo Nguyen,2,points,,2026-02-23,ERPBI-1,ERPBI-44,2026-02-01T16:01:53Z,2026-02-27T16:14:41Z,2026-02-27T16:02:40Z,dm;wave1;explore
ERPBI,Aurora ERP: Reporting & Analytics,ERPBI-58,Build: AR aging report,story,Done,done,u-emilie.lima,Émilie Lima,1,points,2026-02-25,2026-03-30,ERPBI-45,ERPBI-11,2026-02-01T20:49:40Z,2026-04-07T09:51:55Z,2026-04-07T09:06:41Z,rpt;wave1;realize
ERPBI,Aurora ERP: Reporting & Analytics,ERPBI-59,Data model: gross margin by product line for plant 1100 Guelph,task,In Progress,in_progress,u-emilie.kim,Émilie Kim,13,points,,2026-02-20,ERPBI-3,ERPBI-40,2026-02-07T05:44:13Z,2026-08-12T16:17:58Z,,rpt;wave1;explore
ERPBI,Aurora ERP: Reporting & Analytics,ERPBI-60,Build: inventory valuation report,story,Done,done,u-sarah.rocha,Sarah Rocha,8,points,,2026-04-07,ERPBI-45,ERPBI-6,2026-02-07T06:03:01Z,2026-04-04T00:56:23Z,2026-04-02T10:38:45Z,rpt;wave1;realize
ERPBI,Aurora ERP: Reporting & Analytics,ERPBI-61,Data model: embedded analytics tiles for plant 1100 Guelph,task,Closed,done,u-sarah.rocha,Sarah Rocha,2,points,,,ERPBI-1,ERPBI-55,2026-02-08T16:09:58Z,2026-03-03T16:47:08Z,2026-03-03T09:13:17Z,dm;wave1;explore
ERPBI,Aurora ERP: Reporting & Analytics,ERPBI-62,Data model: production variance report for plant 1100 Guelph,task,Closed,done,u-gustavo.pereira,Gustavo Pereira,8,points,,,ERPBI-3,ERPBI-51,2026-02-08T21:54:01Z,2026-03-03T00:42:59Z,2026-03-02T18:53:17Z,rpt;wave1;explore
ERPBI,Aurora ERP: Reporting & Analytics,ERPBI-63,Data model: 13-week cash forecast for plant 1100 Guelph,task,Closed,done,u-hannah.schmidt,Hannah Schmidt,5,points,,2026-02-20,ERPBI-3,ERPBI-52,2026-02-09T02:04:15Z,2026-02-15T15:04:48Z,2026-02-15T08:47:44Z,rpt;wave1;explore
ERPBI,Aurora ERP: Reporting & Analytics,ERPBI-64,Data model: headcount and overtime report for plant 1100 Guelph,task,In Progress,in_progress,u-sarah.rocha,Sarah Rocha,5,points,,2026-02-20,ERPBI-3,ERPBI-48,2026-02-09T21:53:40Z,2026-08-13T21:30:15Z,,rpt;wave1;explore
ERPBI,Aurora ERP: Reporting & Analytics,ERPBI-65,Data model: SAC data model for plant 1100 Guelph,task,Closed,done,u-emilie.lima,Émilie Lima,8,points,2026-03-01,,ERPBI-1,ERPBI-66,2026-02-10T00:28:22Z,2026-03-10T21:41:33Z,2026-03-10T12:29:49Z,dm;wave1;explore
ERPBI,Aurora ERP: Reporting & Analytics,ERPBI-66,Requirements: SAC data model for plant 1100 Guelph,task,Done,done,u-sarah.rocha,Sarah Rocha,8,points,2026-02-15,,ERPBI-1,,2026-02-13T10:20:10Z,2026-03-04T12:26:15Z,2026-03-02T16:43:19Z,dm;wave1;explore
ERPBI,Aurora ERP: Reporting & Analytics,ERPBI-67,Build: Fiori launchpad catalogs,story,In Progress,in_progress,u-hannah.schmidt,Hannah Schmidt,8,points,,2026-04-26,ERPBI-36,ERPBI-25,2026-02-19T14:09:47Z,2026-08-17T08:15:20Z,,dm;wave1;realize
ERPBI,Aurora ERP: Reporting & Analytics,ERPBI-68,Defect: CDS views for finance slow above 1M rows,bug,Done,done,u-hannah.schmidt,Hannah Schmidt,3,points,,2026-04-17,ERPBI-36,,2026-03-01T07:55:13Z,2026-04-21T19:49:10Z,2026-04-20T10:17:04Z,dm;wave1;defect
ERPBI,Aurora ERP: Reporting & Analytics,ERPBI-69,Validate CDS views for finance against JDE figures,task,Done,done,u-sarah.rocha,Sarah Rocha,2,points,,2026-05-03,ERPBI-36,ERPBI-54;ERPMIG-337;ERPBI-68,2026-03-06T16:44:14Z,2026-05-14T14:13:03Z,2026-05-13T05:07:40Z,dm;wave1;realize
ERPBI,Aurora ERP: Reporting & Analytics,ERPBI-70,Build: 13-week cash forecast,story,Done,done,u-sarah.rocha,Sarah Rocha,5,points,,,ERPBI-45,ERPBI-18,2026-03-07T01:52:48Z,2026-05-14T14:00:22Z,2026-05-14T01:02:14Z,rpt;wave1;realize
ERPBI,Aurora ERP: Reporting & Analytics,ERPBI-71,Build: OEE dashboard,story,Done,done,u-sarah.rocha,Sarah Rocha,5,points,,2026-04-07,ERPBI-45,ERPBI-10,2026-03-07T04:29:23Z,2026-04-11T13:17:03Z,2026-04-09T19:41:53Z,rpt;wave1;realize
ERPBI,Aurora ERP: Reporting & Analytics,ERPBI-72,Build: gross margin by product line,story,Closed,done,u-emilie.lima,Émilie Lima,13,points,2026-03-13,,ERPBI-45,ERPBI-14,2026-03-08T14:46:33Z,2026-05-04T00:36:34Z,2026-05-03T21:09:34Z,rpt;wave1;realize
ERPBI,Aurora ERP: Reporting & Analytics,ERPBI-73,Build: supplier OTIF scorecard,story,Closed,done,,,5,points,,2026-05-12,ERPBI-45,ERPBI-27,2026-03-08T17:59:19Z,2026-05-09T17:28:38Z,2026-05-08T19:37:26Z,rpt;wave1;realize
ERPBI,Aurora ERP: Reporting & Analytics,ERPBI-74,Defect: CDS views for logistics missing plant 1200,bug,Done,done,u-camila.gagnon,Camila Gagnon,5,points,2026-04-03,2026-05-15,ERPBI-36,,2026-03-10T01:35:09Z,2026-05-20T06:42:20Z,2026-05-19T17:24:25Z,dm;wave1;defect
ERPBI,Aurora ERP: Reporting & Analytics,ERPBI-75,Validate inventory valuation report against JDE figures,task,Backlog,todo,u-gustavo.nguyen,Gustavo Nguyen,3,points,,2026-05-24,ERPBI-45,ERPBI-60;ERPMIG-348,2026-03-13T16:43:14Z,2026-08-12T14:48:51Z,,rpt;wave1;realize
ERPBI,Aurora ERP: Reporting & Analytics,ERPBI-76,Build: embedded analytics tiles,story,Closed,done,u-sarah.rocha,Sarah Rocha,2,points,,2026-05-09,ERPBI-36,ERPBI-23,2026-03-14T02:42:06Z,2026-05-06T09:29:37Z,2026-05-04T17:57:35Z,dm;wave1;realize
ERPBI,Aurora ERP: Reporting & Analytics,ERPBI-77,Build: production variance report,story,Closed,done,u-emilie.lima,Émilie Lima,3,points,,2026-05-17,ERPBI-45,ERPBI-34,2026-03-24T16:30:49Z,2026-05-18T06:10:08Z,2026-05-17T22:01:52Z,rpt;wave1;realize
ERPBI,Aurora ERP: Reporting & Analytics,ERPBI-78,Validate AR aging report against JDE figures,task,Closed,done,u-sarah.rocha,Sarah Rocha,2,points,2026-03-30,2026-05-05,ERPBI-45,ERPBI-58;ERPMIG-334,2026-03-24T17:36:17Z,2026-05-09T06:30:51Z,2026-05-09T00:34:35Z,rpt;wave1;realize
ERPBI,Aurora ERP: Reporting & Analytics,ERPBI-79,Defect: OEE dashboard currency conversion date wrong,bug,Closed,done,u-sarah.rocha,Sarah Rocha,8,points,,,ERPBI-45,,2026-03-26T00:52:34Z,2026-05-23T13:37:22Z,2026-05-22T07:37:05Z,rpt;wave1;defect
ERPBI,Aurora ERP: Reporting & Analytics,ERPBI-80,Validate CDS views for logistics against JDE figures,task,Closed,done,u-emilie.kim,Émilie Kim,5,points,,2026-05-19,ERPBI-36,ERPBI-56;ERPMIG-315;ERPBI-74,2026-03-26T07:33:22Z,2026-05-16T14:38:26Z,2026-05-15T00:07:14Z,dm;wave1;realize
ERPBI,Aurora ERP: Reporting & Analytics,ERPBI-81,Validate OEE dashboard against JDE figures,task,Closed,done,u-hannah.schmidt,Hannah Schmidt,3,points,,2026-05-29,ERPBI-45,ERPBI-71;ERPMIG-332;ERPBI-79,2026-03-31T00:53:31Z,2026-05-31T17:40:38Z,2026-05-31T05:19:14Z,rpt;wave1;realize
ERPBI,Aurora ERP: Reporting & Analytics,ERPBI-82,Build: headcount and overtime report,story,Done,done,u-sarah.rocha,Sarah Rocha,13,points,,2026-06-04,ERPBI-45,ERPBI-32,2026-04-02T19:23:08Z,2026-06-06T08:56:42Z,2026-06-05T18:22:45Z,rpt;wave1;realize
ERPBI,Aurora ERP: Reporting & Analytics,ERPBI-83,Defect: Fiori launchpad catalogs currency conversion date wrong,bug,Closed,done,u-sarah.rocha,Sarah Rocha,5,points,,2026-05-29,ERPBI-36,,2026-04-07T20:41:14Z,2026-05-31T19:35:33Z,2026-05-31T06:41:54Z,dm;wave1;defect
ERPBI,Aurora ERP: Reporting & Analytics,ERPBI-84,Validate 13-week cash forecast against JDE figures,task,Closed,done,u-sarah.rocha,Sarah Rocha,8,points,2026-05-05,,ERPBI-45,ERPBI-70;ERPMIG-332,2026-04-08T02:08:13Z,2026-06-13T23:27:33Z,2026-06-12T17:34:42Z,rpt;wave1;realize
ERPBI,Aurora ERP: Reporting & Analytics,ERPBI-85,Build: SAC data model,story,Done,done,u-gustavo.nguyen,Gustavo Nguyen,2,points,2026-04-16,2026-05-23,ERPBI-36,ERPBI-19,2026-04-10T14:51:58Z,2026-05-27T22:08:05Z,2026-05-26T09:50:38Z,dm;wave1;realize
ERPBI,Aurora ERP: Reporting & Analytics,ERPBI-86,Validate Fiori launchpad catalogs against JDE figures,task,Closed,done,u-sarah.rocha,Sarah Rocha,5,points,2026-04-27,2026-06-07,ERPBI-36,ERPBI-67;ERPMIG-348;ERPBI-83,2026-04-11T11:45:35Z,2026-06-05T06:16:25Z,2026-06-03T14:37:58Z,dm;wave1;realize
ERPBI,Aurora ERP: Reporting & Analytics,ERPBI-87,Build: open PO commitment report,story,To Do,todo,u-hannah.schmidt,Hannah Schmidt,2,points,,2026-06-06,ERPBI-45,ERPBI-43,2026-04-12T11:38:54Z,2026-07-01T16:48:20Z,,rpt;wave1;realize
ERPBI,Aurora ERP: Reporting & Analytics,ERPBI-88,Validate gross margin by product line against JDE figures,task,Done,done,,,3,points,,,ERPBI-45,ERPBI-72;ERPMIG-317,2026-04-19T06:48:04Z,2026-06-13T00:55:11Z,2026-06-12T23:40:01Z,rpt;wave1;realize
ERPBI,Aurora ERP: Reporting & Analytics,ERPBI-89,Build: Power BI semantic model,story,Closed,done,u-emilie.lima,Émilie Lima,3,points,,2026-06-17,ERPBI-36,ERPBI-28,2026-04-23T21:42:22Z,2026-06-18T08:41:59Z,2026-06-17T10:58:12Z,dm;wave1;realize
ERPBI,Aurora ERP: Reporting & Analytics,ERPBI-90,Validate supplier OTIF scorecard against JDE figures,task,Done,done,,,13,points,,2026-06-25,ERPBI-45,ERPBI-73;ERPMIG-319,2026-04-24T08:39:24Z,2026-06-23T09:45:00Z,2026-06-22T15:04:45Z,rpt;wave1;realize
ERPBI,Aurora ERP: Reporting & Analytics,ERPBI-91,Validate embedded analytics tiles against JDE figures,task,Done,done,u-gustavo.pereira,Gustavo Pereira,3,points,2026-05-12,2026-07-01,ERPBI-36,ERPBI-76;ERPMIG-347,2026-05-01T03:57:56Z,2026-07-05T00:50:13Z,2026-07-03T13:14:49Z,dm;wave1;realize
ERPBI,Aurora ERP: Reporting & Analytics,ERPBI-92,Build: AR aging report for plant 1100 Guelph,story,Done,done,u-sarah.rocha,Sarah Rocha,8,points,,2026-06-26,ERPBI-45,ERPBI-37,2026-05-02T15:49:14Z,2026-06-23T20:18:19Z,2026-06-23T07:37:29Z,rpt;wave1;realize
ERPBI,Aurora ERP: Reporting & Analytics,ERPBI-93,Defect: production variance report currency conversion date wrong,bug,Done,done,u-emilie.kim,Émilie Kim,,points,2026-05-19,2026-06-22,ERPBI-45,,2026-05-04T20:54:31Z,2026-07-03T01:33:59Z,2026-07-02T05:36:07Z,rpt;wave1;defect
ERPBI,Aurora ERP: Reporting & Analytics,ERPBI-94,Validate SAC data model against JDE figures,task,Closed,done,u-sarah.rocha,Sarah Rocha,5,points,2026-05-29,2026-07-19,ERPBI-36,ERPBI-85;ERPMIG-285,2026-05-06T13:35:39Z,2026-07-26T16:24:53Z,2026-07-26T08:40:00Z,dm;wave1;realize
ERPBI,Aurora ERP: Reporting & Analytics,ERPBI-95,Build: CDS views for finance for plant 1100 Guelph,story,Closed,done,u-sarah.rocha,Sarah Rocha,3,points,,2026-07-01,ERPBI-36,ERPBI-46,2026-05-07T20:18:34Z,2026-07-05T10:17:37Z,2026-07-04T01:11:54Z,dm;wave1;realize
ERPBI,Aurora ERP: Reporting & Analytics,ERPBI-96,Validate production variance report against JDE figures,task,Closed,done,u-gustavo.nguyen,Gustavo Nguyen,2,points,,2026-07-02,ERPBI-45,ERPBI-77;ERPMIG-297;ERPBI-93,2026-05-09T04:05:42Z,2026-06-30T05:33:16Z,2026-06-28T16:06:21Z,rpt;wave1;realize
ERPBI,Aurora ERP: Reporting & Analytics,ERPBI-97,Validate headcount and overtime report against JDE figures,task,Done,done,u-sarah.rocha,Sarah Rocha,13,points,,,ERPBI-45,ERPBI-82;ERPMIG-297,2026-05-10T07:53:42Z,2026-07-20T03:39:48Z,2026-07-19T06:39:50Z,rpt;wave1;realize
ERPBI,Aurora ERP: Reporting & Analytics,ERPBI-98,Build: tax reconciliation GST/HST,story,Closed,done,u-camila.gagnon,Camila Gagnon,5,points,,2026-06-28,ERPBI-45,ERPBI-41,2026-05-10T23:43:07Z,2026-06-30T17:04:56Z,2026-06-30T16:57:30Z,rpt;wave1;realize
ERPBI,Aurora ERP: Reporting & Analytics,ERPBI-99,Build: inventory valuation report for plant 1100 Guelph,story,Done,done,u-gustavo.pereira,Gustavo Pereira,8,points,,2026-07-13,ERPBI-45,ERPBI-38,2026-05-12T17:25:47Z,2026-07-18T14:52:21Z,2026-07-17T20:17:47Z,rpt;wave1;realize
ERPBI,Aurora ERP: Reporting & Analytics,ERPBI-100,Validate Power BI semantic model against JDE figures,task,Done,done,u-gustavo.pereira,Gustavo Pereira,2,points,2026-06-16,2026-08-03,ERPBI-36,ERPBI-89;ERPMIG-273,2026-05-18T18:17:25Z,2026-08-06T23:26:23Z,2026-08-05T09:42:11Z,dm;wave1;realize
ERPBI,Aurora ERP: Reporting & Analytics,ERPBI-101,Build: CDS views for logistics for plant 1100 Guelph,story,Closed,done,u-sarah.rocha,Sarah Rocha,3,points,,2026-07-09,ERPBI-36,ERPBI-57,2026-05-21T16:54:50Z,2026-07-15T03:59:58Z,2026-07-13T14:24:56Z,dm;wave1;realize
ERPBI,Aurora ERP: Reporting & Analytics,ERPBI-102,Defect: open PO commitment report slow above 1M rows,bug,Done,done,u-camila.gagnon,Camila Gagnon,2,points,,2026-07-18,ERPBI-45,,2026-05-28T03:13:26Z,2026-07-21T21:55:01Z,2026-07-20T14:37:42Z,rpt;wave1;defect
ERPBI,Aurora ERP: Reporting & Analytics,ERPBI-103,Build: OEE dashboard for plant 1100 Guelph,story,Done,done,u-sarah.rocha,Sarah Rocha,5,points,,2026-07-25,ERPBI-45,ERPBI-39,2026-05-31T05:56:52Z,2026-07-27T04:24:23Z,2026-07-26T03:30:17Z,rpt;wave1;realize
ERPBI,Aurora ERP: Reporting & Analytics,ERPBI-104,Build: 13-week cash forecast for plant 1100 Guelph,story,Done,done,u-sarah.rocha,Sarah Rocha,2,points,,,ERPBI-45,ERPBI-63,2026-06-02T06:53:37Z,2026-08-22T03:00:56Z,2026-08-20T14:59:04Z,rpt;wave1;realize
ERPBI,Aurora ERP: Reporting & Analytics,ERPBI-105,Defect: AR aging report for plant 1100 Guelph currency conversion date wrong,bug,Closed,done,u-hannah.schmidt,Hannah Schmidt,2,points,2026-06-27,,ERPBI-45,,2026-06-02T08:04:48Z,2026-08-03T22:06:24Z,2026-08-03T16:19:43Z,rpt;wave1;defect
ERPBI,Aurora ERP: Reporting & Analytics,ERPBI-106,Validate tax reconciliation GST/HST against JDE figures,task,Done,done,u-gustavo.nguyen,Gustavo Nguyen,3,points,2026-06-25,2026-07-30,,ERPBI-98;ERPMIG-290;ERPBI-108,2026-06-04T07:01:07Z,2026-08-04T14:31:37Z,2026-08-03T20:20:35Z,rpt;wave1;realize
ERPBI,Aurora ERP: Reporting & Analytics,ERPBI-107,Validate open PO commitment report against JDE figures,task,Done,done,u-sarah.rocha,Sarah Rocha,3,points,2026-06-14,2026-07-19,ERPBI-45,ERPBI-87;ERPMIG-299;ERPBI-102,2026-06-07T07:09:53Z,2026-07-26T13:57:23Z,2026-07-25T09:42:39Z,rpt;wave1;realize
ERPBI,Aurora ERP: Reporting & Analytics,ERPBI-108,Defect: tax reconciliation GST/HST missing plant 1200,bug,Done,done,u-gustavo.pereira,Gustavo Pereira,5,points,,2026-08-01,ERPBI-45,,2026-06-11T20:45:03Z,2026-08-01T11:34:50Z,2026-08-01T04:57:05Z,rpt;wave1;defect
ERPBI,Aurora ERP: Reporting & Analytics,ERPBI-109,Validate CDS views for finance for plant 1100 Guelph against JDE figures,task,Done,done,u-gustavo.pereira,Gustavo Pereira,2,points,,2026-08-09,ERPBI-36,ERPBI-95;ERPMIG-298,2026-06-12T08:29:33Z,2026-08-13T09:21:52Z,2026-08-11T15:24:58Z,dm;wave1;realize
ERPBI,Aurora ERP: Reporting & Analytics,ERPBI-110,Build: gross margin by product line for plant 1100 Guelph,story,Closed,done,u-emilie.lima,Émilie Lima,5,points,,,ERPBI-45,ERPBI-59,2026-06-18T21:56:26Z,2026-08-04T01:53:58Z,2026-08-02T10:22:00Z,rpt;wave1;realize
ERPBI,Aurora ERP: Reporting & Analytics,ERPBI-111,Validate AR aging report for plant 1100 Guelph against JDE figures,task,Done,done,u-emilie.kim,Émilie Kim,3,points,,2026-08-15,ERPBI-45,ERPBI-92;ERPMIG-332;ERPBI-105,2026-06-24T04:43:54Z,2026-08-17T19:47:09Z,2026-08-17T05:35:43Z,rpt;wave1;realize
ERPBI,Aurora ERP: Reporting & Analytics,ERPBI-112,Validate inventory valuation report for plant 1100 Guelph against JDE figures,task,Ready,todo,,,5,points,2026-07-16,2026-08-21,ERPBI-45,ERPBI-99;ERPMIG-340,2026-06-25T22:40:21Z,2026-07-23T07:43:56Z,,rpt;wave1;realize
ERPBI,Aurora ERP: Reporting & Analytics,ERPBI-113,Build: Fiori launchpad catalogs for plant 1100 Guelph,story,Closed,done,u-sarah.rocha,Sarah Rocha,2,points,,,ERPBI-36,ERPBI-49,2026-06-27T01:31:21Z,2026-08-07T20:35:44Z,2026-08-06T07:08:39Z,dm;wave1;realize
ERPBI,Aurora ERP: Reporting & Analytics,ERPBI-114,Build: supplier OTIF scorecard for plant 1100 Guelph,story,Done,done,u-gustavo.nguyen,Gustavo Nguyen,13,points,,,ERPBI-45,ERPBI-53,2026-06-27T11:28:26Z,2026-08-10T07:11:21Z,2026-08-09T10:35:30Z,rpt;wave1;realize
ERPBI,Aurora ERP: Reporting & Analytics,ERPBI-115,Build: embedded analytics tiles for plant 1100 Guelph,story,Blocked,in_progress,u-camila.gagnon,Camila Gagnon,3,points,2026-07-09,2026-08-25,ERPBI-36,ERPBI-61,2026-06-29T21:09:43Z,2026-08-20T15:00:20Z,,dm;wave1;realize
ERPBI,Aurora ERP: Reporting & Analytics,ERPBI-116,Validate CDS views for logistics for plant 1100 Guelph against JDE figures,task,In Progress,in_progress,u-sarah.rocha,Sarah Rocha,3,points,2026-07-22,2026-08-25,ERPBI-36,ERPBI-101;ERPMIG-353,2026-07-07T15:02:32Z,2026-08-23T19:12:56Z,,dm;wave1;realize
ERPBI,Aurora ERP: Reporting & Analytics,ERPBI-117,Validate OEE dashboard for plant 1100 Guelph against JDE figures,task,In Progress,in_progress,u-sarah.rocha,Sarah Rocha,5,points,,2026-08-21,ERPBI-45,ERPBI-103;ERPMIG-314,2026-07-08T07:29:31Z,2026-08-12T18:16:27Z,,rpt;wave1;realize
ERPBI,Aurora ERP: Reporting & Analytics,ERPBI-118,Build: production variance report for plant 1100 Guelph,story,Backlog,todo,,,8,points,,2026-08-21,ERPBI-45,ERPBI-62,2026-07-14T01:27:29Z,2026-07-14T01:27:29Z,,rpt;wave1;realize
ERPBI,Aurora ERP: Reporting & Analytics,ERPBI-119,Build: SAC data model for plant 1100 Guelph,story,Blocked,in_progress,u-sarah.rocha,Sarah Rocha,13,points,2026-07-26,2026-08-25,ERPBI-36,ERPBI-65,2026-07-17T02:21:29Z,2026-08-19T17:38:49Z,,dm;wave1;realize
ERPBI,Aurora ERP: Reporting & Analytics,ERPBI-120,Validate gross margin by product line for plant 1100 Guelph against JDE figures,task,In Progress,in_progress,u-gustavo.nguyen,Gustavo Nguyen,3,points,2026-08-02,,ERPBI-45,ERPBI-110;ERPMIG-336,2026-07-19T01:05:59Z,2026-08-23T11:04:56Z,,rpt;wave1;realize
ERPBI,Aurora ERP: Reporting & Analytics,ERPBI-121,Defect: 13-week cash forecast for plant 1100 Guelph slow above 1M rows,bug,To Do,todo,,,3,points,,,ERPBI-45,,2026-07-20T08:37:41Z,2026-07-20T08:37:41Z,,rpt;wave1;defect
ERPBI,Aurora ERP: Reporting & Analytics,ERPBI-122,Validate 13-week cash forecast for plant 1100 Guelph against JDE figures,task,To Do,todo,,,3,points,2026-08-12,2026-08-21,ERPBI-45,ERPBI-104;ERPMIG-290;ERPBI-121,2026-07-25T15:29:03Z,2026-07-25T15:29:03Z,,rpt;wave1;realize
ERPBI,Aurora ERP: Reporting & Analytics,ERPBI-123,Defect: embedded analytics tiles for plant 1100 Guelph currency conversion date wrong,bug,Backlog,todo,,,3,points,2026-08-13,2026-08-25,ERPBI-36,,2026-08-03T20:58:09Z,2026-08-03T20:58:09Z,,dm;wave1;defect
ERPBI,Aurora ERP: Reporting & Analytics,ERPBI-124,Build: headcount and overtime report for plant 1100 Guelph,story,In Progress,in_progress,u-sarah.rocha,Sarah Rocha,2,points,2026-08-05,2026-08-21,ERPBI-45,ERPBI-64,2026-08-05T23:10:07Z,2026-08-12T09:16:32Z,,rpt;wave1;realize
ERPBI,Aurora ERP: Reporting & Analytics,ERPBI-125,Validate Fiori launchpad catalogs for plant 1100 Guelph against JDE figures,task,Blocked,in_progress,u-camila.gagnon,Camila Gagnon,3,points,,2026-08-25,ERPBI-36,ERPBI-113;ERPMIG-342,2026-08-06T18:52:11Z,2026-08-20T12:59:26Z,,dm;wave1;realize
ERPBI,Aurora ERP: Reporting & Analytics,ERPBI-126,Validate embedded analytics tiles for plant 1100 Guelph against JDE figures,task,Blocked,in_progress,u-emilie.kim,Émilie Kim,8,points,,2026-08-25,ERPBI-36,ERPBI-115;ERPMIG-299;ERPBI-123,2026-08-10T07:22:01Z,2026-08-13T18:08:59Z,,dm;wave1;realize
ERPBI,Aurora ERP: Reporting & Analytics,ERPBI-127,Defect: headcount and overtime report for plant 1100 Guelph currency conversion date wrong,bug,Backlog,todo,,,13,points,,2026-08-21,ERPBI-45,,2026-08-11T02:05:20Z,2026-08-14T20:12:45Z,,rpt;wave1;defect
ERPBI,Aurora ERP: Reporting & Analytics,ERPBI-128,Validate supplier OTIF scorecard for plant 1100 Guelph against JDE figures,task,Backlog,todo,u-gustavo.pereira,Gustavo Pereira,3,points,,2026-08-21,ERPBI-45,ERPBI-114;ERPMIG-290,2026-08-14T12:57:15Z,2026-08-14T12:57:15Z,,rpt;wave1;realize
ERPBI,Aurora ERP: Reporting & Analytics,ERPBI-129,Validate SAC data model for plant 1100 Guelph against JDE figures,task,To Do,todo,u-sarah.rocha,Sarah Rocha,5,points,,,ERPBI-36,ERPBI-119;ERPMIG-299,2026-08-21T12:37:17Z,2026-08-21T12:37:17Z,,dm;wave1;realize
ERPBI,Aurora ERP: Reporting & Analytics,ERPBI-130,Validate headcount and overtime report for plant 1100 Guelph against JDE figures,task,Ready,todo,,,8,points,,,ERPBI-45,ERPBI-124;ERPMIG-340;ERPBI-127,2026-08-24T07:25:42Z,2026-08-24T00:00:00Z,,rpt;wave1;realize
ERPBI,Aurora ERP: Reporting & Analytics,ERPBI-131,Validate production variance report for plant 1100 Guelph against JDE figures,task,Ready,todo,u-sarah.rocha,Sarah Rocha,2,points,2026-09-05,2026-08-21,ERPBI-45,ERPBI-118;ERPMIG-311,2026-08-24T13:04:04Z,2026-08-24T00:00:00Z,,rpt;wave1;realize
ERPBI,Aurora ERP: Reporting & Analytics,ERPBI-132,BI: go-live dashboards and hypercare KPIs,epic,To Do,todo,u-hannah.schmidt,Hannah Schmidt,,points,2026-11-02,2026-12-15,,,2026-10-01T15:13:48Z,2026-08-07T00:00:00Z,,hypercare;wave1
ERPBI,Aurora ERP: Reporting & Analytics,ERPBI-133,data quality scorecard,task,Ready,todo,u-sarah.rocha,Sarah Rocha,2,points,,,ERPBI-132,,2026-10-02T06:40:16Z,2026-08-24T00:00:00Z,,hypercare;wave1
ERPBI,Aurora ERP: Reporting & Analytics,ERPBI-134,benefits tracker baseline,task,Backlog,todo,,,3,points,,2026-12-11,ERPBI-132,,2026-10-02T06:56:46Z,2026-08-24T00:00:00Z,,hypercare;wave1
ERPBI,Aurora ERP: Reporting & Analytics,ERPBI-135,hypercare KPI dashboard,task,Backlog,todo,,,2,points,,2026-11-08,,,2026-10-02T08:00:57Z,2026-08-24T00:00:00Z,,hypercare;wave1
ERPBI,Aurora ERP: Reporting & Analytics,ERPBI-136,ticket volume report,task,To Do,todo,u-sarah.rocha,Sarah Rocha,3,points,,2026-11-20,ERPBI-132,,2026-10-02T10:47:43Z,2026-08-24T00:00:00Z,,hypercare;wave1
ERPPMO,"Aurora ERP: PMO, Change & Training",ERPPMO-1,OCM: explore phase governance,epic,Closed,done,u-nadia.singh,Nadia Singh,,points,2025-12-01,,,,2025-11-01T08:26:57Z,2026-02-22T00:00:00Z,2026-02-22T00:00:00Z,ocm;explore
ERPPMO,"Aurora ERP: PMO, Change & Training",ERPPMO-2,leadership alignment sessions (Jan 2026),story,Closed,done,u-nadia.singh,Nadia Singh,8,points,,,ERPPMO-1,,2025-11-07T11:19:01Z,2025-12-16T17:00:20Z,2025-12-15T03:19:47Z,ocm;recurring
ERPPMO,"Aurora ERP: PMO, Change & Training",ERPPMO-3,PMO: explore phase governance,epic,Done,done,,,,points,2025-11-30,,,,2025-11-09T07:21:48Z,2026-03-14T00:00:00Z,2026-03-14T00:00:00Z,pmo;explore
ERPPMO,"Aurora ERP: PMO, Change & Training",ERPPMO-4,readiness survey (Jan 2026),story,Closed,done,u-camila.pereira,Camila Pereira,8,points,2025-12-01,,,ERPPMO-10,2025-11-09T08:29:12Z,2025-12-12T18:35:33Z,2025-12-11T06:12:29Z,ocm;recurring
ERPPMO,"Aurora ERP: PMO, Change & Training",ERPPMO-5,cutover weekend logistics (Jan 2026),task,In Progress,in_progress,,,,points,2025-11-30,,,ERPPMO-150,2025-11-09T22:35:05Z,2026-08-16T11:48:07Z,,pmo;recurring
ERPPMO,"Aurora ERP: PMO, Change & Training",ERPPMO-6,training curriculum (Jan 2026),task,Backlog,todo,u-camila.pereira,Camila Pereira,,points,,,,,2025-11-10T08:45:46Z,2026-06-23T21:11:08Z,,ocm;recurring
ERPPMO,"Aurora ERP: PMO, Change & Training",ERPPMO-7,go/no-go criteria (Jan 2026),story,Done,done,u-priya.pereira,Priya Pereira,13,points,,,ERPPMO-3,,2025-11-10T21:08:26Z,2025-12-25T01:37:39Z,2025-12-23T02:29:51Z,pmo;recurring
ERPPMO,"Aurora ERP: PMO, Change & Training",ERPPMO-8,super user network (Jan 2026),story,Done,done,u-priya.pereira,Priya Pereira,3,points,,2025-12-16,ERPPMO-1,,2025-11-11T13:47:04Z,2025-12-17T23:05:05Z,2025-12-17T10:32:04Z,ocm;recurring
ERPPMO,"Aurora ERP: PMO, Change & Training",ERPPMO-9,training environment refresh (Jan 2026),task,Done,done,u-henrique.martins,Henrique Martins,3,points,,,ERPPMO-1,,2025-11-13T14:16:35Z,2025-12-18T21:36:17Z,2025-12-17T02:32:50Z,ocm;recurring
ERPPMO,"Aurora ERP: PMO, Change & Training",ERPPMO-10,SOX ITGC audit prep (Jan 2026),task,Closed,done,u-mariana.kim,Mariana Kim,5,points,,2025-12-19,ERPPMO-3,ERPPMO-229,2025-11-14T14:22:54Z,2025-12-26T10:55:06Z,2025-12-24T12:29:34Z,pmo;recurring
ERPPMO,"Aurora ERP: PMO, Change & Training",ERPPMO-11,communication plan (Jan 2026),task,Closed,done,u-mariana.kim,Mariana Kim,8,points,2025-12-01,,ERPPMO-1,,2025-11-15T13:46:38Z,2025-12-13T23:48:43Z,2025-12-13T16:30:21Z,ocm;recurring
ERPPMO,"Aurora ERP: PMO, Change & Training",ERPPMO-12,vendor invoice review (Kepler Consulting) (Jan 2026),task,Closed,done,u-mariana.kim,Mariana Kim,,points,,2025-12-14,ERPPMO-3,,2025-11-16T21:23:02Z,2025-12-13T01:16:25Z,2025-12-12T22:54:15Z,pmo;recurring
ERPPMO,"Aurora ERP: PMO, Change & Training",ERPPMO-13,RAID log update (Jan 2026),task,Closed,done,u-mariana.kim,Mariana Kim,2,points,2025-11-30,,,,2025-11-17T09:15:55Z,2025-12-19T05:05:36Z,2025-12-18T05:28:56Z,pmo;recurring
ERPPMO,"Aurora ERP: PMO, Change & Training",ERPPMO-14,budget re-forecast (Jan 2026),task,Done,done,u-henrique.martins,Henrique Martins,13,points,,2025-12-17,ERPPMO-3,,2025-11-19T07:52:22Z,2025-12-18T20:15:52Z,2025-12-17T17:34:30Z,pmo;recurring
ERPPMO,"Aurora ERP: PMO, Change & Training",ERPPMO-15,change impact assessment Plants (Jan 2026),task,Closed,done,u-mariana.kim,Mariana Kim,3,points,2025-12-01,,ERPPMO-1,,2025-11-21T15:42:58Z,2025-12-22T05:58:20Z,2025-12-20T17:47:53Z,ocm;recurring
ERPPMO,"Aurora ERP: PMO, Change & Training",ERPPMO-16,change impact assessment Finance (Jan 2026),story,Closed,done,u-camila.pereira,Camila Pereira,1,points,,2025-12-16,,,2025-11-22T14:39:51Z,2025-12-25T04:52:56Z,,ocm;recurring
ERPPMO,"Aurora ERP: PMO, Change & Training",ERPPMO-17,steering committee pack (Jan 2026),task,Closed,done,u-diego.almeida,Diego Almeida,3,points,,,ERPPMO-3,,2025-11-23T13:28:04Z,2025-12-12T00:19:08Z,2025-12-11T06:35:47Z,pmo;recurring
ERPPMO,"Aurora ERP: PMO, Change & Training",ERPPMO-18,risk register review (Jan 2026),task,Done,done,u-mariana.kim,Mariana Kim,2,points,,,ERPPMO-3,,2025-11-23T13:32:41Z,2025-12-23T10:39:35Z,2025-12-22T23:56:05Z,pmo;recurring
ERPPMO,"Aurora ERP: PMO, Change & Training",ERPPMO-19,end-user training Mississauga (Jan 2026),task,Closed,done,u-henrique.martins,Henrique Martins,2,points,,,,,2025-11-24T21:30:23Z,2025-12-25T17:46:49Z,2025-12-25T17:24:31Z,ocm;recurring
ERPPMO,"Aurora ERP: PMO, Change & Training",ERPPMO-20,hypercare staffing plan (Jan 2026),task,Done,done,u-diego.almeida,Diego Almeida,5,points,2025-11-30,,,,2025-11-25T18:49:17Z,2025-12-14T14:46:12Z,2025-12-14T04:49:53Z,pmo;recurring
ERPPMO,"Aurora ERP: PMO, Change & Training",ERPPMO-21,benefits realisation tracker (Jan 2026),story,Done,done,u-priya.pereira,Priya Pereira,3,points,2025-11-30,2025-12-19,,,2025-11-26T19:43:47Z,2025-12-27T22:09:02Z,2025-12-27T01:22:14Z,pmo;recurring
ERPPMO,"Aurora ERP: PMO, Change & Training",ERPPMO-22,end-user training Guelph (Jan 2026),task,Done,done,u-priya.pereira,Priya Pereira,2,points,,,,,2025-11-27T11:19:36Z,2025-12-18T03:19:47Z,2025-12-17T12:20:59Z,ocm;recurring
ERPPMO,"Aurora ERP: PMO, Change & Training",ERPPMO-23,end-user training Mississauga (Feb 2026),task,Closed,done,u-diego.almeida,Diego Almeida,,points,,2026-01-09,ERPPMO-1,,2025-11-29T03:23:20Z,2026-01-11T22:15:22Z,2026-01-10T19:46:16Z,ocm;recurring
ERPPMO,"Aurora ERP: PMO, Change & Training",ERPPMO-24,cutover weekend logistics (Feb 2026),task,Closed,done,u-priya.pereira,Priya Pereira,8,points,,,,,2025-12-02T00:02:54Z,2026-01-24T01:31:09Z,2026-01-24T01:02:46Z,pmo;recurring
ERPPMO,"Aurora ERP: PMO, Change & Training",ERPPMO-25,end-user training Guelph (Feb 2026),story,Closed,done,u-priya.pereira,Priya Pereira,1,points,2025-12-22,2026-01-09,ERPPMO-1,,2025-12-03T15:21:08Z,2026-01-21T09:55:06Z,2026-01-19T23:26:33Z,ocm;recurring
ERPPMO,"Aurora ERP: PMO, Change & Training",ERPPMO-26,benefits realisation tracker (Feb 2026),task,Closed,done,u-priya.pereira,Priya Pereira,5,points,,2026-01-16,ERPPMO-3,,2025-12-04T04:31:10Z,2026-01-15T07:13:27Z,2026-01-14T20:10:18Z,pmo;recurring
ERPPMO,"Aurora ERP: PMO, Change & Training",ERPPMO-27,change impact assessment Finance (Feb 2026),task,Closed,done,u-camila.pereira,Camila Pereira,2,points,2025-12-23,,ERPPMO-1,,2025-12-08T00:26:29Z,2026-01-12T16:26:23Z,2026-01-12T15:55:57Z,ocm;recurring
ERPPMO,"Aurora ERP: PMO, Change & Training",ERPPMO-28,risk register review (Feb 2026),task,Done,done,u-priya.pereira,Priya Pereira,3,points,,,,,2025-12-09T04:13:34Z,2026-01-31T10:45:30Z,2026-01-31T08:45:20Z,pmo;recurring
ERPPMO,"Aurora ERP: PMO, Change & Training",ERPPMO-29,training curriculum (Feb 2026),task,Done,done,u-nadia.singh,Nadia Singh,5,points,,2026-01-11,ERPPMO-1,,2025-12-11T22:41:20Z,2026-01-09T20:58:55Z,2026-01-08T19:24:59Z,ocm;recurring
ERPPMO,"Aurora ERP: PMO, Change & Training",ERPPMO-30,readiness survey (Feb 2026),task,Ready,todo,,,,points,,,,,2025-12-12T01:40:07Z,2026-07-11T17:22:28Z,,ocm;recurring
ERPPMO,"Aurora ERP: PMO, Change & Training",ERPPMO-31,SOX ITGC audit prep (Feb 2026),task,Closed,done,u-priya.pereira,Priya Pereira,8,points,,,ERPPMO-3,,2025-12-12T02:15:21Z,2026-01-24T12:48:41Z,2026-01-23T01:42:31Z,pmo;recurring
ERPPMO,"Aurora ERP: PMO, Change & Training",ERPPMO-32,training environment refresh (Feb 2026),task,In Progress,in_progress,u-priya.pereira,Priya Pereira,,points,,,,,2025-12-13T01:16:33Z,2026-07-24T09:16:43Z,,ocm;recurring
ERPPMO,"Aurora ERP: PMO, Change & Training",ERPPMO-33,go/no-go criteria (Feb 2026),task,Done,done,u-priya.pereira,Priya Pereira,8,points,2025-12-29,2026-01-16,,,2025-12-13T17:33:56Z,2026-01-25T16:42:51Z,2026-01-23T22:33:39Z,pmo;recurring
ERPPMO,"Aurora ERP: PMO, Change & Training",ERPPMO-34,super user network (Feb 2026),story,Closed,done,u-priya.pereira,Priya Pereira,8,points,,2026-01-09,ERPPMO-1,,2025-12-14T05:41:47Z,2026-01-16T06:47:34Z,2026-01-14T10:53:14Z,ocm;recurring
ERPPMO,"Aurora ERP: PMO, Change & Training",ERPPMO-35,RAID log update (Feb 2026),story,Done,done,u-henrique.martins,Henrique Martins,3,points,,2026-01-19,,,2025-12-15T13:27:24Z,2026-01-17T09:29:09Z,2026-01-15T11:03:45Z,pmo;recurring
ERPPMO,"Aurora ERP: PMO, Change & Training",ERPPMO-36,communication plan (Feb 2026),task,Closed,done,u-diego.almeida,Diego Almeida,8,points,,2026-01-09,ERPPMO-1,,2025-12-16T00:23:52Z,2026-01-17T02:01:55Z,2026-01-17T01:40:54Z,ocm;recurring
ERPPMO,"Aurora ERP: PMO, Change & Training",ERPPMO-37,change impact assessment Plants (Feb 2026),task,Closed,done,u-priya.pereira,Priya Pereira,8,points,,2026-01-11,,,2025-12-18T21:24:13Z,2026-01-14T20:02:34Z,2026-01-14T04:00:11Z,ocm;recurring
ERPPMO,"Aurora ERP: PMO, Change & Training",ERPPMO-38,communication plan (Mar 2026),task,Done,done,u-diego.almeida,Diego Almeida,8,points,,,ERPPMO-1,,2025-12-23T17:01:57Z,2026-02-07T01:35:30Z,2026-02-06T19:50:19Z,ocm;recurring
ERPPMO,"Aurora ERP: PMO, Change & Training",ERPPMO-39,training curriculum (Mar 2026),story,Closed,done,u-mariana.kim,Mariana Kim,2,points,,2026-02-06,,,2025-12-24T05:15:24Z,2026-02-13T12:42:14Z,2026-02-12T09:21:57Z,ocm;recurring
ERPPMO,"Aurora ERP: PMO, Change & Training",ERPPMO-40,steering committee pack (Feb 2026),task,Done,done,u-priya.pereira,Priya Pereira,3,points,,2026-01-20,ERPPMO-3,,2025-12-24T06:29:06Z,2026-01-25T10:55:09Z,2026-01-23T22:12:10Z,pmo;recurring
ERPPMO,"Aurora ERP: PMO, Change & Training",ERPPMO-41,vendor invoice review (Kepler Consulting) (Feb 2026),task,Done,done,u-gustavo.nguyen,Gustavo Nguyen,13,points,,2026-01-15,ERPPMO-3,,2025-12-24T18:58:47Z,2026-01-25T17:05:23Z,2026-01-25T09:02:52Z,pmo;recurring
ERPPMO,"Aurora ERP: PMO, Change & Training",ERPPMO-42,leadership alignment sessions (Feb 2026),task,Closed,done,u-priya.pereira,Priya Pereira,8,points,,2026-01-08,,,2025-12-25T21:23:06Z,2026-01-16T17:15:40Z,2026-01-14T19:17:15Z,ocm;recurring
ERPPMO,"Aurora ERP: PMO, Change & Training",ERPPMO-43,hypercare staffing plan (Feb 2026),task,Closed,done,,,5,points,2025-12-27,,,,2025-12-28T01:21:04Z,2026-01-16T06:57:50Z,2026-01-16T03:49:55Z,pmo;recurring
ERPPMO,"Aurora ERP: PMO, Change & Training",ERPPMO-44,readiness survey (Mar 2026),task,Closed,done,u-diego.almeida,Diego Almeida,8,points,,,ERPPMO-1,,2025-12-28T15:41:08Z,2026-02-17T00:05:52Z,2026-02-16T20:46:28Z,ocm;recurring
ERPPMO,"Aurora ERP: PMO, Change & Training",ERPPMO-45,budget re-forecast (Feb 2026),story,Done,done,u-priya.pereira,Priya Pereira,8,points,2025-12-29,,,,2025-12-29T04:24:13Z,2026-01-29T10:20:16Z,2026-01-28T16:14:13Z,pmo;recurring
ERPPMO,"Aurora ERP: PMO, Change & Training",ERPPMO-46,leadership alignment sessions (Mar 2026),story,To Do,todo,,,,points,2026-01-20,2026-02-05,ERPPMO-1,,2025-12-30T08:57:51Z,2026-06-09T19:25:56Z,,ocm;recurring
ERPPMO,"Aurora ERP: PMO, Change & Training",ERPPMO-47,super user network (Mar 2026),task,Closed,done,u-gustavo.nguyen,Gustavo Nguyen,5,points,,,ERPPMO-1,,2025-12-31T16:29:31Z,2026-02-11T03:41:29Z,2026-02-09T05:06:37Z,ocm;recurring
ERPPMO,"Aurora ERP: PMO, Change & Training",ERPPMO-48,end-user training Guelph (Mar 2026),task,To Do,todo,,,,points,,,ERPPMO-1,,2026-01-03T00:10:20Z,2026-07-01T21:15:48Z,,ocm;recurring
ERPPMO,"Aurora ERP: PMO, Change & Training",ERPPMO-49,end-user training Mississauga (Mar 2026),story,Done,done,u-nadia.singh,Nadia Singh,5,points,,,ERPPMO-1,,2026-01-03T01:11:03Z,2026-02-03T14:47:45Z,2026-02-02T11:34:35Z,ocm;recurring
ERPPMO,"Aurora ERP: PMO, Change & Training",ERPPMO-50,benefits realisation tracker (Mar 2026),task,Closed,done,u-priya.pereira,Priya Pereira,1,points,,2026-02-22,ERPPMO-3,,2026-01-04T10:45:04Z,2026-02-26T12:24:09Z,2026-02-25T21:01:52Z,pmo;recurring
ERPPMO,"Aurora ERP: PMO, Change & Training",ERPPMO-51,training environment refresh (Mar 2026),task,In Progress,in_progress,u-priya.pereira,Priya Pereira,,points,,,ERPPMO-1,,2026-01-06T06:45:43Z,2026-08-12T20:31:27Z,,ocm;recurring
ERPPMO,"Aurora ERP: PMO, Change & Training",ERPPMO-52,PMO: realize phase governance,epic,Done,done,u-diego.almeida,Diego Almeida,,points,2026-02-24,,,,2026-01-06T07:26:48Z,2026-08-14T00:00:00Z,2026-08-14T00:00:00Z,pmo;realize
ERPPMO,"Aurora ERP: PMO, Change & Training",ERPPMO-53,go/no-go criteria (Mar 2026),task,Closed,done,u-priya.pereira,Priya Pereira,5,points,,,,,2026-01-07T18:46:01Z,2026-03-07T18:24:15Z,2026-03-07T13:01:10Z,pmo;recurring
ERPPMO,"Aurora ERP: PMO, Change & Training",ERPPMO-54,change impact assessment Plants (Mar 2026),task,To Do,todo,u-nadia.singh,Nadia Singh,,points,,2026-02-04,,,2026-01-10T08:12:54Z,2026-01-10T08:12:54Z,,ocm;recurring
ERPPMO,"Aurora ERP: PMO, Change & Training",ERPPMO-55,RAID log update (Mar 2026),task,Done,done,u-priya.pereira,Priya Pereira,1,points,,,ERPPMO-3,,2026-01-13T19:20:17Z,2026-02-26T08:42:25Z,2026-02-24T15:31:09Z,pmo;recurring
ERPPMO,"Aurora ERP: PMO, Change & Training",ERPPMO-56,budget re-forecast (Mar 2026),task,Closed,done,u-priya.pereira,Priya Pereira,2,points,,,ERPPMO-3,,2026-01-15T06:12:59Z,2026-02-26T02:38:23Z,2026-02-24T23:29:31Z,pmo;recurring
ERPPMO,"Aurora ERP: PMO, Change & Training",ERPPMO-57,hypercare staffing plan (Mar 2026),task,Closed,done,u-diego.almeida,Diego Almeida,3,points,,,,,2026-01-16T23:01:02Z,2026-02-25T07:01:40Z,2026-02-23T08:32:56Z,pmo;recurring
ERPPMO,"Aurora ERP: PMO, Change & Training",ERPPMO-58,change impact assessment Finance (Mar 2026),story,Closed,done,u-priya.pereira,Priya Pereira,2,points,,,ERPPMO-1,,2026-01-17T07:20:16Z,2026-02-03T00:13:21Z,2026-02-02T07:07:28Z,ocm;recurring
ERPPMO,"Aurora ERP: PMO, Change & Training",ERPPMO-59,steering committee pack (Mar 2026),task,Done,done,u-nadia.singh,Nadia Singh,2,points,2026-02-01,,,,2026-01-22T12:32:38Z,2026-02-27T09:42:57Z,2026-02-25T18:18:10Z,pmo;recurring
ERPPMO,"Aurora ERP: PMO, Change & Training",ERPPMO-60,cutover weekend logistics (Mar 2026),task,In Review,in_progress,u-henrique.martins,Henrique Martins,,points,,,,,2026-01-22T17:15:17Z,2026-08-18T14:50:32Z,,pmo;recurring
ERPPMO,"Aurora ERP: PMO, Change & Training",ERPPMO-61,OCM: realize phase governance,epic,Done,done,u-nadia.singh,Nadia Singh,,points,2026-02-14,,,,2026-01-25T09:18:26Z,2026-08-18T00:00:00Z,2026-08-18T00:00:00Z,ocm;realize
ERPPMO,"Aurora ERP: PMO, Change & Training",ERPPMO-62,training curriculum (Apr 2026),task,Done,done,u-nadia.singh,Nadia Singh,1,points,2026-02-14,,,,2026-01-25T16:34:04Z,2026-03-21T16:27:43Z,2026-03-21T10:08:20Z,ocm;recurring
ERPPMO,"Aurora ERP: PMO, Change & Training",ERPPMO-63,change impact assessment Plants (Apr 2026),task,Done,done,u-camila.pereira,Camila Pereira,,points,,,,,2026-01-25T16:52:23Z,2026-03-20T11:20:26Z,2026-03-18T23:59:00Z,ocm;recurring
ERPPMO,"Aurora ERP: PMO, Change & Training",ERPPMO-64,end-user training Guelph (Apr 2026),task,Closed,done,u-gustavo.nguyen,Gustavo Nguyen,3,points,,,,,2026-01-25T21:08:12Z,2026-03-22T20:39:54Z,2026-03-22T04:42:51Z,ocm;recurring
ERPPMO,"Aurora ERP: PMO, Change & Training",ERPPMO-65,SOX ITGC audit prep (Mar 2026),task,Closed,done,u-diego.almeida,Diego Almeida,2,points,,,,,2026-01-26T01:56:43Z,2026-03-01T01:03:59Z,2026-02-27T13:18:34Z,pmo;recurring
ERPPMO,"Aurora ERP: PMO, Change & Training",ERPPMO-66,leadership alignment sessions (Apr 2026),task,Closed,done,u-priya.pereira,Priya Pereira,8,points,,2026-03-11,,,2026-01-26T06:37:26Z,2026-03-10T15:39:11Z,2026-03-09T06:19:44Z,ocm;recurring
ERPPMO,"Aurora ERP: PMO, Change & Training",ERPPMO-67,vendor invoice review (Kepler Consulting) (Mar 2026),task,Done,done,u-gustavo.nguyen,Gustavo Nguyen,5,points,,2026-02-24,ERPPMO-3,,2026-01-27T16:24:06Z,2026-02-26T20:33:55Z,2026-02-25T07:34:36Z,pmo;recurring
ERPPMO,"Aurora ERP: PMO, Change & Training",ERPPMO-68,communication plan (Apr 2026),task,Done,done,u-priya.pereira,Priya Pereira,13,points,2026-02-14,2026-03-15,,,2026-01-28T12:52:41Z,2026-03-19T16:53:36Z,2026-03-17T21:04:02Z,ocm;recurring
ERPPMO,"Aurora ERP: PMO, Change & Training",ERPPMO-69,super user network (Apr 2026),task,Closed,done,u-priya.pereira,Priya Pereira,,points,,2026-03-19,,,2026-02-01T13:33:08Z,2026-03-30T01:41:40Z,2026-03-29T06:58:33Z,ocm;recurring
ERPPMO,"Aurora ERP: PMO, Change & Training",ERPPMO-70,risk register review (Mar 2026),task,Ready,todo,,,,points,2026-02-02,2026-02-18,,,2026-02-02T04:19:43Z,2026-08-22T17:41:42Z,,pmo;recurring
ERPPMO,"Aurora ERP: PMO, Change & Training",ERPPMO-71,cutover weekend logistics (Apr 2026),story,Closed,done,u-priya.pereira,Priya Pereira,5,points,,,ERPPMO-52,,2026-02-03T21:11:39Z,2026-03-25T07:07:38Z,2026-03-24T09:04:59Z,pmo;recurring
ERPPMO,"Aurora ERP: PMO, Change & Training",ERPPMO-72,risk register review (Apr 2026),story,Done,done,u-gustavo.nguyen,Gustavo Nguyen,3,points,,,ERPPMO-52,,2026-02-09T11:16:00Z,2026-03-17T05:34:40Z,2026-03-15T15:37:33Z,pmo;recurring
ERPPMO,"Aurora ERP: PMO, Change & Training",ERPPMO-73,RAID log update (Apr 2026),task,Closed,done,u-priya.pereira,Priya Pereira,8,points,,,,,2026-02-09T11:39:16Z,2026-03-22T19:32:57Z,2026-03-22T00:21:28Z,pmo;recurring
ERPPMO,"Aurora ERP: PMO, Change & Training",ERPPMO-74,readiness survey (Apr 2026),task,Closed,done,,,1,points,2026-02-14,2026-03-17,ERPPMO-61,,2026-02-10T15:53:05Z,2026-03-23T21:33:32Z,2026-03-23T03:50:37Z,ocm;recurring
ERPPMO,"Aurora ERP: PMO, Change & Training",ERPPMO-75,change impact assessment Finance (Apr 2026),story,Blocked,in_progress,u-nadia.singh,Nadia Singh,,points,,2026-03-16,,,2026-02-11T15:08:06Z,2026-08-13T19:44:53Z,,ocm;recurring
ERPPMO,"Aurora ERP: PMO, Change & Training",ERPPMO-76,end-user training Mississauga (Apr 2026),task,Done,done,u-diego.almeida,Diego Almeida,1,points,2026-02-14,2026-03-10,,,2026-02-12T16:43:48Z,2026-03-18T08:10:38Z,2026-03-17T13:31:22Z,ocm;recurring
ERPPMO,"Aurora ERP: PMO, Change & Training",ERPPMO-77,training environment refresh (Apr 2026),task,Closed,done,u-priya.pereira,Priya Pereira,5,points,,,,,2026-02-13T09:30:08Z,2026-03-24T14:30:15Z,2026-03-24T10:18:52Z,ocm;recurring
ERPPMO,"Aurora ERP: PMO, Change & Training",ERPPMO-78,budget re-forecast (Apr 2026),task,In Progress,in_progress,u-henrique.martins,Henrique Martins,,points,,2026-03-19,,,2026-02-13T10:27:17Z,2026-08-19T21:20:04Z,,pmo;recurring
ERPPMO,"Aurora ERP: PMO, Change & Training",ERPPMO-79,hypercare staffing plan (Apr 2026),task,Done,done,u-nadia.singh,Nadia Singh,1,points,,,ERPPMO-52,,2026-02-17T20:47:13Z,2026-03-25T02:20:07Z,2026-03-23T14:09:37Z,pmo;recurring
ERPPMO,"Aurora ERP: PMO, Change & Training",ERPPMO-80,benefits realisation tracker (Apr 2026),task,Closed,done,u-priya.pereira,Priya Pereira,5,points,,,ERPPMO-52,,2026-02-18T11:30:22Z,2026-03-25T05:47:28Z,2026-03-24T17:30:16Z,pmo;recurring
ERPPMO,"Aurora ERP: PMO, Change & Training",ERPPMO-81,vendor invoice review (Kepler Consulting) (Apr 2026),task,Closed,done,u-diego.almeida,Diego Almeida,3,points,,2026-03-29,,ERPPMO-29,2026-02-18T15:39:37Z,2026-04-05T22:52:47Z,2026-04-05T11:48:51Z,pmo;recurring
ERPPMO,"Aurora ERP: PMO, Change & Training",ERPPMO-82,steering committee pack (Apr 2026),task,In Progress,in_progress,u-camila.pereira,Camila Pereira,,points,,,,,2026-02-19T09:39:22Z,2026-08-14T16:52:15Z,,pmo;recurring
ERPPMO,"Aurora ERP: PMO, Change & Training",ERPPMO-83,SOX ITGC audit prep (Apr 2026),task,Closed,done,u-mariana.kim,Mariana Kim,8,points,,2026-03-16,,,2026-02-20T13:25:10Z,2026-03-26T08:34:21Z,2026-03-25T11:55:43Z,pmo;recurring
ERPPMO,"Aurora ERP: PMO, Change & Training",ERPPMO-84,go/no-go criteria (Apr 2026),task,Done,done,u-priya.pereira,Priya Pereira,8,points,,2026-03-27,,ERPPMO-23,2026-02-23T10:45:37Z,2026-04-01T22:11:16Z,2026-03-31T04:44:34Z,pmo;recurring
ERPPMO,"Aurora ERP: PMO, Change & Training",ERPPMO-85,risk register review (May 2026),task,Closed,done,u-priya.pereira,Priya Pereira,8,points,2026-04-10,2026-05-22,,,2026-03-12T02:32:20Z,2026-05-30T14:41:22Z,2026-05-29T17:55:25Z,pmo;recurring
ERPPMO,"Aurora ERP: PMO, Change & Training",ERPPMO-86,change impact assessment Plants (May 2026),task,Closed,done,,,2,points,,2026-05-14,,,2026-03-12T22:12:11Z,2026-05-14T18:33:58Z,2026-05-14T03:21:50Z,ocm;recurring
ERPPMO,"Aurora ERP: PMO, Change & Training",ERPPMO-87,end-user training Guelph (May 2026),task,Closed,done,u-priya.pereira,Priya Pereira,3,points,,,,,2026-03-14T17:07:08Z,2026-05-09T05:46:36Z,2026-05-08T20:25:47Z,ocm;recurring
ERPPMO,"Aurora ERP: PMO, Change & Training",ERPPMO-88,hypercare staffing plan (May 2026),task,In Progress,in_progress,u-priya.pereira,Priya Pereira,3,points,,,,,2026-03-18T15:34:47Z,2026-08-14T13:05:44Z,,pmo;recurring
ERPPMO,"Aurora ERP: PMO, Change & Training",ERPPMO-89,vendor invoice review (Kepler Consulting) (May 2026),story,Done,done,u-gustavo.nguyen,Gustavo Nguyen,13,points,,2026-05-18,,,2026-03-20T23:26:20Z,2026-05-22T12:21:53Z,2026-05-22T10:42:57Z,pmo;recurring
ERPPMO,"Aurora ERP: PMO, Change & Training",ERPPMO-90,readiness survey (May 2026),story,Done,done,u-nadia.singh,Nadia Singh,1,points,,2026-05-08,,,2026-03-21T07:57:00Z,2026-05-10T16:04:42Z,2026-05-09T04:05:45Z,ocm;recurring
ERPPMO,"Aurora ERP: PMO, Change & Training",ERPPMO-91,communication plan (May 2026),task,Closed,done,u-nadia.singh,Nadia Singh,3,points,2026-04-05,,,,2026-03-22T05:37:19Z,2026-05-20T08:02:54Z,2026-05-18T14:10:46Z,ocm;recurring
ERPPMO,"Aurora ERP: PMO, Change & Training",ERPPMO-92,end-user training Mississauga (May 2026),story,Closed,done,u-camila.pereira,Camila Pereira,3,points,2026-04-06,2026-05-10,,ERPPMO-201,2026-03-22T07:15:03Z,2026-05-13T09:46:02Z,2026-05-11T16:28:48Z,ocm;recurring
ERPPMO,"Aurora ERP: PMO, Change & Training",ERPPMO-93,benefits realisation tracker (May 2026),task,Done,done,u-mariana.kim,Mariana Kim,5,points,,,ERPPMO-52,,2026-03-23T11:51:18Z,2026-05-17T10:27:55Z,2026-05-15T17:40:06Z,pmo;recurring
ERPPMO,"Aurora ERP: PMO, Change & Training",ERPPMO-94,RAID log update (May 2026),story,Done,done,u-diego.almeida,Diego Almeida,8,points,2026-04-14,,ERPPMO-52,,2026-03-23T19:44:14Z,2026-05-19T06:23:59Z,2026-05-17T19:10:12Z,pmo;recurring
ERPPMO,"Aurora ERP: PMO, Change & Training",ERPPMO-95,training environment refresh (May 2026),task,Closed,done,u-gustavo.nguyen,Gustavo Nguyen,5,points,,,,,2026-03-26T22:06:33Z,2026-05-05T03:02:06Z,2026-05-03T20:47:04Z,ocm;recurring
ERPPMO,"Aurora ERP: PMO, Change & Training",ERPPMO-96,training curriculum (May 2026),task,Done,done,u-henrique.martins,Henrique Martins,3,points,,,,,2026-03-29T12:43:14Z,2026-05-15T22:34:00Z,,ocm;recurring
ERPPMO,"Aurora ERP: PMO, Change & Training",ERPPMO-97,leadership alignment sessions (May 2026),task,Done,done,u-mariana.kim,Mariana Kim,5,points,,2026-05-16,,,2026-04-01T16:33:19Z,2026-05-13T13:42:23Z,2026-05-11T16:50:16Z,ocm;recurring
ERPPMO,"Aurora ERP: PMO, Change & Training",ERPPMO-98,budget re-forecast (May 2026),task,Closed,done,u-priya.pereira,Priya Pereira,13,points,2026-04-10,2026-05-18,,,2026-04-02T12:44:23Z,2026-05-16T22:25:44Z,2026-05-15T15:50:46Z,pmo;recurring
ERPPMO,"Aurora ERP: PMO, Change & Training",ERPPMO-99,super user network (May 2026),story,Closed,done,u-priya.pereira,Priya Pereira,3,points,,,,,2026-04-03T14:11:33Z,2026-05-29T04:45:44Z,,ocm;recurring
ERPPMO,"Aurora ERP: PMO, Change & Training",ERPPMO-100,change impact assessment Finance (May 2026),task,Closed,done,u-mariana.kim,Mariana Kim,8,points,,,,,2026-04-03T18:11:50Z,2026-05-20T08:24:32Z,2026-05-19T01:33:14Z,ocm;recurring
ERPPMO,"Aurora ERP: PMO, Change & Training",ERPPMO-101,steering committee pack (May 2026),task,In Progress,in_progress,u-priya.pereira,Priya Pereira,,points,,,ERPPMO-52,,2026-04-06T11:15:37Z,2026-08-20T07:18:53Z,,pmo;recurring
ERPPMO,"Aurora ERP: PMO, Change & Training",ERPPMO-102,go/no-go criteria (May 2026),task,Closed,done,u-priya.pereira,Priya Pereira,5,points,,,ERPPMO-52,,2026-04-07T08:16:01Z,2026-05-09T20:38:32Z,2026-05-08T02:02:51Z,pmo;recurring
ERPPMO,"Aurora ERP: PMO, Change & Training",ERPPMO-103,SOX ITGC audit prep (May 2026),task,Done,done,u-priya.pereira,Priya Pereira,8,points,2026-04-09,2026-05-20,,,2026-04-08T11:10:06Z,2026-05-17T20:23:03Z,2026-05-17T14:30:12Z,pmo;recurring
ERPPMO,"Aurora ERP: PMO, Change & Training",ERPPMO-104,cutover weekend logistics (May 2026),task,Closed,done,u-priya.pereira,Priya Pereira,5,points,,,ERPPMO-52,,2026-04-15T13:49:16Z,2026-05-09T07:07:15Z,2026-05-07T10:15:56Z,pmo;recurring
ERPPMO,"Aurora ERP: PMO, Change & Training",ERPPMO-105,OCM: sit phase governance,epic,In Review,in_progress,u-camila.pereira,Camila Pereira,,points,2026-07-06,,,,2026-05-22T11:42:37Z,2026-08-06T00:00:00Z,,ocm;sit
ERPPMO,"Aurora ERP: PMO, Change & Training",ERPPMO-106,PMO: sit phase governance,epic,Blocked,in_progress,u-nadia.singh,Nadia Singh,,points,2026-07-01,2026-09-30,,,2026-05-30T08:53:49Z,2026-08-24T00:00:00Z,,pmo;sit
ERPPMO,"Aurora ERP: PMO, Change & Training",ERPPMO-107,cutover weekend logistics (Jul 2026),task,Closed,done,u-mariana.kim,Mariana Kim,5,points,,2026-07-18,ERPPMO-106,,2026-06-01T18:59:06Z,2026-07-18T02:48:32Z,2026-07-17T23:29:47Z,pmo;recurring
ERPPMO,"Aurora ERP: PMO, Change & Training",ERPPMO-108,RAID log update (Jul 2026),task,To Do,todo,,,,points,,,ERPPMO-106,,2026-06-02T15:54:14Z,2026-08-17T08:15:43Z,,pmo;recurring
ERPPMO,"Aurora ERP: PMO, Change & Training",ERPPMO-109,steering committee pack (Jul 2026),story,Closed,done,u-priya.pereira,Priya Pereira,5,points,,,,,2026-06-04T07:44:11Z,2026-07-25T15:43:39Z,2026-07-24T21:16:54Z,pmo;recurring
ERPPMO,"Aurora ERP: PMO, Change & Training",ERPPMO-110,training environment refresh (Jul 2026),task,Done,done,u-henrique.martins,Henrique Martins,13,points,,,,,2026-06-06T12:47:45Z,2026-07-15T15:40:43Z,2026-07-15T05:03:46Z,ocm;recurring
ERPPMO,"Aurora ERP: PMO, Change & Training",ERPPMO-111,readiness survey (Jul 2026),task,Closed,done,u-camila.pereira,Camila Pereira,2,points,,,ERPPMO-105,,2026-06-08T15:09:41Z,2026-07-25T12:10:45Z,2026-07-25T08:57:07Z,ocm;recurring
ERPPMO,"Aurora ERP: PMO, Change & Training",ERPPMO-112,end-user training Mississauga (Jul 2026),task,Done,done,u-priya.pereira,Priya Pereira,3,points,2026-07-06,2026-07-20,,,2026-06-09T07:34:35Z,2026-07-22T15:00:59Z,2026-07-20T18:42:34Z,ocm;recurring
ERPPMO,"Aurora ERP: PMO, Change & Training",ERPPMO-113,hypercare staffing plan (Jul 2026),task,Done,done,u-gustavo.nguyen,Gustavo Nguyen,2,points,,2026-07-15,ERPPMO-106,,2026-06-09T10:55:55Z,2026-07-12T14:29:50Z,2026-07-11T03:45:10Z,pmo;recurring
ERPPMO,"Aurora ERP: PMO, Change & Training",ERPPMO-114,risk register review (Jul 2026),task,Closed,done,u-henrique.martins,Henrique Martins,3,points,,2026-07-16,ERPPMO-106,,2026-06-12T16:14:55Z,2026-07-23T23:30:04Z,2026-07-22T19:11:53Z,pmo;recurring
ERPPMO,"Aurora ERP: PMO, Change & Training",ERPPMO-115,budget re-forecast (Jul 2026),task,In Progress,in_progress,u-camila.pereira,Camila Pereira,3,points,,2026-07-12,,,2026-06-17T14:46:45Z,2026-08-15T08:10:48Z,,pmo;recurring
ERPPMO,"Aurora ERP: PMO, Change & Training",ERPPMO-116,benefits realisation tracker (Jul 2026),task,Closed,done,u-priya.pereira,Priya Pereira,5,points,,,,,2026-06-19T15:21:10Z,2026-07-20T00:51:51Z,2026-07-19T23:32:24Z,pmo;recurring
ERPPMO,"Aurora ERP: PMO, Change & Training",ERPPMO-117,vendor invoice review (Kepler Consulting) (Jul 2026),task,Closed,done,u-priya.pereira,Priya Pereira,2,points,,2026-07-15,,,2026-06-20T10:25:34Z,2026-07-12T16:36:48Z,2026-07-11T15:51:42Z,pmo;recurring
ERPPMO,"Aurora ERP: PMO, Change & Training",ERPPMO-118,change impact assessment Finance (Jul 2026),task,In Progress,in_progress,u-gustavo.nguyen,Gustavo Nguyen,,points,2026-07-06,,ERPPMO-105,ERPPMO-27,2026-06-20T17:33:28Z,2026-08-19T07:59:42Z,,ocm;recurring
ERPPMO,"Aurora ERP: PMO, Change & Training",ERPPMO-119,communication plan (Jul 2026),task,Done,done,u-priya.pereira,Priya Pereira,5,points,,2026-07-16,,,2026-06-24T20:57:06Z,2026-07-22T13:08:38Z,2026-07-22T04:50:04Z,ocm;recurring
ERPPMO,"Aurora ERP: PMO, Change & Training",ERPPMO-120,SOX ITGC audit prep (Jul 2026),task,Done,done,,,5,points,,2026-07-15,,,2026-06-28T17:14:33Z,2026-07-11T09:32:22Z,2026-07-11T07:31:42Z,pmo;recurring
ERPPMO,"Aurora ERP: PMO, Change & Training",ERPPMO-121,leadership alignment sessions (Jul 2026),task,Closed,done,u-gustavo.nguyen,Gustavo Nguyen,3,points,,2026-07-15,ERPPMO-105,,2026-06-29T13:57:52Z,2026-07-15T08:00:10Z,2026-07-15T05:31:24Z,ocm;recurring
ERPPMO,"Aurora ERP: PMO, Change & Training",ERPPMO-122,go/no-go criteria (Jul 2026),task,Done,done,u-camila.pereira,Camila Pereira,2,points,2026-07-01,,ERPPMO-106,,2026-06-30T11:50:55Z,2026-07-23T19:29:05Z,2026-07-23T00:49:59Z,pmo;recurring
ERPPMO,"Aurora ERP: PMO, Change & Training",ERPPMO-123,end-user training Guelph (Jul 2026),task,Closed,done,u-nadia.singh,Nadia Singh,5,points,,2026-07-17,,,2026-07-03T15:02:46Z,2026-07-21T05:32:56Z,2026-07-19T10:15:16Z,ocm;recurring
ERPPMO,"Aurora ERP: PMO, Change & Training",ERPPMO-124,change impact assessment Plants (Jul 2026),task,Ready,todo,,,2,points,2026-07-06,2026-07-16,ERPPMO-105,,2026-07-04T12:17:55Z,2026-07-04T12:17:55Z,2026-07-04T07:44:32Z,ocm;recurring
ERPPMO,"Aurora ERP: PMO, Change & Training",ERPPMO-125,training curriculum (Jul 2026),task,Blocked,in_progress,u-priya.pereira,Priya Pereira,5,points,,,,,2026-07-05T16:34:51Z,2026-08-12T14:20:23Z,,ocm;recurring
ERPPMO,"Aurora ERP: PMO, Change & Training",ERPPMO-126,super user network (Jul 2026),task,Blocked,in_progress,u-priya.pereira,Priya Pereira,,points,,2026-07-17,ERPPMO-105,,2026-07-06T21:28:22Z,2026-08-01T12:05:27Z,,ocm;recurring
ERPPMO,"Aurora ERP: PMO, Change & Training",ERPPMO-127,change impact assessment Plants (Jun 2026),task,Ready,todo,u-henrique.martins,Henrique Martins,3,points,2026-08-20,2026-09-05,ERPPMO-105,,2026-07-22T09:09:24Z,2026-07-22T09:09:24Z,,ocm;recurring
ERPPMO,"Aurora ERP: PMO, Change & Training",ERPPMO-128,training curriculum (Jun 2026),task,Blocked,in_progress,u-mariana.kim,Mariana Kim,2,points,,,,,2026-07-24T16:47:47Z,2026-08-14T12:30:43Z,,ocm;recurring
ERPPMO,"Aurora ERP: PMO, Change & Training",ERPPMO-129,risk register review (Jun 2026),story,In Review,in_progress,u-gustavo.nguyen,Gustavo Nguyen,8,points,,2026-09-12,ERPPMO-106,,2026-07-29T06:49:13Z,2026-08-17T14:12:31Z,,pmo;recurring
ERPPMO,"Aurora ERP: PMO, Change & Training",ERPPMO-130,leadership alignment sessions (Jun 2026),task,To Do,todo,u-priya.pereira,Priya Pereira,,points,,,ERPPMO-105,ERPPMO-177,2026-07-31T01:20:19Z,2026-07-31T01:20:19Z,,ocm;recurring
ERPPMO,"Aurora ERP: PMO, Change & Training",ERPPMO-131,cutover weekend logistics (Jun 2026),task,Ready,todo,,,,points,2026-08-27,2026-09-17,,,2026-07-31T05:35:10Z,2026-07-31T05:35:10Z,,pmo;recurring
ERPPMO,"Aurora ERP: PMO, Change & Training",ERPPMO-132,SOX ITGC audit prep (Jun 2026),story,To Do,todo,,,8,points,,2026-09-13,,,2026-08-01T04:20:51Z,2026-08-01T04:20:51Z,,pmo;recurring
ERPPMO,"Aurora ERP: PMO, Change & Training",ERPPMO-133,end-user training Mississauga (Jun 2026),task,Closed,done,u-priya.pereira,Priya Pereira,2,points,,,ERPPMO-105,,2026-08-01T07:12:01Z,2026-08-24T00:00:00Z,2026-08-24T10:29:35Z,ocm;recurring
ERPPMO,"Aurora ERP: PMO, Change & Training",ERPPMO-134,steering committee pack (Jun 2026),task,To Do,todo,,,,points,,,ERPPMO-106,,2026-08-01T14:18:26Z,2026-08-01T14:18:26Z,,pmo;recurring
ERPPMO,"Aurora ERP: PMO, Change & Training",ERPPMO-135,budget re-forecast (Jun 2026),story,To Do,todo,,,,points,,,ERPPMO-106,,2026-08-02T11:19:57Z,2026-08-02T11:19:57Z,,pmo;recurring
ERPPMO,"Aurora ERP: PMO, Change & Training",ERPPMO-136,end-user training Guelph (Jun 2026),task,Ready,todo,u-camila.pereira,Camila Pereira,3,points,,,,,2026-08-03T11:36:02Z,2026-08-03T11:36:02Z,,ocm;recurring
ERPPMO,"Aurora ERP: PMO, Change & Training",ERPPMO-137,RAID log update (Jun 2026),story,Backlog,todo,u-gustavo.nguyen,Gustavo Nguyen,,points,,,ERPPMO-106,,2026-08-06T16:54:46Z,2026-08-06T16:54:46Z,,pmo;recurring
ERPPMO,"Aurora ERP: PMO, Change & Training",ERPPMO-138,training environment refresh (Jun 2026),story,Blocked,in_progress,,,,points,,,,,2026-08-11T03:02:22Z,2026-08-21T09:32:20Z,,ocm;recurring
ERPPMO,"Aurora ERP: PMO, Change & Training",ERPPMO-139,change impact assessment Finance (Jun 2026),task,In Review,in_progress,u-priya.pereira,Priya Pereira,13,points,,,ERPPMO-105,,2026-08-11T03:57:38Z,2026-08-16T10:29:00Z,,ocm;recurring
ERPPMO,"Aurora ERP: PMO, Change & Training",ERPPMO-140,super user network (Jun 2026),task,In Progress,in_progress,,,,points,,2026-09-06,,,2026-08-11T14:16:05Z,2026-08-12T15:59:37Z,,ocm;recurring
ERPPMO,"Aurora ERP: PMO, Change & Training",ERPPMO-141,vendor invoice review (Kepler Consulting) (Jun 2026),task,Backlog,todo,u-camila.pereira,Camila Pereira,8,points,,,,,2026-08-12T04:16:35Z,2026-08-12T04:16:35Z,,pmo;recurring
ERPPMO,"Aurora ERP: PMO, Change & Training",ERPPMO-142,hypercare staffing plan (Jun 2026),task,To Do,todo,u-nadia.singh,Nadia Singh,,points,,2026-09-15,ERPPMO-106,,2026-08-13T23:09:20Z,2026-08-13T23:09:20Z,,pmo;recurring
ERPPMO,"Aurora ERP: PMO, Change & Training",ERPPMO-143,communication plan (Jun 2026),task,Done,done,u-priya.pereira,Priya Pereira,2,points,,,,,2026-08-14T02:43:11Z,2026-08-24T00:00:00Z,2026-08-24T14:30:15Z,ocm;recurring
ERPPMO,"Aurora ERP: PMO, Change & Training",ERPPMO-144,readiness survey (Jun 2026),task,In Progress,in_progress,u-camila.pereira,Camila Pereira,,points,2026-08-19,,,,2026-08-18T00:17:36Z,2026-08-18T00:17:36Z,,ocm;recurring
ERPPMO,"Aurora ERP: PMO, Change & Training",ERPPMO-145,benefits realisation tracker (Jun 2026),task,To Do,todo,,,3,points,2026-08-27,,,,2026-08-18T09:01:29Z,2026-08-18T09:01:29Z,,pmo;recurring
ERPPMO,"Aurora ERP: PMO, Change & Training",ERPPMO-146,go/no-go criteria (Jun 2026),task,Backlog,todo,,,,points,,2026-09-11,,,2026-08-24T11:22:45Z,2026-08-24T00:00:00Z,,pmo;recurring
ERPPMO,"Aurora ERP: PMO, Change & Training",ERPPMO-147,PMO: uat phase governance,epic,To Do,todo,u-mariana.kim,Mariana Kim,,points,2026-10-08,2026-10-31,,,2026-09-03T11:18:58Z,2026-08-09T00:00:00Z,,pmo;uat
ERPPMO,"Aurora ERP: PMO, Change & Training",ERPPMO-148,benefits realisation tracker (Sep 2026),task,Ready,todo,u-priya.pereira,Priya Pereira,,points,,,ERPPMO-147,,2026-09-03T18:51:03Z,2026-08-24T00:00:00Z,,pmo;recurring
ERPPMO,"Aurora ERP: PMO, Change & Training",ERPPMO-149,go/no-go criteria (Sep 2026),task,Backlog,todo,u-diego.almeida,Diego Almeida,,points,,,ERPPMO-147,,2026-09-03T20:05:02Z,2026-08-24T00:00:00Z,,pmo;recurring
ERPPMO,"Aurora ERP: PMO, Change & Training",ERPPMO-150,vendor invoice review (Kepler Consulting) (Aug 2026),task,Ready,todo,,,3,points,,,ERPPMO-147,,2026-09-03T20:48:11Z,2026-08-24T00:00:00Z,,pmo;recurring
ERPPMO,"Aurora ERP: PMO, Change & Training",ERPPMO-151,SOX ITGC audit prep (Aug 2026),task,Ready,todo,u-camila.pereira,Camila Pereira,,points,2026-10-14,2026-10-19,ERPPMO-147,,2026-09-03T22:07:16Z,2026-08-24T00:00:00Z,,pmo;recurring
ERPPMO,"Aurora ERP: PMO, Change & Training",ERPPMO-152,risk register review (Sep 2026),story,Backlog,todo,,,8,points,2026-10-21,,ERPPMO-147,,2026-09-03T22:09:36Z,2026-08-24T00:00:00Z,,pmo;recurring
ERPPMO,"Aurora ERP: PMO, Change & Training",ERPPMO-153,budget re-forecast (Sep 2026),task,Backlog,todo,,,,points,,,,,2026-09-04T00:44:53Z,2026-08-24T00:00:00Z,,pmo;recurring
ERPPMO,"Aurora ERP: PMO, Change & Training",ERPPMO-154,vendor invoice review (Kepler Consulting) (Sep 2026),task,To Do,todo,u-gustavo.nguyen,Gustavo Nguyen,,points,,2026-10-27,ERPPMO-147,,2026-09-04T01:31:21Z,2026-08-24T00:00:00Z,,pmo;recurring
ERPPMO,"Aurora ERP: PMO, Change & Training",ERPPMO-155,cutover weekend logistics (Sep 2026),story,To Do,todo,,,,points,,2026-10-27,,,2026-09-04T01:46:56Z,2026-08-24T00:00:00Z,,pmo;recurring
ERPPMO,"Aurora ERP: PMO, Change & Training",ERPPMO-156,hypercare staffing plan (Sep 2026),task,Backlog,todo,,,,points,2026-10-21,,,,2026-09-04T01:49:41Z,2026-08-24T00:00:00Z,,pmo;recurring
ERPPMO,"Aurora ERP: PMO, Change & Training",ERPPMO-157,SOX ITGC audit prep (Sep 2026),task,To Do,todo,,,,points,,,ERPPMO-147,,2026-09-04T02:34:28Z,2026-08-24T00:00:00Z,,pmo;recurring
ERPPMO,"Aurora ERP: PMO, Change & Training",ERPPMO-158,cutover weekend logistics (Aug 2026),task,Ready,todo,u-nadia.singh,Nadia Singh,3,points,2026-10-14,2026-10-19,ERPPMO-147,,2026-09-04T03:08:08Z,2026-08-24T00:00:00Z,,pmo;recurring
ERPPMO,"Aurora ERP: PMO, Change & Training",ERPPMO-159,benefits realisation tracker (Aug 2026),task,Backlog,todo,,,3,points,,2026-10-19,,,2026-09-04T03:23:44Z,2026-08-24T00:00:00Z,,pmo;recurring
ERPPMO,"Aurora ERP: PMO, Change & Training",ERPPMO-160,RAID log update (Sep 2026),task,To Do,todo,,,,points,2026-10-21,,,,2026-09-04T04:30:43Z,2026-08-24T00:00:00Z,,pmo;recurring
ERPPMO,"Aurora ERP: PMO, Change & Training",ERPPMO-161,steering committee pack (Aug 2026),task,Backlog,todo,,,,points,,2026-10-19,,,2026-09-04T05:03:33Z,2026-08-24T00:00:00Z,,pmo;recurring
ERPPMO,"Aurora ERP: PMO, Change & Training",ERPPMO-162,hypercare staffing plan (Aug 2026),task,To Do,todo,,,,points,2026-10-14,2026-10-19,,,2026-09-04T05:10:20Z,2026-08-24T00:00:00Z,,pmo;recurring
ERPPMO,"Aurora ERP: PMO, Change & Training",ERPPMO-163,RAID log update (Aug 2026),task,To Do,todo,u-gustavo.nguyen,Gustavo Nguyen,,points,2026-10-14,,,,2026-09-04T06:06:48Z,2026-08-24T00:00:00Z,,pmo;recurring
ERPPMO,"Aurora ERP: PMO, Change & Training",ERPPMO-164,go/no-go criteria (Aug 2026),task,Backlog,todo,u-nadia.singh,Nadia Singh,3,points,2026-10-14,,,,2026-09-04T06:30:48Z,2026-08-24T00:00:00Z,,pmo;recurring
ERPPMO,"Aurora ERP: PMO, Change & Training",ERPPMO-165,risk register review (Aug 2026),task,To Do,todo,,,,points,,2026-10-19,,,2026-09-04T07:02:07Z,2026-08-24T00:00:00Z,,pmo;recurring
ERPPMO,"Aurora ERP: PMO, Change & Training",ERPPMO-166,steering committee pack (Sep 2026),task,To Do,todo,,,,points,,,,,2026-09-04T07:12:56Z,2026-08-24T00:00:00Z,,pmo;recurring
ERPPMO,"Aurora ERP: PMO, Change & Training",ERPPMO-167,budget re-forecast (Aug 2026),task,To Do,todo,,,,points,2026-10-14,,ERPPMO-147,,2026-09-04T08:38:13Z,2026-08-24T00:00:00Z,,pmo;recurring
ERPPMO,"Aurora ERP: PMO, Change & Training",ERPPMO-168,OCM: uat phase governance,epic,Backlog,todo,u-camila.pereira,Camila Pereira,,points,2026-10-02,2026-11-05,,,2026-09-05T15:21:50Z,2026-08-17T00:00:00Z,,ocm;uat
ERPPMO,"Aurora ERP: PMO, Change & Training",ERPPMO-169,end-user training Guelph (Aug 2026),story,Ready,todo,,,,points,,2026-10-17,ERPPMO-168,,2026-09-05T22:58:52Z,2026-08-24T00:00:00Z,,ocm;recurring
ERPPMO,"Aurora ERP: PMO, Change & Training",ERPPMO-170,change impact assessment Plants (Aug 2026),task,To Do,todo,u-gustavo.nguyen,Gustavo Nguyen,2,points,,,ERPPMO-168,,2026-09-05T23:02:01Z,2026-08-24T00:00:00Z,,ocm;recurring
ERPPMO,"Aurora ERP: PMO, Change & Training",ERPPMO-171,change impact assessment Plants (Sep 2026),task,Ready,todo,,,2,points,,2026-10-29,ERPPMO-168,,2026-09-06T00:20:49Z,2026-08-24T00:00:00Z,,ocm;recurring
ERPPMO,"Aurora ERP: PMO, Change & Training",ERPPMO-172,super user network (Aug 2026),task,To Do,todo,,,,points,,,ERPPMO-168,,2026-09-06T00:24:06Z,2026-08-24T00:00:00Z,,ocm;recurring
ERPPMO,"Aurora ERP: PMO, Change & Training",ERPPMO-173,leadership alignment sessions (Aug 2026),task,To Do,todo,,,,points,,,ERPPMO-168,,2026-09-06T04:17:02Z,2026-08-24T00:00:00Z,,ocm;recurring
ERPPMO,"Aurora ERP: PMO, Change & Training",ERPPMO-174,change impact assessment Finance (Sep 2026),task,To Do,todo,,,,points,,2026-10-28,,,2026-09-06T04:30:05Z,2026-08-24T00:00:00Z,,ocm;recurring
ERPPMO,"Aurora ERP: PMO, Change & Training",ERPPMO-175,communication plan (Aug 2026),task,To Do,todo,,,,points,,,,,2026-09-06T04:43:23Z,2026-08-24T00:00:00Z,,ocm;recurring
ERPPMO,"Aurora ERP: PMO, Change & Training",ERPPMO-176,leadership alignment sessions (Sep 2026),task,Ready,todo,u-priya.pereira,Priya Pereira,,points,,,ERPPMO-168,,2026-09-06T04:56:48Z,2026-08-24T00:00:00Z,,ocm;recurring
ERPPMO,"Aurora ERP: PMO, Change & Training",ERPPMO-177,communication plan (Sep 2026),task,To Do,todo,,,8,points,2026-10-22,,ERPPMO-168,,2026-09-06T05:54:03Z,2026-08-24T00:00:00Z,,ocm;recurring
ERPPMO,"Aurora ERP: PMO, Change & Training",ERPPMO-178,end-user training Guelph (Sep 2026),task,To Do,todo,,,,points,2026-10-22,,,,2026-09-06T06:44:57Z,2026-08-24T00:00:00Z,,ocm;recurring
ERPPMO,"Aurora ERP: PMO, Change & Training",ERPPMO-179,training environment refresh (Aug 2026),task,Backlog,todo,,,1,points,,,ERPPMO-168,,2026-09-06T06:59:07Z,2026-08-24T00:00:00Z,,ocm;recurring
ERPPMO,"Aurora ERP: PMO, Change & Training",ERPPMO-180,super user network (Sep 2026),task,Ready,todo,,,8,points,2026-10-22,,ERPPMO-168,,2026-09-06T07:10:12Z,2026-08-24T00:00:00Z,,ocm;recurring
ERPPMO,"Aurora ERP: PMO, Change & Training",ERPPMO-181,end-user training Mississauga (Aug 2026),task,To Do,todo,,,3,points,,,,,2026-09-06T07:46:55Z,2026-08-24T00:00:00Z,,ocm;recurring
ERPPMO,"Aurora ERP: PMO, Change & Training",ERPPMO-182,change impact assessment Finance (Aug 2026),task,To Do,todo,,,,points,,,ERPPMO-168,ERPPMO-186,2026-09-06T08:12:55Z,2026-08-24T00:00:00Z,,ocm;recurring
ERPPMO,"Aurora ERP: PMO, Change & Training",ERPPMO-183,end-user training Mississauga (Sep 2026),task,Ready,todo,u-diego.almeida,Diego Almeida,,points,,,,,2026-09-06T09:11:14Z,2026-08-24T00:00:00Z,,ocm;recurring
ERPPMO,"Aurora ERP: PMO, Change & Training",ERPPMO-184,readiness survey (Aug 2026),task,Backlog,todo,u-nadia.singh,Nadia Singh,3,points,2026-10-11,,,,2026-09-06T09:44:59Z,2026-08-24T00:00:00Z,,ocm;recurring
ERPPMO,"Aurora ERP: PMO, Change & Training",ERPPMO-185,training environment refresh (Sep 2026),task,To Do,todo,u-gustavo.nguyen,Gustavo Nguyen,,points,,2026-10-30,ERPPMO-168,,2026-09-06T10:51:12Z,2026-08-24T00:00:00Z,,ocm;recurring
ERPPMO,"Aurora ERP: PMO, Change & Training",ERPPMO-186,training curriculum (Sep 2026),task,To Do,todo,,,,points,2026-10-23,,ERPPMO-168,,2026-09-06T11:16:11Z,2026-08-24T00:00:00Z,,ocm;recurring
ERPPMO,"Aurora ERP: PMO, Change & Training",ERPPMO-187,readiness survey (Sep 2026),story,To Do,todo,,,,points,,2026-10-29,,,2026-09-06T12:13:46Z,2026-08-24T00:00:00Z,,ocm;recurring
ERPPMO,"Aurora ERP: PMO, Change & Training",ERPPMO-188,training curriculum (Aug 2026),task,Backlog,todo,,,2,points,,2026-10-18,,,2026-09-06T12:27:36Z,2026-08-24T00:00:00Z,,ocm;recurring
ERPPMO,"Aurora ERP: PMO, Change & Training",ERPPMO-189,OCM: cutover phase governance,epic,Ready,todo,u-camila.pereira,Camila Pereira,,points,2026-10-14,,,,2026-09-07T16:38:17Z,2026-08-23T00:00:00Z,,ocm;cutover
ERPPMO,"Aurora ERP: PMO, Change & Training",ERPPMO-190,communication plan (Oct 2026),task,Ready,todo,u-priya.pereira,Priya Pereira,3,points,,2026-10-17,,,2026-09-08T00:36:19Z,2026-08-24T00:00:00Z,,ocm;recurring
ERPPMO,"Aurora ERP: PMO, Change & Training",ERPPMO-191,training curriculum (Oct 2026),story,Backlog,todo,u-nadia.singh,Nadia Singh,,points,,2026-10-17,ERPPMO-189,,2026-09-08T02:40:13Z,2026-08-24T00:00:00Z,,ocm;recurring
ERPPMO,"Aurora ERP: PMO, Change & Training",ERPPMO-192,change impact assessment Plants (Oct 2026),task,To Do,todo,u-camila.pereira,Camila Pereira,2,points,,,ERPPMO-189,,2026-09-08T04:10:43Z,2026-08-24T00:00:00Z,,ocm;recurring
ERPPMO,"Aurora ERP: PMO, Change & Training",ERPPMO-193,super user network (Nov 2026),task,To Do,todo,,,,points,,,,,2026-09-08T04:27:15Z,2026-08-24T00:00:00Z,,ocm;recurring
ERPPMO,"Aurora ERP: PMO, Change & Training",ERPPMO-194,change impact assessment Finance (Nov 2026),story,In Progress,in_progress,u-nadia.singh,Nadia Singh,,points,2026-10-21,2026-10-25,,,2026-09-08T04:36:50Z,2026-08-24T00:00:00Z,,ocm;recurring
ERPPMO,"Aurora ERP: PMO, Change & Training",ERPPMO-195,end-user training Guelph (Nov 2026),task,To Do,todo,,,,points,,,ERPPMO-189,,2026-09-08T05:19:44Z,2026-08-24T00:00:00Z,,ocm;recurring
ERPPMO,"Aurora ERP: PMO, Change & Training",ERPPMO-196,readiness survey (Nov 2026),task,To Do,todo,u-priya.pereira,Priya Pereira,3,points,,,ERPPMO-189,,2026-09-08T05:35:54Z,2026-08-24T00:00:00Z,,ocm;recurring
ERPPMO,"Aurora ERP: PMO, Change & Training",ERPPMO-197,end-user training Guelph (Oct 2026),task,Backlog,todo,u-priya.pereira,Priya Pereira,,points,,,,,2026-09-08T05:49:35Z,2026-08-24T00:00:00Z,,ocm;recurring
ERPPMO,"Aurora ERP: PMO, Change & Training",ERPPMO-198,end-user training Mississauga (Nov 2026),story,Ready,todo,u-diego.almeida,Diego Almeida,3,points,,,ERPPMO-189,,2026-09-08T06:52:38Z,2026-08-24T00:00:00Z,,ocm;recurring
ERPPMO,"Aurora ERP: PMO, Change & Training",ERPPMO-199,training environment refresh (Oct 2026),task,To Do,todo,u-diego.almeida,Diego Almeida,5,points,2026-10-14,,,,2026-09-08T07:03:19Z,2026-08-24T00:00:00Z,,ocm;recurring
ERPPMO,"Aurora ERP: PMO, Change & Training",ERPPMO-200,communication plan (Nov 2026),task,To Do,todo,,,,points,2026-10-20,,,,2026-09-08T07:07:15Z,2026-08-24T00:00:00Z,,ocm;recurring
ERPPMO,"Aurora ERP: PMO, Change & Training",ERPPMO-201,leadership alignment sessions (Oct 2026),task,To Do,todo,,,3,points,2026-10-14,2026-10-17,ERPPMO-189,,2026-09-08T07:56:08Z,2026-08-24T00:00:00Z,,ocm;recurring
ERPPMO,"Aurora ERP: PMO, Change & Training",ERPPMO-202,training environment refresh (Nov 2026),task,Backlog,todo,u-priya.pereira,Priya Pereira,,points,,2026-10-26,,,2026-09-08T08:16:28Z,2026-08-24T00:00:00Z,,ocm;recurring
ERPPMO,"Aurora ERP: PMO, Change & Training",ERPPMO-203,training curriculum (Nov 2026),task,To Do,todo,,,,points,,,,,2026-09-08T08:24:34Z,2026-08-24T00:00:00Z,,ocm;recurring
ERPPMO,"Aurora ERP: PMO, Change & Training",ERPPMO-204,change impact assessment Finance (Oct 2026),task,Backlog,todo,,,2,points,,2026-10-17,,,2026-09-08T09:41:55Z,2026-08-24T00:00:00Z,,ocm;recurring
ERPPMO,"Aurora ERP: PMO, Change & Training",ERPPMO-205,super user network (Oct 2026),story,Ready,todo,,,13,points,,2026-10-18,,,2026-09-08T09:52:53Z,2026-08-24T00:00:00Z,,ocm;recurring
ERPPMO,"Aurora ERP: PMO, Change & Training",ERPPMO-206,end-user training Mississauga (Oct 2026),task,To Do,todo,,,2,points,,2026-10-17,ERPPMO-189,ERPPMO-228,2026-09-08T10:44:31Z,2026-08-24T00:00:00Z,,ocm;recurring
ERPPMO,"Aurora ERP: PMO, Change & Training",ERPPMO-207,leadership alignment sessions (Nov 2026),task,To Do,todo,u-gustavo.nguyen,Gustavo Nguyen,,points,,,,,2026-09-08T10:54:55Z,2026-08-24T00:00:00Z,,ocm;recurring
ERPPMO,"Aurora ERP: PMO, Change & Training",ERPPMO-208,change impact assessment Plants (Nov 2026),story,To Do,todo,,,3,points,,2026-10-26,ERPPMO-189,,2026-09-08T10:58:39Z,2026-08-24T00:00:00Z,,ocm;recurring
ERPPMO,"Aurora ERP: PMO, Change & Training",ERPPMO-209,readiness survey (Oct 2026),task,To Do,todo,,,,points,2026-10-14,2026-10-17,ERPPMO-189,,2026-09-08T12:02:03Z,2026-08-24T00:00:00Z,,ocm;recurring
ERPPMO,"Aurora ERP: PMO, Change & Training",ERPPMO-210,PMO: cutover phase governance,epic,Backlog,todo,u-henrique.martins,Henrique Martins,,points,2026-10-14,2026-11-05,,,2026-09-23T17:57:41Z,2026-08-21T00:00:00Z,,pmo;cutover
ERPPMO,"Aurora ERP: PMO, Change & Training",ERPPMO-211,cutover weekend logistics (Nov 2026),story,To Do,todo,u-gustavo.nguyen,Gustavo Nguyen,,points,2026-10-19,2026-10-25,ERPPMO-210,,2026-09-24T02:05:58Z,2026-08-24T00:00:00Z,,pmo;recurring
ERPPMO,"Aurora ERP: PMO, Change & Training",ERPPMO-212,steering committee pack (Oct 2026),task,Backlog,todo,u-nadia.singh,Nadia Singh,,points,,,,,2026-09-24T02:49:32Z,2026-08-24T00:00:00Z,,pmo;recurring
ERPPMO,"Aurora ERP: PMO, Change & Training",ERPPMO-213,vendor invoice review (Kepler Consulting) (Oct 2026),task,Ready,todo,u-gustavo.nguyen,Gustavo Nguyen,3,points,,2026-10-18,,,2026-09-24T02:51:56Z,2026-08-24T00:00:00Z,,pmo;recurring
ERPPMO,"Aurora ERP: PMO, Change & Training",ERPPMO-214,SOX ITGC audit prep (Nov 2026),story,Ready,todo,u-gustavo.nguyen,Gustavo Nguyen,,points,2026-10-19,2026-10-24,ERPPMO-210,,2026-09-24T03:05:33Z,2026-08-24T00:00:00Z,,pmo;recurring
ERPPMO,"Aurora ERP: PMO, Change & Training",ERPPMO-215,hypercare staffing plan (Nov 2026),task,To Do,todo,,,,points,,,,,2026-09-24T08:15:27Z,2026-08-24T00:00:00Z,,pmo;recurring
ERPPMO,"Aurora ERP: PMO, Change & Training",ERPPMO-216,go/no-go criteria (Oct 2026),task,Ready,todo,u-mariana.kim,Mariana Kim,,points,2026-10-14,,,,2026-09-24T08:21:06Z,2026-08-24T00:00:00Z,,pmo;recurring
ERPPMO,"Aurora ERP: PMO, Change & Training",ERPPMO-217,go/no-go criteria (Nov 2026),task,Ready,todo,,,3,points,,,,,2026-09-24T08:30:19Z,2026-08-24T00:00:00Z,,pmo;recurring
ERPPMO,"Aurora ERP: PMO, Change & Training",ERPPMO-218,vendor invoice review (Kepler Consulting) (Nov 2026),story,Backlog,todo,,,,points,2026-10-19,,,ERPPMO-66,2026-09-24T08:31:41Z,2026-08-24T00:00:00Z,,pmo;recurring
ERPPMO,"Aurora ERP: PMO, Change & Training",ERPPMO-219,SOX ITGC audit prep (Oct 2026),task,Ready,todo,u-priya.pereira,Priya Pereira,5,points,,2026-10-17,,,2026-09-24T10:40:49Z,2026-08-24T00:00:00Z,,pmo;recurring
ERPPMO,"Aurora ERP: PMO, Change & Training",ERPPMO-220,RAID log update (Oct 2026),task,To Do,todo,u-camila.pereira,Camila Pereira,,points,,,,,2026-09-24T10:50:46Z,2026-08-24T00:00:00Z,,pmo;recurring
ERPPMO,"Aurora ERP: PMO, Change & Training",ERPPMO-221,budget re-forecast (Nov 2026),task,Backlog,todo,,,13,points,,,ERPPMO-210,,2026-09-24T10:59:51Z,2026-08-24T00:00:00Z,,pmo;recurring
ERPPMO,"Aurora ERP: PMO, Change & Training",ERPPMO-222,benefits realisation tracker (Oct 2026),task,To Do,todo,,,,points,,,,,2026-09-24T11:36:52Z,2026-08-24T00:00:00Z,,pmo;recurring
ERPPMO,"Aurora ERP: PMO, Change & Training",ERPPMO-223,cutover weekend logistics (Oct 2026),task,To Do,todo,,,,points,,,ERPPMO-210,,2026-09-24T11:42:44Z,2026-08-24T00:00:00Z,,pmo;recurring
ERPPMO,"Aurora ERP: PMO, Change & Training",ERPPMO-224,budget re-forecast (Oct 2026),task,Blocked,in_progress,u-priya.pereira,Priya Pereira,,points,,2026-10-16,,,2026-09-24T12:08:57Z,2026-08-24T00:00:00Z,,pmo;recurring
ERPPMO,"Aurora ERP: PMO, Change & Training",ERPPMO-225,hypercare staffing plan (Oct 2026),story,Ready,todo,u-priya.pereira,Priya Pereira,,points,,2026-10-16,,,2026-09-24T12:38:34Z,2026-08-24T00:00:00Z,,pmo;recurring
ERPPMO,"Aurora ERP: PMO, Change & Training",ERPPMO-226,risk register review (Oct 2026),task,To Do,todo,,,,points,,,ERPPMO-210,,2026-09-24T12:49:08Z,2026-08-24T00:00:00Z,,pmo;recurring
ERPPMO,"Aurora ERP: PMO, Change & Training",ERPPMO-227,risk register review (Nov 2026),task,To Do,todo,u-gustavo.nguyen,Gustavo Nguyen,8,points,,,ERPPMO-210,,2026-09-24T13:52:57Z,2026-08-24T00:00:00Z,,pmo;recurring
ERPPMO,"Aurora ERP: PMO, Change & Training",ERPPMO-228,RAID log update (Nov 2026),task,Backlog,todo,,,13,points,,,,,2026-09-24T13:53:36Z,2026-08-24T00:00:00Z,,pmo;recurring
ERPPMO,"Aurora ERP: PMO, Change & Training",ERPPMO-229,steering committee pack (Nov 2026),task,To Do,todo,,,,points,,2026-10-25,ERPPMO-210,,2026-09-24T14:04:42Z,2026-08-24T00:00:00Z,,pmo;recurring
ERPPMO,"Aurora ERP: PMO, Change & Training",ERPPMO-230,benefits realisation tracker (Nov 2026),task,To Do,todo,,,1,points,,2026-10-25,,,2026-09-24T14:10:33Z,2026-08-24T00:00:00Z,,pmo;recurring
ERPPMO,"Aurora ERP: PMO, Change & Training",ERPPMO-231,Wave 2: training localisation pt-BR,epic,To Do,todo,u-mariana.kim,Mariana Kim,,points,2027-03-11,,,,2027-01-22T08:05:36Z,2027-01-22T08:05:36Z,,wave2
ERPPMO,"Aurora ERP: PMO, Change & Training",ERPPMO-232,Wave 2: change strategy LATAM,epic,Backlog,todo,u-camila.pereira,Camila Pereira,,points,2027-02-28,,,,2027-01-24T19:51:34Z,2027-01-24T19:51:34Z,,wave2
